MEGFR,TipoTerminal,DDI,UnidadeFuncional,Entidade,RadioUserAlias,COD_EQUIPA,Estado,NUTSIII,Indicativo_Operacional_Radio,Ligado_Meios_v1
ESF,Portatil,1260500,"Associação dos Agricultores dos Concelhos de Abrantes, Constância, Sardoal e Mação",ESF,SF 01-16C MT,SF 01-16C,1,Médio Tejo,S_F_UM_ABRANTES,Ligado (DDI)
ESF,Portatil,1260501,Associação de Produtores Florestais do Concelho de Coruche e Limítrofes,ESF,SF 01-185 LT,SF 01-185,1,Lezíria do Tejo,S_F_UM_CORUCHE,Ligado (DDI)
ESF,Portatil,1260502,ACHAR - Associação dos Agricultores da Charneca,ESF,SF 02-185 LT,SF 02-185,1,Lezíria do Tejo,S_F_DOIS_CHAMUSCA,Ligado (DDI)
ESF,Portatil,1260503,Assembleia de Compartes dos Baldios de Alcobertas,ESF,SF 03-185 LT,SF 03-185,1,Lezíria do Tejo,S_F_TRES_RIO_MAIOR,Ligado (DDI)
ESF,Portatil,1260504,"Baldio de Valverde, Pé da Pedreira, Barreirinha e Murteira",ESF,SF 04-185 LT,SF 04-185,1,Lezíria do Tejo,S_F_QUATRO_SANTARÉM,Ligado (COD_EQUIPA)
ESF,Portatil,1260505,Município de Loures,ESF,SF 05-171 GL,SF 05-171,1,Grande Lisboa,S_F_CINCO_LOURES,Ligado (DDI)
ESF,Portatil,1260506,Município de Azambuja,ESF,SF 05-185 LT,SF 05-185,1,Lezíria do Tejo,S_F_CINCO_AZAMBUJA,NÃO ligado
ESF,Portatil,1260507,FLORZÊZERE - Associação de Desenvolvimento Florestal do Concelho de Ferreira do Zêzere,ESF,SF 08-16C MT,SF 08-16C,1,Médio Tejo,S_F_OITO_FERREIRA_DO_ZÊZERE,Ligado (DDI)
ESF,Portatil,1260509,Município de Constância,ESF,SF 09-16C MT,SF 09-16C,1,Médio Tejo,S_F_NOVE_CONSTÂNCIA,Ligado (DDI)
ESF,Portatil,1260510,Município de Alcanena,ESF,SF 11-16C MT,SF 11-16C,1,Médio Tejo,S_F_ONZE_ALCANENA,Ligado (COD_EQUIPA)
ESF,Portatil,1260511,Município de Sardoal,ESF,SF 12-16C MT,SF 12-16C,1,Médio Tejo,S_F_DOZE_SARDOAL,Ligado (DDI)
ESF,Portatil,1260512,AFLOMAÇÃO - Associação Florestal do Concelho de Mação,ESF,SF 14-16C MT,SF 14-16C,1,Médio Tejo,S_F_CATORZE_MAÇÃO,Ligado (COD_EQUIPA)
ESF,Portatil,1260513,"Tapada Nacional de Mafra, CIPRL",ESF,SF 01-171 GL,SF 01-171,1,Grande Lisboa,S_F_UM_MAFRA,Ligado (DDI)
ESF,Portatil,1260514,"Tapada Nacional de Mafra, CIPRL",ESF,SF 01-171.2 GL,SF 01-171,1,Grande Lisboa,S_F_UM_MAFRA,Ligado (COD_EQUIPA)
ESF,Portatil,1260515,Município de Mafra,ESF,SF 02-171 GL,SF 02-171,1,Grande Lisboa,S_F_DOIS_MAFRA,Ligado (DDI)
ESF,Viatura,1260516,Município de Mafra,ESF,SF 02-171.2 GL,SF 02-171,1,Grande Lisboa,S_F_DOIS_MAFRA,Ligado (DDI)
ESF,Portatil,1260517,Município de Cascais,ESF,SF 04-171 GL,SF 04-171,1,Grande Lisboa,S_F_QUATRO_CASCAIS,Ligado (DDI)
ESF,Viatura,1260518,Município de Cascais,ESF,SF 04-171.3 GL,SF 04-171,1,Grande Lisboa,S_F_QUATRO_CASCAIS,Ligado (DDI)
ESF,Portatil,1260519,Município de Loures,ESF,SF 05-171.2 GL,SF 05-171,1,Grande Lisboa,S_F_CINCO_LOURES,Ligado (COD_EQUIPA)
ESF,Portatil,1260520,Município de Sintra,ESF,SF 06-171 GL,SF 06-171,1,Grande Lisboa,S_F_SEIS_SINTRA,Ligado (DDI)
ESF,Viatura,1260521,Município de Sintra,ESF,SF 06-171.2 GL,SF 06-171,1,Grande Lisboa,S_F_SEIS_SINTRA,Ligado (DDI)
ESF,Portatil,1260522,"Baldio de Valverde, Pé da Pedreira, Barreirinha e Murteira",ESF,SF 04-185.2 LT,SF 04-185,1,Lezíria do Tejo,S_F_QUATRO_SANTARÉM,Ligado (DDI)
ESF,Portatil,1260523,Município de Azambuja,ESF,SF 05-185.2 LT,SF 05-185,1,Lezíria do Tejo,S_F_CINCO_AZAMBUJA,Ligado (DDI)
BSF,Viatura,1260524,Comunidade Intermunicipal da Lezíria do Tejo - BRIG-1-185,BSF,SF 06-185 LT,SF 06-185,1,Lezíria do Tejo,BRIGADA_UM_CIM_LEZÍRIA_DO_TEJO,Ligado (DDI)
BSF,Portatil,1260525,Comunidade Intermunicipal da Lezíria do Tejo - BRIG-1-185,BSF,SF 06-185.2 LT,SF 06-185,1,Lezíria do Tejo,BRIGADA_UM_CIM_LEZÍRIA_DO_TEJO,Ligado (DDI)
BSF,Viatura,1260526,Comunidade Intermunicipal da Lezíria do Tejo - BRIG-1-185,BSF,SF 07-185 LT,SF 07-185,1,Lezíria do Tejo,BRIGADA_UM_CIM_LEZÍRIA_DO_TEJO,Ligado (DDI)
BSF,Portatil,1260527,Comunidade Intermunicipal da Lezíria do Tejo - BRIG-1-185,BSF,SF 07-185.2 LT,SF 07-185,1,Lezíria do Tejo,BRIGADA_UM_CIM_LEZÍRIA_DO_TEJO,Ligado (DDI)
BSF,Viatura,1260528,Comunidade Intermunicipal da Lezíria do Tejo - BRIG-1-185,BSF,SF 08-185 LT,SF 08-185,1,Lezíria do Tejo,BRIGADA_UM_CIM_LEZÍRIA_DO_TEJO,Ligado (DDI)
BSF,Portatil,1260529,Comunidade Intermunicipal da Lezíria do Tejo - BRIG-1-185,BSF,SF 08-185.2 LT,SF 08-185,1,Lezíria do Tejo,BRIGADA_UM_CIM_LEZÍRIA_DO_TEJO,Ligado (DDI)
BSF,Portatil,1260530,Comunidade Intermunicipal da Lezíria do Tejo - BRIG-1-185 Tecnico1,BSF,SF BR1-185 LT,SF 06-185,1,Lezíria do Tejo,BRIGADA_UM_CIM_LEZÍRIA_DO_TEJO,Ligado (COD_EQUIPA)
ESF,Viatura,1260533,"Associação dos Agricultores dos Concelhos de Abrantes, Constância, Sardoal e Mação",ESF,SF 03-16C MT,SF 03-16C,1,Médio Tejo,S_F_TRES_ABRANTES,Ligado (DDI)
ESF,Portatil,1260534,Associação dos Agricultores dos Concelhos de Abrantes. Constância. Sardoal e Mação,ESF,SF 03-16C.2 MT,SF 03-16C,1,Médio Tejo,S_F_TRES_ABRANTES,Ligado (DDI)
ESF,Viatura,1260537,"Associação dos Agricultores dos Concelhos de Abrantes, Constância, Sardoal e Mação",ESF,SF 04-16C MT,SF 04-16C,1,Médio Tejo,S_F_QUATRO_ABRANTES,Ligado (DDI)
ESF,Portatil,1260538,Associação dos Agricultores dos Concelhos de Abrantes. Constância. Sardoal e Mação,ESF,SF 04-16C.2 MT,SF 04-16C,1,Médio Tejo,S_F_QUATRO_ABRANTES,Ligado (DDI)
ESF,Portatil,1260539,FLORZÊZERE - Associação de Desenvolvimento Florestal do Concelho de Ferreira do Zêzere,ESF,SF 07-16C MT,SF 07-16C,1,Médio Tejo,S_F_SETE_FERREIRA_DO_ZÊZERE,Ligado (DDI)
ESF,Viatura,1260540,FLORZÊZERE - Associação de Desenvolvimento Florestal do Concelho de Ferreira do Zêzere,ESF,SF 07-16C.2 MT,SF 07-16C,1,Médio Tejo,S_F_SETE_FERREIRA_DO_ZÊZERE,Ligado (DDI)
ESF,Portatil,1260541,FLORZÊZERE - Associação de Desenvolvimento Florestal do Concelho de Ferreira do Zêzere,ESF,SF 08-16C.2 MT,SF 08-16C,1,Médio Tejo,S_F_OITO_FERREIRA_DO_ZÊZERE,Ligado (COD_EQUIPA)
ESF,Portatil,1260543,Município de Constância,ESF,SF 09-16C.2 MT,SF 09-16C,1,Médio Tejo,S_F_NOVE_CONSTÂNCIA,Ligado (COD_EQUIPA)
ESF,Portatil,1260544,Município de Alcanena,ESF,SF 11-16C.2 MT,SF 11-16C,1,Médio Tejo,S_F_ONZE_ALCANENA,Ligado (DDI)
ESF,Portatil,1260545,Município de Sardoal,ESF,SF 12-16C.2 MT,SF 12-16C,1,Médio Tejo,S_F_DOZE_SARDOAL,Ligado (COD_EQUIPA)
ESF,Portatil,1260548,AFLOMAÇÃO - Associação Florestal do Concelho de Mação,ESF,SF 14-16C.2 MT,SF 14-16C,1,Médio Tejo,S_F_CATORZE_MAÇÃO,Ligado (DDI)
ESF,Portatil,1260549,AFLOMAÇÃO - Associação Florestal do Concelho de Mação,ESF,SF 15-16C MT,SF 15-16C,1,Médio Tejo,S_F_QUINZE_MAÇÃO,Ligado (DDI)
ESF,Viatura,1260550,AFLOMAÇÃO - Associação Florestal do Concelho de Mação,ESF,SF 15-16C.2 MT,SF 15-16C,1,Médio Tejo,S_F_QUINZE_MAÇÃO,Ligado (DDI)
ESF,Portatil,1260551,AFLOMAÇÃO - Associação Florestal do Concelho de Mação,ESF,SF 16-16C MT,SF 16-16C,1,Médio Tejo,S_F_DEZASSEIS_MAÇÃO,Ligado (DDI)
ESF,Viatura,1260553,"Associação dos Agricultores dos Concelhos de Abrantes, Constância, Sardoal e Mação",ESF,SF 19-16C MT,SF 19-16C,1,Médio Tejo,S_F_DEZANOVE_BARQUINHA,Ligado (DDI)
ESF,Portatil,1260554,Associação dos Agricultores dos Concelhos de Abrantes. Constância. Sardoal e Mação,ESF,SF 19-16C.2 MT,SF 19-16C,1,Médio Tejo,S_F_DEZANOVE_BARQUINHA,Ligado (DDI)
BSF,Viatura,1260555,Comunidade Intermunicipal do Médio Tejo - BRIG-1-16C,BSF,SF 20-16C MT,SF 20-16C,1,Médio Tejo,BRIGADA_UM_CIM_MÉDIO_TEJO,Ligado (DDI)
BSF,Portatil,1260556,Comunidade Intermunicipal do Médio Tejo - BRIG-1-16C,BSF,SF 20-16C.2 MT,SF 20-16C,1,Médio Tejo,BRIGADA_UM_CIM_MÉDIO_TEJO,Ligado (DDI)
BSF,Viatura,1260557,Comunidade Intermunicipal do Médio Tejo - BRIG-1-16C,BSF,SF 21-16C MT,SF 21-16C,1,Médio Tejo,BRIGADA_UM_CIM_MÉDIO_TEJO,Ligado (DDI)
BSF,Portatil,1260558,Comunidade Intermunicipal do Médio Tejo - BRIG-1-16C,BSF,SF 21-16C.2 MT,SF 21-16C,1,Médio Tejo,BRIGADA_UM_CIM_MÉDIO_TEJO,Ligado (DDI)
BSF,Viatura,1260559,Comunidade Intermunicipal do Médio Tejo - BRIG-1-16C,BSF,SF 22-16C MT,SF 22-16C,1,Médio Tejo,BRIGADA_UM_CIM_MÉDIO_TEJO,Ligado (DDI)
BSF,Portatil,1260560,Comunidade Intermunicipal do Médio Tejo - BRIG-1-16C,BSF,SF 22-16C.2 MT,SF 22-16C,1,Médio Tejo,BRIGADA_UM_CIM_MÉDIO_TEJO,Ligado (DDI)
ESF,Portatil,1260561,Freguesia de Urqueira,ESF,SF 23-16C MT,SF 23-16C,1,Médio Tejo,S_F_VINTE_E_TRES_OURÉM,Ligado (DDI)
ESF,Viatura,1260562,Freguesia de Urqueira,ESF,SF 23-16C.2 MT,SF 23-16C,1,Médio Tejo,S_F_VINTE_E_TRES_OURÉM,Ligado (DDI)
ESF,Portatil,1260563,Associação dos Agricultores dos Concelhos de Abrantes. Constância. Sardoal e Mação,ESF,SF 24-16C MT,SF 24-16C,1,Médio Tejo,S_F_VINTE_E_QUATRO_ABRANTES,Ligado (DDI)
ESF,Viatura,1260564,"Associação dos Agricultores dos Concelhos de Abrantes, Constância, Sardoal e Mação",ESF,SF 24-16C.2 MT,SF 24-16C,1,Médio Tejo,S_F_VINTE_E_QUATRO_ABRANTES,Ligado (DDI)
BSF,Portatil,1260565,Comunidade Intermunicipal do Médio Tejo - BRIG-2-16C,BSF,SF 25-16C MT,SF 25-16C,1,Médio Tejo,BRIGADA_DOIS_CIM_MÉDIO_TEJO,Ligado (DDI)
BSF,Viatura,1260566,Comunidade Intermunicipal do Médio Tejo - BRIG-2-16C,BSF,SF 25-16C.2 MT,SF 25-16C,1,Médio Tejo,BRIGADA_DOIS_CIM_MÉDIO_TEJO,Ligado (DDI)
BSF,Portatil,1260567,Comunidade Intermunicipal do Médio Tejo - BRIG-2-16C,BSF,SF 26-16C MT,SF 26-16C,1,Médio Tejo,BRIGADA_DOIS_CIM_MÉDIO_TEJO,Ligado (DDI)
BSF,Viatura,1260568,Comunidade Intermunicipal do Médio Tejo - BRIG-2-16C,BSF,SF 26-16C.2 MT,SF 26-16C,1,Médio Tejo,BRIGADA_DOIS_CIM_MÉDIO_TEJO,Ligado (DDI)
BSF,Portatil,1260569,Comunidade Intermunicipal do Médio Tejo - BRIG-2-16C,BSF,SF 27-16C MT,SF 27-16C,1,Médio Tejo,BRIGADA_DOIS_CIM_MÉDIO_TEJO,Ligado (DDI)
BSF,Viatura,1260570,Comunidade Intermunicipal do Médio Tejo - BRIG-2-16C,BSF,SF 27-16C.2 MT,SF 27-16C,1,Médio Tejo,BRIGADA_DOIS_CIM_MÉDIO_TEJO,Ligado (DDI)
ESF,Portatil,1260571,FLORZÊZERE - Associação de Desenvolvimento Florestal do Concelho de Ferreira do Zêzere,ESF,SF 28-16C MT,SF 28-16C,1,Médio Tejo,S_F_VINTE_E_OITO_FERREIRA_DO_ZÊZERE,Ligado (DDI)
ESF,Viatura,1260572,FLORZÊZERE - Associação de Desenvolvimento Florestal do Concelho de Ferreira do Zêzere,ESF,SF 28-16C.2 MT,SF 28-16C,1,Médio Tejo,S_F_VINTE_E_OITO_FERREIRA_DO_ZÊZERE,Ligado (DDI)
ESF,Portatil,1260573,Associação dos Agricultores dos Concelhos de Abrantes. Constância. Sardoal e Mação,ESF,SF 29-16C MT,SF 29-16C,1,Médio Tejo,S_F_VINTE_E_NOVE_SARDOAL,Ligado (DDI)
ESF,Viatura,1260574,"Associação dos Agricultores dos Concelhos de Abrantes, Constância, Sardoal e Mação",ESF,SF 29-16C.2 MT,SF 29-16C,1,Médio Tejo,S_F_VINTE_E_NOVE_SARDOAL,Ligado (DDI)
BSF,Portatil,1260575,Comunidade Intermunicipal do Médio Tejo - BRIG-1-16C - Tecnico 1,BSF,SF BR1-16C MT,SF 20-16C,1,Médio Tejo,BRIGADA_UM_CIM_MÉDIO_TEJO,Ligado (COD_EQUIPA)
BSF,Portatil,1260576,Comunidade Intermunicipal do Médio Tejo - BRIG-2-16C - Tecnico 2,BSF,SF BR2-16C MT,SF 25-16C,1,Médio Tejo,BRIGADA_DOIS_CIM_MÉDIO_TEJO,Ligado (COD_EQUIPA)
ESF,Viatura,1260577,Associação de Produtores Florestais do Concelho de Coruche e Limítrofes,ESF,SF 01-185.2 LT,SF 01-185,1,Lezíria do Tejo,S_F_UM_CORUCHE,Ligado (DDI)
ESF,Viatura,1260578,ACHAR - Associação dos Agricultores da Charneca,ESF,SF 02-185.2 LT,SF 02-185,1,Lezíria do Tejo,S_F_DOIS_CHAMUSCA,Ligado (DDI)
ESF,Viatura,1260579,Assembleia de Compartes dos Baldios de Alcobertas,ESF,SF 03-185.2 LT,SF 03-185,1,Lezíria do Tejo,S_F_TRES_RIO_MAIOR,Ligado (DDI)
ESF,Viatura,1260580,"Associação dos Agricultores dos Concelhos de Abrantes, Constância, Sardoal e Mação",ESF,SF 01-16C.2 MT,SF 01-16C,1,Médio Tejo,S_F_UM_ABRANTES,Ligado (DDI)
FSBF,Portatil,1260581,Comando Nacional da Força de Sapadores Bombeiros Florestais,FSBF,SF VFCI01.1 NC,FSBF VFCI01,1,NULL,NULL,Ligado (DDI)
FSBF,Portatil,1260582,Comando Nacional da Força de Sapadores Bombeiros Florestais,FSBF,SF VFCI02.1 NC,FSBF VFCI02,1,NULL,NULL,Ligado (DDI)
FSBF,Portatil,1260583,Comando Nacional da Força de Sapadores Bombeiros Florestais,FSBF,SF VFCI03.1 NC,FSBF VFCI03,1,NULL,NULL,Ligado (DDI)
FSBF,Portatil,1260584,Comando Nacional da Força de Sapadores Bombeiros Florestais,FSBF,SF VFCI04.1 NC,FSBF VFCI04,1,NULL,NULL,Ligado (DDI)
FSBF,Portatil,1260585,Comando Nacional da Força de Sapadores Bombeiros Florestais,FSBF,SF VFCI05.1 NC,FSBF VFCI05,1,NULL,NULL,Ligado (DDI)
FSBF,Viatura,1260586,Comando Nacional da Força de Sapadores Bombeiros Florestais,FSBF,SF VFCI01.2 NC,FSBF VFCI01,1,NULL,NULL,Ligado (DDI)
FSBF,Viatura,1260587,Comando Nacional da Força de Sapadores Bombeiros Florestais,FSBF,SF VFCI02.2 NC,FSBF VFCI02,1,NULL,NULL,Ligado (DDI)
FSBF,Viatura,1260588,Comando Nacional da Força de Sapadores Bombeiros Florestais,FSBF,SF VFCI03.2 NC,FSBF VFCI03,1,NULL,NULL,Ligado (DDI)
FSBF,Viatura,1260589,Comando Nacional da Força de Sapadores Bombeiros Florestais,FSBF,SF VFCI04.2 NC,FSBF VFCI04,1,NULL,NULL,Ligado (DDI)
FSBF,Viatura,1260590,Comando Nacional da Força de Sapadores Bombeiros Florestais,FSBF,SF VFCI05.2 NC,FSBF VFCI05,1,NULL,NULL,Ligado (DDI)
FSBF,Viatura,1260591,Comando Nacional da Força de Sapadores Bombeiros Florestais,FSBF,SF VLCI 03 NC,FSBF VLCI 03,1,Ave,NULL,NÃO ligado
FSBF,Viatura,1260592,Comando Nacional da Força de Sapadores Bombeiros Florestais,FSBF,SF VLCI 05 NC,FSBF VLCI 05,1,Alto Tâmega e Barroso,NULL,NÃO ligado
FSBF,Viatura,1260593,Comando Nacional da Força de Sapadores Bombeiros Florestais,FSBF,SF VLCI 06 NC,FSBF VLCI 06,1,Alto Minho,NULL,NÃO ligado
FSBF,Viatura,1260594,Comando Nacional da Força de Sapadores Bombeiros Florestais,FSBF,SF VLCI 07 NC,FSBF VLCI 07,1,Beira Baixa,NULL,NÃO ligado
FSBF,Viatura,1260595,Comando Nacional da Força de Sapadores Bombeiros Florestais,FSBF,SF VLCI 08 NC,FSBF VLCI 08,1,Beiras e Serra da estrela,NULL,NÃO ligado
FSBF,Viatura,1260596,Comando Nacional da Força de Sapadores Bombeiros Florestais,FSBF,SF VLCI 09 NC,FSBF VLCI 09,1,Beiras e Serra da Estrela,NULL,NÃO ligado
FSBF,Viatura,1260597,Comando Nacional da Força de Sapadores Bombeiros Florestais,FSBF,SF VLCI 10 NC,FSBF VLCI 10,1,Região de Leiria,NULL,NÃO ligado
FSBF,Viatura,1260598,Comando Nacional da Força de Sapadores Bombeiros Florestais,FSBF,SF VLCI 12 NC,FSBF VLCI 12,1,Lezíria do Tejo,NULL,NÃO ligado
FSBF,Viatura,1260599,Comando Nacional da Força de Sapadores Bombeiros Florestais,FSBF,SF VLCI 13 NC,FSBF VLCI 13,1,Algarve,NULL,NÃO ligado
FSBF,Viatura,1260600,Comando Nacional da Força de Sapadores Bombeiros Florestais,FSBF,SF VLCI 14 NC,FSBF VLCI 14,1,NULL,NULL,NÃO ligado
FSBF,Viatura,1260601,Comando Nacional da Força de Sapadores Bombeiros Florestais,FSBF,SF VLCI 15 NC,FSBF VLCI 15,1,Alto Alentejo,NULL,NÃO ligado
FSBF,Viatura,1260602,Comando Nacional da Força de Sapadores Bombeiros Florestais,FSBF,SF VLCI 16 NC,FSBF VLCI 16,1,NULL,NULL,NÃO ligado
FSBF,Viatura,1260603,Comando Nacional da Força de Sapadores Bombeiros Florestais,FSBF,SF VLCI 17 NC,FSBF VLCI 17,1,Alto Tâmega e Barroso,NULL,NÃO ligado
FSBF,Viatura,1260604,Comando Nacional da Força de Sapadores Bombeiros Florestais,FSBF,SF VLCI 18 NC,FSBF VLCI 18,1,Alto Alentejo,NULL,NÃO ligado
FSBF,Viatura,1260605,Comando Nacional da Força de Sapadores Bombeiros Florestais,FSBF,SF VLCI 21 NC,FSBF VLCI 21,2,NULL,NULL,NÃO ligado
FSBF,Viatura,1260606,Comando Nacional da Força de Sapadores Bombeiros Florestais,FSBF,SF VLCI 22 NC,FSBF VLCI 22,1,Lezíria do Tejo,NULL,NÃO ligado
FSBF,Portatil,1260607,Comando Nacional da Força de Sapadores Bombeiros Florestais,FSBF,SF CMDT.1 NC,FSBF CMDT,1,Grande Lisboa,NULL,NÃO ligado
FSBF,Portatil,1260609,Comando Nacional da Força de Sapadores Bombeiros Florestais,FSBF,SF 2CMDT.1 NC,FSBF 2CMD,1,Grande Lisboa,NULL,NÃO ligado
FSBF,Portatil,1260610,Comando Nacional da Força de Sapadores Bombeiros Florestais,FSBF,SF 2CMDT.2 NC,FSBF 2CMD,1,NULL,NULL,NÃO ligado
FSBF,Portatil,1260611,Comando Nacional da Força de Sapadores Bombeiros Florestais,FSBF,SF CRD N.1 NC,FSBF CRD_N,1,NULL,NULL,NÃO ligado
FSBF,Portatil,1260612,Comando Nacional da Força de Sapadores Bombeiros Florestais,FSBF,SF CRD C.1 NC,FSBF CRD_C,1,Alto Alentejo,NULL,NÃO ligado
FSBF,Portatil,1260613,Comando Nacional da Força de Sapadores Bombeiros Florestais,FSBF,SF CRD S.1 NC,FSBF CRD_S,1,Alto Alentejo,NULL,NÃO ligado
FSBF,Portatil,1260614,Comando Nacional da Força de Sapadores Bombeiros Florestais,FSBF,SF CRD N.2 NC,FSBF CRD_N,1,NULL,NULL,NÃO ligado
FSBF,Portatil,1260615,Comando Nacional da Força de Sapadores Bombeiros Florestais,FSBF,SF CRD C.2 NC,FSBF CRD_C,1,NULL,NULL,NÃO ligado
FSBF,Portatil,1260616,Comando Nacional da Força de Sapadores Bombeiros Florestais,FSBF,SF CRD S.2 NC,FSBF CRD_S,1,Alto Alentejo,NULL,NÃO ligado
FSBF,Portatil,1260617,Comando Nacional da Força de Sapadores Bombeiros Florestais,FSBF,SF CBAS1.1 NC,FSBF CBAS01,1,Ave,NULL,Ligado (DDI)
FSBF,Portatil,1260618,Comando Nacional da Força de Sapadores Bombeiros Florestais,FSBF,SF CBAS2.1 NC,FSBF CBAS02,1,Ave,NULL,Ligado (COD_EQUIPA)
FSBF,Portatil,1260619,Comando Nacional da Força de Sapadores Bombeiros Florestais,FSBF,SF CBAS3.1 NC,FSBF CBAS03,1,NULL,NULL,Ligado (DDI)
FSBF,Portatil,1260620,Comando Nacional da Força de Sapadores Bombeiros Florestais,FSBF,SF CBAS1.2 NC,FSBF CBAS01,1,NULL,NULL,Ligado (COD_EQUIPA)
FSBF,Portatil,1260621,Comando Nacional da Força de Sapadores Bombeiros Florestais,FSBF,SF CBAS2.2 NC,FSBF CBAS02,1,NULL,NULL,Ligado (DDI)
FSBF,Portatil,1260622,Comando Nacional da Força de Sapadores Bombeiros Florestais,FSBF,SF CBAS3.2 NC,FSBF CBAS03,1,NULL,NULL,Ligado (COD_EQUIPA)
FSBF,Portatil,1260623,Comando Nacional da Força de Sapadores Bombeiros Florestais,FSBF,SF CBAS1.3 NC,FSBF CBAS01,1,NULL,NULL,Ligado (COD_EQUIPA)
FSBF,Portatil,1260624,Comando Nacional da Força de Sapadores Bombeiros Florestais,FSBF,SF CBAS2.3 NC,FSBF CBAS02,1,NULL,NULL,Ligado (COD_EQUIPA)
FSBF,Portatil,1260625,Comando Nacional da Força de Sapadores Bombeiros Florestais,FSBF,SF CBAS3.3 NC,FSBF CBAS03,1,NULL,NULL,Ligado (COD_EQUIPA)
FSBF,Portatil,1260626,Comando Nacional da Força de Sapadores Bombeiros Florestais,FSBF,SF VPAG1.1 NC,FSBF VPAG01,1,Alto Tâmega e Barroso,NULL,NÃO ligado
FSBF,Portatil,1260627,Comando Nacional da Força de Sapadores Bombeiros Florestais,FSBF,SF VPAG2.1 NC,FSBF VPAG02,1,Alto Tâmega e Barroso,NULL,NÃO ligado
FSBF,Portatil,1260628,Comando Nacional da Força de Sapadores Bombeiros Florestais,FSBF,SF VPAG3.1 NC,FSBF VPAG03,1,NULL,NULL,NÃO ligado
FSBF,Portatil,1260629,Comando Nacional da Força de Sapadores Bombeiros Florestais,FSBF,SF VPAG1.2 NC,FSBF VPAG01,1,NULL,NULL,NÃO ligado
FSBF,Portatil,1260630,Comando Nacional da Força de Sapadores Bombeiros Florestais,FSBF,SF VPAG2.2 NC,FSBF VPAG02,1,NULL,NULL,NÃO ligado
FSBF,Portatil,1260631,Comando Nacional da Força de Sapadores Bombeiros Florestais,FSBF,SF VPAG3.2 NC,FSBF VPAG03,1,NULL,NULL,NÃO ligado
FSBF,Portatil,1260632,Comando Nacional da Força de Sapadores Bombeiros Florestais,FSBF,SF VPAG1.3 NC,FSBF VPAG01,1,NULL,NULL,NÃO ligado
FSBF,Portatil,1260633,Comando Nacional da Força de Sapadores Bombeiros Florestais,FSBF,SF VPAG2.3 NC,FSBF VPAG02,1,NULL,NULL,NÃO ligado
FSBF,Portatil,1260634,Comando Nacional da Força de Sapadores Bombeiros Florestais,FSBF,SF VPAG3.3 NC,FSBF VPAG03,1,NULL,NULL,NÃO ligado
FSBF,Portatil,1260635,Comando Nacional da Força de Sapadores Bombeiros Florestais,FSBF,SF GD1.1 NC,FSBF GD01,1,Beiras e Serra da Estrela,NULL,Ligado (DDI)
FSBF,Portatil,1260636,Comando Nacional da Força de Sapadores Bombeiros Florestais,FSBF,SF GD2.1 NC,FSBF GD02,1,Beiras e Serra da Estrela,NULL,Ligado (COD_EQUIPA)
FSBF,Portatil,1260637,Comando Nacional da Força de Sapadores Bombeiros Florestais,FSBF,SF GD3.1 NC,FSBF GD03,1,NULL,NULL,Ligado (DDI)
FSBF,Portatil,1260638,Comando Nacional da Força de Sapadores Bombeiros Florestais,FSBF,SF GD4.1 NC,FSBF GD04,1,NULL,NULL,Ligado (COD_EQUIPA)
FSBF,Portatil,1260639,Comando Nacional da Força de Sapadores Bombeiros Florestais,FSBF,SF GD1.2 NC,FSBF GD01,1,NULL,NULL,Ligado (COD_EQUIPA)
FSBF,Portatil,1260640,Comando Nacional da Força de Sapadores Bombeiros Florestais,FSBF,SF GD2.2 NC,FSBF GD02,1,NULL,NULL,Ligado (COD_EQUIPA)
FSBF,Portatil,1260641,Comando Nacional da Força de Sapadores Bombeiros Florestais,FSBF,SF GD3.2 NC,FSBF GD03,1,NULL,NULL,Ligado (COD_EQUIPA)
FSBF,Portatil,1260642,Comando Nacional da Força de Sapadores Bombeiros Florestais,FSBF,SF GD4.2 NC,FSBF GD04,1,NULL,NULL,Ligado (COD_EQUIPA)
FSBF,Portatil,1260643,Comando Nacional da Força de Sapadores Bombeiros Florestais,FSBF,SF GD1.3 NC,FSBF GD01,1,NULL,NULL,Ligado (COD_EQUIPA)
FSBF,Portatil,1260644,Comando Nacional da Força de Sapadores Bombeiros Florestais,FSBF,SF GD2.3 NC,FSBF GD02,1,NULL,NULL,Ligado (DDI)
FSBF,Portatil,1260645,Comando Nacional da Força de Sapadores Bombeiros Florestais,FSBF,SF GD3.3 NC,FSBF GD03,1,NULL,NULL,Ligado (COD_EQUIPA)
FSBF,Portatil,1260646,Comando Nacional da Força de Sapadores Bombeiros Florestais,FSBF,SF GD4.3 NC,FSBF GD04,1,NULL,NULL,Ligado (DDI)
FSBF,Portatil,1260647,Comando Nacional da Força de Sapadores Bombeiros Florestais,FSBF,SF PRN1.1 NC,FSBF PRN01,1,Beira Baixa,NULL,Ligado (DDI)
FSBF,Portatil,1260648,Comando Nacional da Força de Sapadores Bombeiros Florestais,FSBF,SF PRN2.1 NC,FSBF PRN02,1,NULL,NULL,Ligado (COD_EQUIPA)
FSBF,Portatil,1260649,Comando Nacional da Força de Sapadores Bombeiros Florestais,FSBF,SF PRN1.2 NC,FSBF PRN01,1,NULL,NULL,Ligado (COD_EQUIPA)
FSBF,Portatil,1260650,Comando Nacional da Força de Sapadores Bombeiros Florestais,FSBF,SF PRN2.2 NC,FSBF PRN02,1,NULL,NULL,Ligado (COD_EQUIPA)
FSBF,Portatil,1260651,Comando Nacional da Força de Sapadores Bombeiros Florestais,FSBF,SF PRN1.3 NC,FSBF PRN01,1,NULL,NULL,Ligado (COD_EQUIPA)
FSBF,Portatil,1260652,Comando Nacional da Força de Sapadores Bombeiros Florestais,FSBF,SF PRN2.3 NC,FSBF PRN02,1,NULL,NULL,Ligado (DDI)
FSBF,Portatil,1260653,Comando Nacional da Força de Sapadores Bombeiros Florestais,FSBF,SF MG 1.1 NC,FSBF MG01,1,Região de Leiria,NULL,Ligado (DDI)
FSBF,Portatil,1260654,Comando Nacional da Força de Sapadores Bombeiros Florestais,FSBF,SF MG 1.2 NC,FSBF MG01,1,NULL,NULL,Ligado (COD_EQUIPA)
FSBF,Portatil,1260655,Comando Nacional da Força de Sapadores Bombeiros Florestais,FSBF,SF MG 1.3 NC,FSBF MG01,1,NULL,NULL,Ligado (COD_EQUIPA)
FSBF,Portatil,1260656,Comando Nacional da Força de Sapadores Bombeiros Florestais,FSBF,SF STR 1.1 NC,FSBF STR01,1,Lezíria do Tejo,NULL,Ligado (DDI)
FSBF,Portatil,1260657,Comando Nacional da Força de Sapadores Bombeiros Florestais,FSBF,SF STR 1.2 NC,FSBF STR01,1,NULL,NULL,Ligado (COD_EQUIPA)
FSBF,Portatil,1260658,Comando Nacional da Força de Sapadores Bombeiros Florestais,FSBF,SF STR 1.3 NC,FSBF STR01,1,NULL,NULL,Ligado (COD_EQUIPA)
FSBF,Portatil,1260659,Comando Nacional da Força de Sapadores Bombeiros Florestais,FSBF,SF STR 2.1 NC,FSBF STR02,1,Lezíria do Tejo,NULL,Ligado (DDI)
FSBF,Portatil,1260660,Comando Nacional da Força de Sapadores Bombeiros Florestais,FSBF,SF STR 2.2 NC,FSBF STR02,1,NULL,NULL,Ligado (COD_EQUIPA)
FSBF,Portatil,1260661,Comando Nacional da Força de Sapadores Bombeiros Florestais,FSBF,SF STR 2.3 NC,FSBF STR02,1,NULL,NULL,Ligado (COD_EQUIPA)
FSBF,Portatil,1260662,Comando Nacional da Força de Sapadores Bombeiros Florestais,FSBF,SF PTG 1.1 NC,FSBF PTG01,1,Alto Alentejo,NULL,Ligado (DDI)
FSBF,Portatil,1260663,Comando Nacional da Força de Sapadores Bombeiros Florestais,FSBF,SF PTG 1.2 NC,FSBF PTG01,1,NULL,NULL,Ligado (COD_EQUIPA)
FSBF,Portatil,1260664,Comando Nacional da Força de Sapadores Bombeiros Florestais,FSBF,SF PTG 3.1 NC,FSBF PTG03,1,NULL,NULL,Ligado (COD_EQUIPA)
FSBF,Portatil,1260665,Comando Nacional da Força de Sapadores Bombeiros Florestais,FSBF,SF PTG 2.1 NC,FSBF PTG02,1,Alto Alentejo,NULL,Ligado (DDI)
FSBF,Portatil,1260666,Comando Nacional da Força de Sapadores Bombeiros Florestais,FSBF,SF PTG 2.2 NC,FSBF PTG02,1,NULL,NULL,Ligado (COD_EQUIPA)
FSBF,Portatil,1260667,Comando Nacional da Força de Sapadores Bombeiros Florestais,FSBF,SF PTG 2.3 NC,FSBF PTG02,1,NULL,NULL,Ligado (COD_EQUIPA)
FSBF,Portatil,1260668,Comando Nacional da Força de Sapadores Bombeiros Florestais,FSBF,SF PTG 1.3 NC,FSBF PTG01,1,NULL,NULL,Ligado (COD_EQUIPA)
FSBF,Portatil,1260669,Comando Nacional da Força de Sapadores Bombeiros Florestais,FSBF,SF PTG 3.2 NC,FSBF PTG03,1,NULL,NULL,Ligado (DDI)
FSBF,Portatil,1260670,Comando Nacional da Força de Sapadores Bombeiros Florestais,FSBF,SF PTG 3.3 NC,FSBF PTG03,1,NULL,NULL,Ligado (COD_EQUIPA)
FSBF,Portatil,1260671,Comando Nacional da Força de Sapadores Bombeiros Florestais,FSBF,SF PTG 4.1 NC,FSBF PTG04,1,NULL,NULL,Ligado (DDI)
FSBF,Portatil,1260672,Comando Nacional da Força de Sapadores Bombeiros Florestais,FSBF,SF PTG 4.2 NC,FSBF PTG04,1,NULL,NULL,Ligado (COD_EQUIPA)
FSBF,Portatil,1260673,Comando Nacional da Força de Sapadores Bombeiros Florestais,FSBF,SF PTG 4.3 NC,FSBF PTG04,1,NULL,NULL,Ligado (COD_EQUIPA)
FSBF,Portatil,1260674,Comando Nacional da Força de Sapadores Bombeiros Florestais,FSBF,SF LOU 1.1 NC,FSBF LOU01,1,Algarve,NULL,Ligado (COD_EQUIPA)
FSBF,Portatil,1260675,Comando Nacional da Força de Sapadores Bombeiros Florestais,FSBF,SF LOU 2.1 NC,FSBF LOU02,1,NULL,NULL,Ligado (DDI)
FSBF,Portatil,1260676,Comando Nacional da Força de Sapadores Bombeiros Florestais,FSBF,SF LOU 1.3 NC,FSBF LOU01,1,NULL,NULL,Ligado (DDI)
FSBF,Portatil,1260677,Comando Nacional da Força de Sapadores Bombeiros Florestais,FSBF,SF LOU 1.2 NC,FSBF LOU01,1,NULL,NULL,Ligado (COD_EQUIPA)
FSBF,Portatil,1260678,Comando Nacional da Força de Sapadores Bombeiros Florestais,FSBF,SF LOU 2.2 NC,FSBF LOU02,1,NULL,NULL,Ligado (COD_EQUIPA)
FSBF,Portatil,1260679,Comando Nacional da Força de Sapadores Bombeiros Florestais,FSBF,SF LOU 2.3 NC,FSBF LOU02,1,NULL,NULL,Ligado (COD_EQUIPA)
FSBF,Portatil,1260680,Comando Nacional da Força de Sapadores Bombeiros Florestais,FSBF,SF MR01 NC,MR01,1,Ave,NULL,NÃO ligado
FSBF,Portatil,1260681,Comando Nacional da Força de Sapadores Bombeiros Florestais,FSBF,SF MR02 NC,MR02,1,Alto Tâmega e Barroso,NULL,NÃO ligado
FSBF,Portatil,1260682,Comando Nacional da Força de Sapadores Bombeiros Florestais,FSBF,SF MR03 NC,MR03,1,Beiras e Serra da Estrela,NULL,NÃO ligado
FSBF,Portatil,1260683,Comando Nacional da Força de Sapadores Bombeiros Florestais,FSBF,SF MR04 NC,MR04,1,Região de Coimbra,NULL,NÃO ligado
FSBF,Portatil,1260684,Comando Nacional da Força de Sapadores Bombeiros Florestais,FSBF,SF MR05 NC,MR05,1,Beiras e Serra da Estrela,NULL,NÃO ligado
FSBF,Portatil,1260685,Comando Nacional da Força de Sapadores Bombeiros Florestais,FSBF,SF MR06 NC,MR06,1,Viseu Dão Lafões,NULL,NÃO ligado
FSBF,Portatil,1260686,Comando Nacional da Força de Sapadores Bombeiros Florestais,FSBF,SF MR07 NC,MR07,1,Lezíria do Tejo,NULL,NÃO ligado
FSBF,Portatil,1260687,Comando Nacional da Força de Sapadores Bombeiros Florestais,FSBF,SF MR08 NC,MR08,1,Alto Alentejo,NULL,NÃO ligado
FSBF,Portatil,1260688,Comando Nacional da Força de Sapadores Bombeiros Florestais,FSBF,SF MR09 NC,MR09,1,Lezíria do Tejo,NULL,NÃO ligado
FSBF,Portatil,1260689,Comando Nacional da Força de Sapadores Bombeiros Florestais,FSBF,SF MR10 NC,MR10,1,Algarve,NULL,NÃO ligado
FSBF,Portatil,1260690,Comando Nacional da Força de Sapadores Bombeiros Florestais,FSBF,SF MR11 NC,MR11,1,Algarve,NULL,NÃO ligado
FSBF,Portatil,1260691,Comando Nacional da Força de Sapadores Bombeiros Florestais,FSBF,SF MR12 NC,MR12,1,Ave,NULL,NÃO ligado
FSBF,Portatil,1260692,Comando Nacional da Força de Sapadores Bombeiros Florestais,FSBF,SF MR13 NC,MR13,1,Viseu Dão Lafões,NULL,NÃO ligado
FSBF,Portatil,1260693,Comando Nacional da Força de Sapadores Bombeiros Florestais,FSBF,SF MR14 NC,MR14,1,Beiras e Serra da Estrela,NULL,NÃO ligado
FSBF,Portatil,1260695,Comando Nacional da Força de Sapadores Bombeiros Florestais,FSBF,SF MR16 NC,MR16,1,Região de Coimbra,NULL,NÃO ligado
FSBF,Portatil,1260696,Comando Nacional da Força de Sapadores Bombeiros Florestais,FSBF,SF MR17 NC,MR17,1,Região de Coimbra,NULL,NÃO ligado
FSBF,Portatil,1260697,Comando Nacional da Força de Sapadores Bombeiros Florestais,FSBF,SF MR18 NC,MR18,1,Alentejo Central,NULL,NÃO ligado
FSBF,Portatil,1260698,Comando Nacional da Força de Sapadores Bombeiros Florestais,FSBF,SF MR19 NC,MR19,1,Alentejo Central,NULL,NÃO ligado
FSBF,Portatil,1260699,Comando Nacional da Força de Sapadores Bombeiros Florestais,FSBF,SF MR20 NC,MR20,1,Lezíria do Tejo,NULL,NÃO ligado
FSBF,Portatil,1260700,Comando Nacional da Força de Sapadores Bombeiros Florestais,FSBF,SF MR21 NC,MR21,1,Região de Leiria,NULL,NÃO ligado
FSBF,Portatil,1260701,Comando Nacional da Força de Sapadores Bombeiros Florestais,FSBF,SF MR22 NC,MR22,1,Terras de Trás-os-Montes,NULL,NÃO ligado
FSBF,Viatura,1260702,Comando Nacional da Força de Sapadores Bombeiros Florestais,FSBF,SF PM01 NC,FSBF PM01,1,NULL,NULL,NÃO ligado
FSBF,Viatura,1260703,Comando Nacional da Força de Sapadores Bombeiros Florestais,FSBF,SF PM02 NC,FSBF PM02,1,NULL,NULL,NÃO ligado
FSBF,Viatura,1260704,Comando Nacional da Força de Sapadores Bombeiros Florestais,FSBF,SF PM03 NC,FSBF PM03,1,NULL,NULL,NÃO ligado
VN,Viatura,1260705,Parque Natural Serra Aires e Candeeiros,VN,SF 3VN05 LT,SF 3VN05,1,Lezíria do Tejo,NULL,Ligado (DDI)
VN,Portatil,1260706,Parque Natural Serra Aires e Candeeiros,VN,SF 3VN04 LT,SF 3VN04,1,Lezíria do Tejo,NULL,Ligado (DDI)
VN,Portatil,1260707,Parque Natural Serra Aires e Candeeiros,VN,SF 3VN06 LT,SF 3VN06,1,Lezíria do Tejo,NULL,Ligado (DDI)
VN,Viatura,1260708,Parque Natural Sintra Cascais,VN,SF 3VN01 GL,SF 3VN01,1,Grande Lisboa,NULL,Ligado (DDI)
VN,Portatil,1260709,Parque Natural da Arrábida,VN,SF 3VN02 GL,SF 3VN02,1,Península de Setúbal,NULL,Ligado (DDI)
VN,Portatil,1260710,Parque Natural da Arrábida,VN,SF 3VN07 GL,SF 3VN07,1,Península de Setúbal,NULL,Ligado (DDI)
VN,Portatil,1260711,Paisagem Protegida da Arriba Fóssil da Costa da Caparica,VN,SF 3VN11 GL,SF 3VN11,1,Península de Setúbal,NULL,Ligado (DDI)
VN,Portatil,1260712,Reserva Natural do Estuário do Tejo,VN,SF 3VN10 GL,SF 3VN10,1,Área Metropolitana de Lisboa,NULL,Ligado (DDI)
VN,Portatil,1260713,Reserva Natural do Paul do Boquilobo,VN,SF 3VN12 LT,SF 3VN12,1,Lezíria do Tejo,NULL,Ligado (DDI)
FSBF,Portatil,1260714,Comando Nacional da Força de Sapadores Bombeiros Florestais,FSBF,SF MR23 NC,MR23,1,NULL,NULL,NÃO ligado
FSBF,Portatil,1260715,Comando Nacional da Força de Sapadores Bombeiros Florestais,FSBF,SF MR24 NC,MR24,1,NULL,NULL,NÃO ligado
VN,Portatil,1260723,Unidade de Coordenação Nacional de Vigilância Preventiva e Fiscalização,VN,SF UCNVPF NC,SF UCNVPF,1,NULL,NULL,NÃO ligado
VN,Portatil,1260724,chefe de DVPF - Norte,VN,SF VN N NC,SF VN N,1,NULL,NULL,NÃO ligado
VN,Portatil,1260725,chefe de DVPF - Centro,VN,SF VN C NC,SF VN C ,1,NULL,NULL,NÃO ligado
VN,Portatil,1260727,chefe de DVPF - Alentejo,VN,SF VN ALT NC,SF VN ALT,1,NULL,NULL,NÃO ligado
VN,Portatil,1260728,chefe de DVPF - Algarve,VN,SF VN ALG NC,SF VN ALG,1,NULL,NULL,NÃO ligado
VN,Viatura,1260729,Parque Natural da Arrábida,VN,SF 3VN03 GL,SF 3VN03,1,Península de Setúbal,NULL,Ligado (DDI)
CNAF,Portatil,1260730,ICNF - Lisboa e Vale do Tejo,CNAF,SF CNAF38 LT,CNAF 38,1,Lezíria do Tejo,CNAF_TRINTA_E_OITO_VIRTUDES,Ligado (DDI)
CNAF,Portatil,1260731,Mata Nacional do Escaroupim,CNAF,SF CNAF45 LT,CNAF 45,1,Lezíria do Tejo,CNAF_QUARENTA_E_CINCO_ESCAROUPIM,Ligado (DDI)
CNAF,Viatura,1260732,Mata Nacional do Escaroupim,CNAF,SF CNAF45.2 LT,CNAF 45,1,Alto Minho,CNAF_QUARENTA_E_CINCO_ESCAROUPIM,Ligado (DDI)
FSBF,Portatil,1260733,Comando Nacional da Força de Sapadores Bombeiros Florestais,FSBF,SF OPER1 NC,OPER1,1,NULL,NULL,NÃO ligado
FSBF,Portatil,1260734,Comando Nacional da Força de Sapadores Bombeiros Florestais,FSBF,SF OPER2 NC,OPER2,1,Oeste,NULL,NÃO ligado
FSBF,Portatil,1260735,Comando Nacional da Força de Sapadores Bombeiros Florestais,FSBF,SF OPER3 NC,OPER3,1,Oeste,NULL,NÃO ligado
FSBF,Portatil,1260736,Comando Nacional da Força de Sapadores Bombeiros Florestais,FSBF,SF OPER4 NC,OPER4,1,Oeste,NULL,NÃO ligado
FSBF,Portatil,1260737,Comando Nacional da Força de Sapadores Bombeiros Florestais,FSBF,SF OPER5 NC,OPER5,1,Médio Tejo,NULL,NÃO ligado
FSBF,Portatil,1260738,Comando Nacional da Força de Sapadores Bombeiros Florestais,FSBF,SF OPER6 NC,OPER6,1,Médio Tejo,NULL,NÃO ligado
FSBF,Portatil,1260739,Comando Nacional da Força de Sapadores Bombeiros Florestais,FSBF,SF OPER7 NC,OPER7,1,Lezíria do Tejo,NULL,NÃO ligado
FSBF,Portatil,1260740,Comando Nacional da Força de Sapadores Bombeiros Florestais,FSBF,SF OPER8 NC,OPER8,1,Alto Alentejo,NULL,NÃO ligado
FSBF,Portatil,1260741,Comando Nacional da Força de Sapadores Bombeiros Florestais,FSBF,SF OPER9 NC,OPER9,1,Lezíria do Tejo,NULL,NÃO ligado
FSBF,Portatil,1260742,Comando Nacional da Força de Sapadores Bombeiros Florestais,FSBF,SF OPER10 NC,OPER10,1,Algarve,NULL,NÃO ligado
FSBF,Portatil,1260743,Comando Nacional da Força de Sapadores Bombeiros Florestais,FSBF,SF OPER11 NC,OPER11,1,Lezíria do Tejo,NULL,NÃO ligado
FSBF,Portatil,1260744,Comando Nacional da Força de Sapadores Bombeiros Florestais,FSBF,SF OPER12 NC,OPER12,1,Beira Baixa,NULL,NÃO ligado
FSBF,Portatil,1260745,Comando Nacional da Força de Sapadores Bombeiros Florestais,FSBF,SF OPER13 NC,OPER13,1,Beiras e Serra da Estrela,NULL,NÃO ligado
FSBF,Portatil,1260746,Comando Nacional da Força de Sapadores Bombeiros Florestais,FSBF,SF OPER14 NC,OPER14,1,Algarve,NULL,NÃO ligado
FSBF,Portatil,1260747,Comando Nacional da Força de Sapadores Bombeiros Florestais,FSBF,SF OPER15 NC,OPER15,1,Terras de Trás-os-Montes,NULL,NÃO ligado
FSBF,Portatil,1260748,Comando Nacional da Força de Sapadores Bombeiros Florestais,FSBF,SF OPER16 NC,OPER16,1,Lezíria do Tejo,NULL,NÃO ligado
EGFR,Portatil,1260749,GFR - Lisboa e Vale do Tejo,GFR,SF NSR AML1 GL,GFR AML,1,Área Metropolitana de Lisboa,NULL,Ligado (DDI)
EGFR,Portatil,1260750,GFR - Lisboa e Vale do Tejo,GFR,SF NSR AML2 GL,GFR AML,1,Área Metropolitana de Lisboa,NULL,Ligado (DDI)
EGFR,Portatil,1260751,GFR - Lisboa e Vale do Tejo,GFR,SF NSR AML3 GL,GFR AML,1,Área Metropolitana de Lisboa,NULL,NÃO ligado
EGFR,Portatil,1260752,GFR - Lisboa e Vale do Tejo,GFR,SF NSR AML4 GL,GFR AML,1,Área Metropolitana de Lisboa,NULL,NÃO ligado
FSBF,Portatil,1260753,Formação,FSBF,SF FORM1 NC,SF FORM,1,Região de Leiria,NULL,NÃO ligado
FSBF,Portatil,1260754,Formação,FSBF,SF FORM2 NC,SF FORM,1,NULL,NULL,NÃO ligado
FSBF,Portatil,1260755,Formação,FSBF,SF FORM3 NC,SF FORM,1,NULL,NULL,NÃO ligado
,Portatil,1260756,ICNF - Norte,CD,SF DR N NC,DR NORTE,1,Alto Tâmega e Barroso,NULL,NÃO ligado
,Portatil,1260757,ICNF - Centro,CD,SF DR C NC,SF DR CENTRO,1,Viseu Dão Lafões,NULL,NÃO ligado
,Portatil,1260758,ICNF - Centro,CD,SF DR ALT NC,DR ALENTEJO,1,Alentejo Central,NULL,NÃO ligado
,Portatil,1260759,ICNF - Centro,CD,SF DR ALG NC,DR ALGARVE,1,Alentejo Litoral,NULL,NÃO ligado
ESF,Viatura,1260760,AFLOMAÇÃO - Associação Florestal do Concelho de Mação,ESF,SF 16-16C.2 MT,SF 16-16C,1,Beira Baixa,S_F_DEZASSEIS_MAÇÃO,Ligado (DDI)
EGFR,Portatil,1260761,GFR - Norte,GFR,SF DRA N NC,DRA N,1,Ave,NULL,NÃO ligado
EGFR,Portatil,1260762,GFR - Centro,GFR,SF DRA C NC,DRA C,1,Beiras e Serra da Estrela,NULL,Ligado (DDI)
EGFR,Portatil,1260763,GFR - Alentejo,GFR,SF DRA ALT NC,DRA ALT,1,Alentejo Central,NULL,NÃO ligado
EGFR,Portatil,1260764,GFR - Lisboa e Vale do Tejo,GFR,SF NSR MT1 MT,GFR MT,1,Médio Tejo,NULL,Ligado (DDI)
EGFR,Portatil,1260765,GFR - Lisboa e Vale do Tejo,GFR,SF NSR MT2 MT,GFR MT,1,Médio Tejo,NULL,NÃO ligado
EGFR,Portatil,1260766,GFR - Lisboa e Vale do Tejo,GFR,SF NSR MT3 MT,GFR MT,1,Médio Tejo,NULL,NÃO ligado
EGFR,Portatil,1260767,GFR - Lisboa e Vale do Tejo,GFR,SF NSR MT4 MT,GFR MT,1,Médio Tejo,NULL,NÃO ligado
EGFR,Portatil,1260768,GFR - Lisboa e Vale do Tejo,GFR,SF NSR LT1 LT,GFR LT,1,Área Metropolitana de Lisboa,NULL,Ligado (DDI)
EGFR,Portatil,1260769,GFR - Lisboa e Vale do Tejo,GFR,SF NSR LT2 LT,GFR LT,1,Alentejo Litoral,NULL,Ligado (DDI)
EGFR,Portatil,1260770,GFR - Lisboa e Vale do Tejo,GFR,SF NSR LT3 LT,GFR LT,1,Lezíria do Tejo,NULL,Ligado (DDI)
EGFR,Portatil,1260771,GFR - Lisboa e Vale do Tejo,GFR,SF NSR LT4 LT,GFR LT,1,Lezíria do Tejo,NULL,NÃO ligado
FSBF,Portatil,1260772,Comando Nacional da Força de Sapadores Bombeiros Florestais,FSBF,SF COMAQ N1 NC,COMAQ N1,1,NULL,NULL,NÃO ligado
FSBF,Portatil,1260773,Comando Nacional da Força de Sapadores Bombeiros Florestais,FSBF,SF COMAQ N2 NC,COMAQ N2,1,NULL,NULL,NÃO ligado
FSBF,Portatil,1260774,Comando Nacional da Força de Sapadores Bombeiros Florestais,FSBF,SF COMAQ C1 NC,COMAQ C1,1,Alto Alentejo,NULL,NÃO ligado
FSBF,Portatil,1260775,Comando Nacional da Força de Sapadores Bombeiros Florestais,FSBF,SF COMAQ C2 NC,COMAQ C2,1,NULL,NULL,NÃO ligado
FSBF,Portatil,1260776,Comando Nacional da Força de Sapadores Bombeiros Florestais,FSBF,SF COMAQ S1 NC,COMAQ S1,1,NULL,NULL,NÃO ligado
FSBF,Portatil,1260777,Comando Nacional da Força de Sapadores Bombeiros Florestais,FSBF,SF COMAQ S2 NC,COMAQ S2,1,NULL,NULL,NÃO ligado
EGFR,Portatil,1260778,GFR - Centro,GFR,SF DRA LVT NC,DRA LVT,1,NULL,NULL,NÃO ligado
EGFR,Portatil,1260779,GFR - Centro,GFR,SF DRA ALG NC,DRA ALG,1,NULL,NULL,NÃO ligado
DIRIGENTES,Portatil,1260780,Conselho Diretivo ICNF - Dr Nuno Banza,CD,SF CD.1 NC,SF CD.1,1,NULL,Coruja 1,Ligado (DDI)
DIRIGENTES,Portatil,1260781,Conselho Diretivo ICNF - Dr Paulo Salsa,CD,SF CD.2 NC,CD,1,NULL,Coruja 2,Ligado (DDI)
DIRIGENTES,Portatil,1260782,Conselho Diretivo ICNF - Eng.º Nuno Sequeira,CD,SF CD.3 NC,SF CD.3,1,NULL,Coruja 3,Ligado (DDI)
DIRIGENTES,Portatil,1260783,DNGPFR - Eng.º João Pinho,CD,SF DNGPFR.1 NC,DNGPFR.1,1,NULL,Coruja 4,Ligado (DDI)
DIRIGENTES,Portatil,1260784,DNGPFR - Dr. Jorge Dias,CD,SF DNGPFR.2 NC,DNGPFR.2,1,NULL,Coruja 5,Ligado (DDI)
EGFR,Portatil,1261002,Coordenador Prevenção Estrutural - Santarém2,GFR,SF CPE SR2,Corvo 2 Oeste,1,Oeste,NULL,NÃO ligado
ESF,Portatil,1261003,Município de Santarém (ex-APFRA-Associação dos Produtores Florestais da Região de Alcobaça),ESF,SF 13-16C SR,SF 13-16C,1,Lezíria do Tejo,NULL,NÃO ligado
BSF,Portatil,1261061,Comunidade Intermunicipal da Lezíria do Tejo - BRIG-2-185,BSF,SF 11-185 SR,SF 11-185,1,Lezíria do Tejo,NULL,NÃO ligado
BSF,Portatil,1261062,Comunidade Intermunicipal da Lezíria do Tejo - BRIG-2-185,BSF,SF 10-185 SR,SF 10-185,1,Lezíria do Tejo,NULL,NÃO ligado
EGFR,Portatil,1261073,Coordenador Regional 3,GFR,SF CR.5 NC,Corvo 1 Oeste,1,Oeste,NULL,NÃO ligado
BSF,Viatura,1261088,Comunidade Intermunicipal da Lezíria do Tejo - BRIG-2-185,BSF,SF 10-185.2 SR,SF 10-185,1,Lezíria do Tejo,NULL,NÃO ligado
BSF,Viatura,1261089,Comunidade Intermunicipal da Lezíria do Tejo - BRIG-2-185,BSF,SF 11-185.2 SR,SF 11-185,1,Lezíria do Tejo,NULL,NÃO ligado
DIRIGENTES,Portatil,1261112,Conselho Diretivo,CD,SF CD.2 NC,SF CD.2,1,Lezíria do Tejo,NULL,NÃO ligado
EGFR,Portatil,1261134,NsR- Área Metropolitana de Lisboa,GFR,SF GFR.2 AML,GFR AML,1,Área Metropolitana de Lisboa,NULL,NÃO ligado
EGFR,Portatil,1261143,NsR - Porto,GFR,SF GFR.1 AMP,Corvo 3 Porto,1,Área Metropolitana do Porto,NULL,NÃO ligado
EGFR,Portatil,1261144,NsR - Tâmega e Sousa,GFR,SF GFR.1 TS ,GFR TS,1,Tâmega e Sousa,NULL,NÃO ligado
,Portatil,1265022,Diretor Regional LVT,CD,SF DR.3 NC,Lobo 1 LVT,1,Lezíria do Tejo,NULL,NÃO ligado
ESF,Portatil,2260500,Município de Estremoz,ESF,SF 01-183 AC,SF 01-183,1,Alentejo Central,S_F_UM_ESTREMOZ,Ligado (DDI)
ESF,Portatil,2260501,Município de Portel,ESF,SF 02-183 AC,SF 02-183,1,Alentejo Central,S_F_DOIS_PORTEL,Ligado (COD_EQUIPA)
ESF,Portatil,2260502,Município de Borba,ESF,SF 03-183 AC,SF 03-183,1,Alentejo Central,S_F_TRES_BORBA,Ligado (DDI)
ESF,Portatil,2260503,Município de Odemira,ESF,SF 04-181 AL,SF 04-181,1,Alentejo Litoral,S_F_QUATRO_ODEMIRA,Ligado (COD_EQUIPA)
ESF,Portatil,2260504,Município de Grândola,ESF,SF 05-181 AL,SF 05-181,1,Alentejo Litoral,S_F_CINCO_GRANDOLA,Ligado (DDI)
ESF,Portatil,2260505,APIFLORA - Associação Agro-Florestal,ESF,SF 08-181 AL,SF 08-181,1,Alentejo Litoral,S_F_OITO_ODEMIRA,Ligado (COD_EQUIPA)
ESF,Portatil,2260506,APIFLORA - Associação Agro-Florestal,ESF,SF 09-181 AL,SF 09-181,1,Alentejo Litoral,S_F_NOVE_ODEMIRRA,Ligado (DDI)
ESF,Portatil,2260507,Município de Estremoz,ESF,SF 01-183.2 AC,SF 01-183,1,Alentejo Central,S_F_UM_ESTREMOZ,Ligado (COD_EQUIPA)
ESF,Portatil,2260508,Município de Portel,ESF,SF 02-183.2 AC,SF 02-183,1,Alentejo Central,S_F_DOIS_PORTEL,Ligado (DDI)
ESF,Portatil,2260509,Município de Borba,ESF,SF 03-183.2 AC,SF 03-183,1,Alentejo Central,S_F_TRES_BORBA,Ligado (COD_EQUIPA)
ESF,Portatil,2260510,Município de Odemira,ESF,SF 04-181.2 AL,SF 04-181,1,Alentejo Litoral,S_F_QUATRO_ODEMIRA,Ligado (DDI)
ESF,Portatil,2260511,Município de Grândola,ESF,SF 05-181.2 AL,SF 05-181,1,Alentejo Litoral,S_F_CINCO_GRANDOLA,Ligado (COD_EQUIPA)
ESF,Viatura,2260512,AMFALA - Associação de Manutenção Florestal dos Amigos do Litoral Alentejano,ESF,SF 06-181 AL,SF 06-181,1,Alentejo Litoral,S_F_SEIS_SANTIAGO_DO_CACÉM,Ligado (DDI)
ESF,Portatil,2260513,AMFALA - Associação de Manutenção Florestal dos Amigos do Litoral Alentejano,ESF,SF 06-181.2 AL,SF 06-181,1,Alentejo Litoral,S_F_SEIS_SANTIAGO_DO_CACÉM,Ligado (DDI)
ESF,Portatil,2260514,AMFALA - Associação de Manutenção Florestal dos Amigos do Litoral Alentejano,ESF,SF 07-181 AL,SF 07-181,1,Alentejo Litoral,S_F_SETE_SINES,Ligado (DDI)
ESF,Viatura,2260515,AMFALA - Associação de Manutenção Florestal dos Amigos do Litoral Alentejano,ESF,SF 07-181.2 AL,SF 07-181,1,Alentejo Litoral,S_F_SETE_SINES,Ligado (DDI)
ESF,Portatil,2260516,APIFLORA - Associação Agro-Florestal,ESF,SF 08-181.2 AL,SF 08-181,1,Alentejo Litoral,S_F_OITO_ODEMIRA,Ligado (DDI)
ESF,Portatil,2260517,APIFLORA - Associação Agro-Florestal,ESF,SF 09-181.2 AL,SF 09-181,1,Alentejo Litoral,S_F_NOVE_ODEMIRRA,Ligado (COD_EQUIPA)
VN,Portatil,2260518,Reserva Natural do Estuário do Sado,VN,SF 3VN08 AL,SF 3VN08,1,Alentejo Litoral,NULL,Ligado (DDI)
VN,Portatil,2260519,Reserva Natural das Lagoas de Santo André e da Sancha - RNLSAS,VN,SF 4VN02 AL,SF 4VN02,1,Alentejo Litoral,NULL,Ligado (DDI)
VN,Portatil,2260520,Rede Natura Alentejo Central,VN,SF 4VN05 AC,SF 4VN05,1,Alentejo Litoral,NULL,Ligado (DDI)
CNAF,Portatil,2260521,Mata Nacional de Valverde,CNAF,SF CNAF39 AL,CNAF 39,1,Alentejo Litoral,CNAF_TRINTA_E_NOVE_VALVERDE,Ligado (DDI)
CNAF,Viatura,2260522,Mata Nacional de Valverde,CNAF,SF CNAF39.2 AL,CNAF 25,1,Alto Minho,CNAF_VINTE_E_CINCO_ARCOS_DE_VALDEVEZ,Ligado (DDI)
EGFR,Portatil,2260523,GFR - Alentejo,GFR,SF NSR AC1 AC,GFR AC,1,Alentejo Central,NULL,NÃO ligado
EGFR,Portatil,2260524,GFR - Alentejo,GFR,SF NSR AC2 AC,GFR AC,1,Alentejo Central,NULL,NÃO ligado
EGFR,Portatil,2260525,GFR - Alentejo,GFR,SF NSR AC3 AC,GFR AC,1,Alto Alentejo,NULL,NÃO ligado
EGFR,Portatil,2260526,GFR - Alentejo,GFR,SF NSR AC4 AC,GFR AC,1,Alentejo Central,NULL,NÃO ligado
EGFR,Portatil,2260527,GFR - Alentejo,GFR,SF NSR AL1 AL,GFR AL,1,Alentejo Litoral,NULL,NÃO ligado
EGFR,Portatil,2260528,GFR - Alentejo,GFR,SF NSR AL2 AL,GFR AL,1,Oeste,NULL,NÃO ligado
EGFR,Portatil,2260529,GFR - Alentejo,GFR,SF NSR AL3 AL,GFR AL,1,Alentejo Litoral,NULL,NÃO ligado
EGFR,Portatil,2260530,GFR - Alentejo,GFR,SF NSR AL4 AL,GFR AL,1,Alentejo Central,NULL,NÃO ligado
ESF,Portatil,2260532,Municipio de Odemira,ESF,SF 10-181.2 AL,SF 10-181,1,Oeste,NULL,Ligado (DDI)
CNAF,Portatil,2261009,RNLSAS-Lagoas de Santo Andre e Sancha,CNAF,SF CNAF53 ST,CNAF 53,1,Alentejo Litoral,CNAF_CINQUENTA_E_TRES_SANTO_ANDRÉ,NÃO ligado
CNAF,Viatura,2261025,RNLSAS - Lagoas de Santo André e Sancha,CNAF,CNAF 53.2 ST,CNAF 53,1,Alentejo Litoral,CNAF_CINQUENTA_E_TRES_SANTO_ANDRÉ,NÃO ligado
ESF,Portatil,3260500,Conselho Directivo dos Baldios de Riba de Âncora,ESF,SF 01-111 AM,SF 01-111,1,Alto Minho,S_F_UM_CAMINHA,Ligado (DDI)
ESF,Portatil,3260501,ASVA - Associação de Silvicultores do Vale do Ave,ESF,SF 01-113 MP,SF 01-113,1,Área Metropolitana do Porto,S_F_UM_TROFA,Ligado (DDI)
ESF,Portatil,3260502,Portucalea-Associação Florestal do Grande Porto,ESF,SF 01-114 MP,SF 01-114,1,Área Metropolitana do Porto,S_F_UM_VILA_NOVA_DE_GAIA,Ligado (DDI)
ESF,Portatil,3260503,Associação Florestal de Entre Douro e Vouga,ESF,SF 02-116 MP,SF 02-116,1,Área Metropolitana do Porto,S_F_DOIS_OIVEIRA_DE_AZEMEIS,Ligado (DDI)
ESF,Portatil,3260504,Associação Florestal de Entre Douro e Vouga,ESF,SF 03-116 MP,SF 03-116,1,Área Metropolitana do Porto,S_F_TRÊS_VALE_DE_CAMBRA,Ligado (COD_EQUIPA)
ESF,Portatil,3260505,Associação Florestal de Entre Douro e Vouga,ESF,SF 04-116 MP,SF 04-116,1,Área Metropolitana do Porto,S_F_QUATRO_AROUCA,Ligado (COD_EQUIPA)
ESF,Portatil,3260506,Associação Florestal de Entre Douro e Vouga,ESF,SF 05-116 MP,SF 05-116,1,Área Metropolitana do Porto,S_F_CINCO_SANTA_MARIA_DA_FEIRA,Ligado (DDI)
ESF,Portatil,3260507,ASVA - Associação de Silvicultores do Vale do Ave,ESF,SF 06-113 MP,SF 06-113,1,Área Metropolitana do Porto,S_F_SEIS_SANTO_TIRSO,Ligado (COD_EQUIPA)
ESF,Portatil,3260508,Associação Florestal de Entre Douro e Vouga,ESF,SF 06-116 MP,SF 06-116,1,Área Metropolitana do Porto,S_F_SEIS_AROUCA,Ligado (DDI)
ESF,Portatil,3260509,Município de Vale de Cambra,ESF,SF 07-116 MP,SF 07-116,1,Área Metropolitana do Porto,S_F_SETE_VALE_DE_CAMBRA,Ligado (DDI)
ESF,Portatil,3260510,Conselho Directivo dos Baldios de Ansiães,ESF,SF 12-115 TS,SF 12-115,1,Tâmega e Sousa,S_F_DOZE_AMARANTE,Ligado (COD_EQUIPA)
ESF,Portatil,3260511,Associação Florestal do Lima,ESF,SF 16-111 AM,SF 16-111,1,Alto Minho,S_F_DEZASSEIS_PONTE_DE_LIMA,Ligado (DDI)
ESF,Portatil,3260512,"ATLÂNTICA - Associação Florestal dos Vales do Minho, Coura, Âncora, Vez e Lima",ESF,SF 17-111 AM,SF 17-111,1,Alto Minho,S_F_DEZASETE_MONÇÃO,Ligado (COD_EQUIPA)
ESF,Portatil,3260513,Associação Florestal do Lima,ESF,SF 18-111 AM,SF 18-111,1,Alto Minho,S_F_DEZOITO_PONTE_DE_LIMA,Ligado (DDI)
ESF,Portatil,3260514,Associação de Produtores Florestais do Vale do Minho,ESF,SF 19-111 AM,SF 19-111,1,Alto Minho,S_F_DEZANOVE_VALENÇA,Ligado (COD_EQUIPA)
ESF,Portatil,3260515,Associação de Produtores Florestais do Vale do Minho,ESF,SF 20-111 AM,SF 20-111,1,Alto Minho,S_F_VINTE_VILA_NOVA_DE_CERVEIRA,Ligado (DDI)
ESF,Portatil,3260516,ACEB - Associação para a Cooperação Entre Baldios,ESF,SF 21-111 AM,SF 21-111,1,Alto Minho,S_F_VINTE_E_UM_VIANA_DO_CASTELO,Ligado (COD_EQUIPA)
ESF,Portatil,3260517,Conselho Directivo dos Baldios da Freguesia de Castro Laboreiro,ESF,SF 22-111 AM,SF 22-111,1,Alto Minho,S_F_VINTE_E_DOIS_MELGAÇO,Ligado (DDI)
ESF,Portatil,3260518,Associação de Produtores Florestais do Vale do Minho,ESF,SF 23-111 AM,SF 23-111,1,Alto Minho,S_F_VINTE_E_TRES_PAREDES_DE_COURA,Ligado (COD_EQUIPA)
ESF,Portatil,3260519,Município de Melgaço,ESF,SF 24-111 AM,SF 24-111,1,Alto Minho,S_F_VINTE_E_QUATRO_MELGAÇO,Ligado (DDI)
ESF,Portatil,3260520,Associação Florestal de Entre Douro e Tâmega,ESF,SF 26-115 TS,SF 26-115,1,Tâmega e Sousa,S_F_VINTE_E_SEIS_MARCO_DE_CANAVEZES,Ligado (DDI)
ESF,Portatil,3260521,Associação de Produtores Florestais do Vale do Minho,ESF,SF 28-111 AM,SF 28-111,1,Alto Minho,S_F_VINTE_E_OITO_MELGAÇO,Ligado (DDI)
ESF,Portatil,3260522,Associação Florestal de Entre Douro e Tâmega,ESF,SF 31-115 TS,SF 31-115,1,Tâmega e Sousa,S_F_TRITA_E_UM_BAIÃO,Ligado (DDI)
ESF,Portatil,3260523,Associação Florestal de Entre Douro e Tâmega,ESF,SF 34-115 TS,SF 34-115,1,Tâmega e Sousa,S_F_TRINTA_E_QUATRO_CINFÃES,Ligado (COD_EQUIPA)
ESF,Portatil,3260524,APATA - Associação de Produtores Agrícolas Tradicionais e Ambientais,ESF,SF 49-118 TT,SF 49-118,1,Terras de Trás-Os-Montes,S_F_QUARENTA_E_NOVE_MOGADOURO,Ligado (DDI)
ESF,Portatil,3260525,APATA - Associação de Produtores Agrícolas Tradicionais e Ambientais,ESF,SF 53-118 TT,SF 53-118,1,Terras de Trás-Os-Montes,S_F_CINQUENTA_E_TRÊS_MACEDO_DE_CAVALEIROS,Ligado (COD_EQUIPA)
ESF,Portatil,3260526,Conselho Diretivo do Baldio de Carvoeiro,ESF,SF 03-111 AM,SF 03-111,1,Alto Minho,S_F_TRES_VIANA_DO_CASTELO,Ligado (DDI)
ESF,Portatil,3260527,Conselho Diretivo do Baldio de Carvoeiro,ESF,SF 03-111.2 AM,SF 03-111,1,Alto Minho,S_F_TRES_VIANA_DO_CASTELO,Ligado (COD_EQUIPA)
ESF,Portatil,3260528,Associação Florestal do Lima,ESF,SF 04-111 AM,SF 04-111,1,Alto Minho,S_F_QUATRO_PONTE_DE_LIMA,Ligado (DDI)
ESF,Portatil,3260529,Associação Florestal do Lima,ESF,SF 04-111.2 AM,SF 04-111,1,Alto Minho,S_F_QUATRO_PONTE_DE_LIMA,Ligado (COD_EQUIPA)
ESF,Portatil,3260530,Associação Florestal do Lima,ESF,SF 05-111 AM,SF 05-111,1,Alto Minho,S_F_CINCO_ARCOS_DE_VALDEVEZ,Ligado (DDI)
ESF,Portatil,3260531,Associação Florestal do Lima,ESF,SF 05-111.2 AM,SF 05-111,1,Alto Minho,S_F_CINCO_ARCOS_DE_VALDEVEZ,Ligado (COD_EQUIPA)
ESF,Portatil,3260532,Assembleia de Compartes da Freguesia de Merufe,ESF,SF 06-111 AM,SF 06-111,1,Alto Minho,S_F_SEIS_MONÇÃO,Ligado (DDI)
ESF,Portatil,3260533,Assembleia de Compartes da Freguesia de Merufe,ESF,SF 06-111.2 AM,SF 06-111,1,Alto Minho,S_F_SEIS_MONÇÃO,Ligado (COD_EQUIPA)
ESF,Portatil,3260534,Associação de Produtores Florestais do Vale do Minho,ESF,SF 07-111 AM,SF 07-111,1,Alto Minho,S_F_SETE_PAREDES_DE_COURA,Ligado (DDI)
ESF,Portatil,3260535,Associação de Produtores Florestais do Vale do Minho,ESF,SF 07-111.2 AM,SF 07-111,1,Alto Minho,S_F_SETE_PAREDES_DE_COURA,Ligado (COD_EQUIPA)
ESF,Viatura,3260536,Associação Florestal do Lima,ESF,SF 08-111 AM,SF 08-111,1,Alto Minho,S_F_OITO_VIANA_DO_CASTELO,Ligado (DDI)
ESF,Portatil,3260537,Associação Florestal do Lima,ESF,SF 08-111.2 AM,SF 08-111,1,Alto Minho,S_F_OITO_VIANA_DO_CASTELO,Ligado (DDI)
ESF,Portatil,3260538,Associação Florestal do Lima,ESF,SF 09-111 AM,SF 09-111,1,Alto Minho,S_F_NOVE_PONTE_DA_BARCA,Ligado (DDI)
ESF,Viatura,3260539,Associação Florestal do Lima,ESF,SF 09-111.2 AM,SF 09-111,1,Alto Minho,S_F_NOVE_PONTE_DA_BARCA,Ligado (DDI)
ESF,Portatil,3260540,"ATLÂNTICA - Associação Florestal dos Vales do Minho, Coura, Âncora, Vez e Lima",ESF,SF 10-111 AM,SF 10-111,1,Alto Minho,S_F_DEZ_ARCOS_DE_VALDEVEZ,Ligado (DDI)
ESF,Viatura,3260541,"ATLÂNTICA - Associação Florestal dos Vales do Minho, Coura, Âncora, Vez e Lima",ESF,SF 10-111.2 AM,SF 10-111,1,Alto Minho,S_F_DEZ_ARCOS_DE_VALDEVEZ,Ligado (DDI)
ESF,Portatil,3260542,Conselho Directivo dos Baldios da Freguesia de Lindoso,ESF,SF 11-111 AM,SF 11-111,1,Alto Minho,S_F_ONZE_PONTE_DA_BARCA,Ligado (DDI)
ESF,Viatura,3260543,Conselho Directivo dos Baldios da Freguesia de Lindoso,ESF,SF 11-111.2 AM,SF 11-111,1,Alto Minho,S_F_ONZE_PONTE_DA_BARCA,Ligado (DDI)
ESF,Portatil,3260544,Assembleia de Compartes dos Baldios da Freguesia de Soajo,ESF,SF 12-111 AM,SF 12-111,1,Alto Minho,S_F_DOZE_ARCOS_DE_VALDEVEZ,Ligado (DDI)
ESF,Viatura,3260545,Assembleia de Compartes dos Baldios da Freguesia de Soajo,ESF,SF 12-111.2 AM,SF 12-111,1,Alto Minho,S_F_DOZE_ARCOS_DE_VALDEVEZ,Ligado (DDI)
ESF,Portatil,3260546,Assembleia de Compartes dos Baldios da Freguesia de Cabreiro,ESF,SF 13-111 AM,SF 13-111,1,Alto Minho,S_F_TREZE_ARCOS_DE_VALDEVEZ,Ligado (DDI)
ESF,Viatura,3260547,Assembleia de Compartes dos Baldios da Freguesia de Cabreiro,ESF,SF 13-111.2 AM,SF 13-111,1,Alto Minho,S_F_TREZE_ARCOS_DE_VALDEVEZ,Ligado (DDI)
ESF,Portatil,3260548,Conselho Directivo dos Baldios da Freguesia de Entre Ambos-os-Rios,ESF,SF 14-111 AM,SF 14-111,1,Alto Minho,S_F_CATORZE_PONTE_DA_BARCA,Ligado (DDI)
ESF,Viatura,3260549,Conselho Directivo dos Baldios da Freguesia de Entre Ambos-os-Rios,ESF,SF 14-111.2 AM,SF 14-111,1,Alto Minho,S_F_CATORZE_PONTE_DA_BARCA,Ligado (DDI)
ESF,Portatil,3260550,Assembleia de Compartes dos Baldios da Freguesia da Gavieira,ESF,SF 15-111 AM,SF 15-111,1,Alto Minho,S_F_QUINZE_ARCOS_DE_VALDEVEZ,Ligado (DDI)
ESF,Viatura,3260551,Assembleia de Compartes dos Baldios da Freguesia da Gavieira,ESF,SF 15-111.2 AM,SF 15-111,1,Alto Minho,S_F_QUINZE_ARCOS_DE_VALDEVEZ,Ligado (DDI)
ESF,Portatil,3260552,Associação Florestal do Lima,ESF,SF 16-111.2 AM,SF 16-111,1,Alto Minho,S_F_DEZASSEIS_PONTE_DE_LIMA,Ligado (COD_EQUIPA)
ESF,Portatil,3260553,"ATLÂNTICA - Associação Florestal dos Vales do Minho, Coura, Âncora, Vez e Lima",ESF,SF 17-111.2 AM,SF 17-111,1,Alto Minho,S_F_DEZASETE_MONÇÃO,Ligado (DDI)
ESF,Portatil,3260554,Associação Florestal do Lima,ESF,SF 18-111.2 AM,SF 18-111,1,Alto Minho,S_F_DEZOITO_PONTE_DE_LIMA,Ligado (COD_EQUIPA)
ESF,Portatil,3260555,Associação de Produtores Florestais do Vale do Minho,ESF,SF 19-111.2 AM,SF 19-111,1,Alto Minho,S_F_DEZANOVE_VALENÇA,Ligado (DDI)
ESF,Portatil,3260556,Associação de Produtores Florestais do Vale do Minho,ESF,SF 20-111.2 AM,SF 20-111,1,Alto Minho,S_F_VINTE_VILA_NOVA_DE_CERVEIRA,Ligado (COD_EQUIPA)
ESF,Portatil,3260557,ACEB - Associação para a Cooperação Entre Baldios,ESF,SF 21-111.2 AM,SF 21-111,1,Alto Minho,S_F_VINTE_E_UM_VIANA_DO_CASTELO,Ligado (DDI)
ESF,Portatil,3260558,Conselho Directivo dos Baldios da Freguesia de Castro Laboreiro,ESF,SF 22-111.2 AM,SF 22-111,1,Alto Minho,S_F_VINTE_E_DOIS_MELGAÇO,Ligado (COD_EQUIPA)
ESF,Portatil,3260559,Associação de Produtores Florestais do Vale do Minho,ESF,SF 23-111.2 AM,SF 23-111,1,Alto Minho,S_F_VINTE_E_TRES_PAREDES_DE_COURA,Ligado (DDI)
ESF,Portatil,3260560,Município de Melgaço,ESF,SF 24-111.2 AM,SF 24-111,1,Alto Minho,S_F_VINTE_E_QUATRO_MELGAÇO,Ligado (COD_EQUIPA)
ESF,Portatil,3260561,Associação de Produtores Florestais do Vale do Minho,ESF,SF 25-111 AM,SF 25-111,1,Alto Minho,S_F_VINTE_E_CINCO_CAMINHA,Ligado (DDI)
ESF,Portatil,3260562,Associação de Produtores Florestais do Vale do Minho,ESF,SF 25-111.2 AM,SF 25-111,1,Alto Minho,S_F_VINTE_E_CINCO_CAMINHA,Ligado (COD_EQUIPA)
ESF,Portatil,3260563,Associação Florestal do Lima,ESF,SF 26-111 AM,SF 26-111,1,Alto Minho,S_F_VINTE_E_SEIS_PONTE_DE_LIMA,Ligado (DDI)
ESF,Portatil,3260564,Associação Florestal do Lima,ESF,SF 26-111.2 AM,SF 26-111,1,Alto Minho,S_F_VINTE_E_SEIS_PONTE_DE_LIMA,Ligado (COD_EQUIPA)
ESF,Viatura,3260565,Associação de Produtores Florestais do Vale do Minho,ESF,SF 27-111 AM,SF 27-111,1,Alto Minho,S_F_VINTE_E_SETE_MONÇÃO,Ligado (DDI)
ESF,Portatil,3260566,Associação de Produtores Florestais do Vale do Minho,ESF,SF 27-111.2 AM,SF 27-111,1,Alto Minho,S_F_VINTE_E_SETE_MONÇÃO,Ligado (DDI)
ESF,Portatil,3260567,Associação de Produtores Florestais do Vale do Minho,ESF,SF 28-111.2 AM,SF 28-111,1,Alto Minho,S_F_VINTE_E_OITO_MELGAÇO,Ligado (COD_EQUIPA)
ESF,Portatil,3260568,PORTUCALEA - Associação Florestal do Grande Porto,ESF,SF 02-114 MP,SF 02-114,1,Área Metropolitana do Porto,S_F_DOIS_VILA_DO_CONDE,Ligado (DDI)
ESF,Portatil,3260569,PORTUCALEA - Associação Florestal do Grande Porto,ESF,SF 02-114.2 MP,SF 02-114,1,Área Metropolitana do Porto,S_F_DOIS_VILA_DO_CONDE,Ligado (COD_EQUIPA)
ESF,Viatura,3260570,Portucalea-Associação Florestal do Grande Porto,ESF,SF 03-114 MP,SF 03-114,1,Área Metropolitana do Porto,S_F_TRES_VALONGO,Ligado (DDI)
ESF,Portatil,3260571,PORTUCALEA - Associação Florestal do Grande Porto,ESF,SF 03-114.2 MP,SF 03-114,1,Área Metropolitana do Porto,S_F_TRES_VALONGO,Ligado (COD_EQUIPA)
ESF,Portatil,3260572,Associação Florestal de Entre Douro e Vouga,ESF,SF 03-116.2 MP,SF 03-116,1,Área Metropolitana do Porto,S_F_TRÊS_VALE_DE_CAMBRA,Ligado (DDI)
ESF,Portatil,3260573,PORTUCALEA - Associação Florestal do Grande Porto,ESF,SF 04-114 MP,SF 04-114,1,Área Metropolitana do Porto,S_F_QUATRO_GONDOMAR,Ligado (DDI)
ESF,Viatura,3260574,PORTUCALEA - Associação Florestal do Grande Porto,ESF,SF 04-114.2 MP,SF 04-114,1,Área Metropolitana do Porto,S_F_QUATRO_GONDOMAR,Ligado (DDI)
ESF,Portatil,3260575,Associação Florestal de Entre Douro e Vouga,ESF,SF 04-116.2 MP,SF 04-116,1,Área Metropolitana do Porto,S_F_QUATRO_AROUCA,Ligado (DDI)
ESF,Portatil,3260576,Associação Florestal de Entre Douro e Vouga,ESF,SF 05-116.2 MP,SF 05-116,1,Área Metropolitana do Porto,S_F_CINCO_SANTA_MARIA_DA_FEIRA,Ligado (COD_EQUIPA)
ESF,Portatil,3260577,ASVA - Associação de Silvicultores do Vale do Ave,ESF,SF 06-113.2 MP,SF 06-113,1,Área Metropolitana do Porto,S_F_SEIS_SANTO_TIRSO,Ligado (DDI)
ESF,Portatil,3260578,Associação Florestal de Entre Douro e Tâmega,ESF,SF 15-115 TS,SF 15-115,1,Tâmega e Sousa,S_F_QUINZE_AMARANTE,Ligado (DDI)
ESF,Portatil,3260579,Associação Florestal de Entre Douro e Tâmega,ESF,SF 15-115.2 TS,SF 15-115,1,Tâmega e Sousa,S_F_QUINZE_AMARANTE,Ligado (COD_EQUIPA)
ESF,Portatil,3260580,AFVS - Associação Florestal do Vale do Sousa,ESF,SF 17-115 TS,SF 17-115,1,Tâmega e Sousa,S_F_DEZASSETE_FELGUEIRAS,Ligado (DDI)
ESF,Portatil,3260581,AFVS - Associação Florestal do Vale do Sousa,ESF,SF 17-115.2 TS,SF 17-115,1,Tâmega e Sousa,S_F_DEZASSETE_FELGUEIRAS,Ligado (COD_EQUIPA)
ESF,Portatil,3260582,Conselho Diretivo dos Baldios de Aboadela,ESF,SF 23-115 TS,SF 23-115,1,Tâmega e Sousa,S_F_VINTE_E_TRES_AMARANTE,Ligado (DDI)
ESF,Viatura,3260583,Conselho Diretivo dos Baldios de Aboadela,ESF,SF 23-115.2 TS,SF 23-115,1,Tâmega e Sousa,S_F_VINTE_E_TRES_AMARANTE,Ligado (DDI)
ESF,Portatil,3260584,Associação Florestal de Entre Douro e Tâmega,ESF,SF 26-115.2 TS,SF 26-115,1,Tâmega e Sousa,S_F_VINTE_E_SEIS_MARCO_DE_CANAVEZES,Ligado (COD_EQUIPA)
ESF,Portatil,3260585,Associação Florestal de Entre Douro e Tâmega,ESF,SF 31-115.2 TS,SF 31-115,1,Tâmega e Sousa,S_F_TRITA_E_UM_BAIÃO,Ligado (COD_EQUIPA)
ESF,Portatil,3260586,Associação Florestal de Entre Douro e Tâmega,ESF,SF 34-115.2 TS,SF 34-115,1,Tâmega e Sousa,S_F_TRINTA_E_QUATRO_CINFÃES,Ligado (DDI)
ESF,Portatil,3260587,Associação Florestal de Entre Douro e Tâmega,ESF,SF 36-115 TS,SF 36-115,1,Tâmega e Sousa,S_F_TRINTA_E_SEIS_CINFÃES,Ligado (DDI)
ESF,Portatil,3260588,Associação Florestal de Entre Douro e Tâmega,ESF,SF 36-115.2 TS,SF 36-115,1,Tâmega e Sousa,S_F_TRINTA_E_SEIS_CINFÃES,Ligado (COD_EQUIPA)
ESF,Viatura,3260589,Assocação Florestal de Entre Douro e Tâmega,ESF,SF 37-115 TS,SF 37-115,1,Tâmega e Sousa,S_F_TRINTA_E_SETE_AMARANTE,Ligado (DDI)
ESF,Portatil,3260590,Associação Florestal de Entre Douro e Tâmega,ESF,SF 37-115.2 TS,SF 37-115,1,Tâmega e Sousa,S_F_TRINTA_E_SETE_AMARANTE,Ligado (DDI)
BSF,Viatura,3260591,Comunidade Intermunicipal do Tâmega e Sousa - BRIG-1-115,BSF,SF 39-115 TS,SF 39-115,1,Tâmega e Sousa,BRIGADA_UM_CIM_TÂMEGA_E_SOUSA,Ligado (DDI)
BSF,Portatil,3260592,Comunidade Intermunicipal do Tâmega e Sousa - BRIG-1-115,BSF,SF 39-115.2 TS,SF 39-115,1,Tâmega e Sousa,BRIGADA_UM_CIM_TÂMEGA_E_SOUSA,Ligado (DDI)
BSF,Viatura,3260593,Comunidade Intermunicipal do Tâmega e Sousa - BRIG-1-115,BSF,SF 40-115 TS,SF 40-115,1,Tâmega e Sousa,BRIGADA_UM_CIM_TÂMEGA_E_SOUSA,Ligado (DDI)
BSF,Portatil,3260594,Comunidade Intermunicipal do Tâmega e Sousa - BRIG-1-115,BSF,SF 40-115.2 TS,SF 40-115,1,Tâmega e Sousa,BRIGADA_UM_CIM_TÂMEGA_E_SOUSA,Ligado (DDI)
BSF,Viatura,3260595,Comunidade Intermunicipal do Tâmega e Sousa - BRIG-1-115,BSF,SF 41-115 TS,SF 41-115,1,Tâmega e Sousa,BRIGADA_UM_CIM_TÂMEGA_E_SOUSA,Ligado (DDI)
BSF,Portatil,3260596,Comunidade Intermunicipal do Tâmega e Sousa - BRIG-1-115,BSF,SF 41-115.2 TS,SF 41-115,1,Tâmega e Sousa,BRIGADA_UM_CIM_TÂMEGA_E_SOUSA,Ligado (DDI)
BSF,Portatil,3260597,Comunidade Intermunicipal do Tâmega e Sousa - BRIG-2-115,BSF,SF 43-115 TS,SF 43-115,1,Tâmega e Sousa,BRIGADA_DOIS_CIM_TÂMEGA_E_SOUSA,Ligado (DDI)
BSF,Viatura,3260598,Comunidade Intermunicipal do Tâmega e Sousa - BRIG-2-115,BSF,SF 43-115.2 TS,SF 43-115,1,Tâmega e Sousa,BRIGADA_DOIS_CIM_TÂMEGA_E_SOUSA,Ligado (DDI)
BSF,Portatil,3260599,Comunidade Intermunicipal do Tâmega e Sousa - BRIG-2-115,BSF,SF 44-115 TS,SF 44-115,1,Tâmega e Sousa,BRIGADA_DOIS_CIM_TÂMEGA_E_SOUSA,Ligado (DDI)
BSF,Viatura,3260600,Comunidade Intermunicipal do Tâmega e Sousa - BRIG-2-115,BSF,SF 44-115.2 TS,SF 44-115,1,Tâmega e Sousa,BRIGADA_DOIS_CIM_TÂMEGA_E_SOUSA,Ligado (DDI)
BSF,Portatil,3260601,Comunidade Intermunicipal do Tâmega e Sousa - BRIG-2-115,BSF,SF 45-115 TS,SF 45-115 ,1,Tâmega e Sousa,BRIGADA_DOIS_CIM_TÂMEGA_E_SOUSA,Ligado (DDI)
BSF,Viatura,3260602,Comunidade Intermunicipal do Tâmega e Sousa - BRIG-2-115,BSF,SF 45-115.2 TS,SF 45-115 ,1,Tâmega e Sousa,BRIGADA_DOIS_CIM_TÂMEGA_E_SOUSA,Ligado (DDI)
ESF,Viatura,3260603,Associação Florestal de Entre Douro e Tâmega,ESF,SF 46-115 TS,SF 46-115,1,Tâmega e Sousa,S_F_QUARENTA_E_SEIS_RESENDE,Ligado (DDI)
ESF,Portatil,3260604,Associação Florestal de Entre Douro e Tâmega,ESF,SF 46-115.2 TS,SF 46-115,1,Tâmega e Sousa,S_F_QUARENTA_E_SEIS_RESENDE,Ligado (DDI)
BSF,Portatil,3260605,Comunidade Intermunicipal do Tâmega e Sousa - BRIG-1-115 - Tecnico 1,BSF,SF BR1-115 TS,SF 39-115,1,Tâmega e Sousa,BRIGADA_UM_CIM_TÂMEGA_E_SOUSA,Ligado (COD_EQUIPA)
BSF,Portatil,3260606,Comunidade Intermunicipal do Tâmega e Sousa - BRIG-2-115 - Tecnico 2,BSF,SF BR2-115 TS,SF 43-115,1,Tâmega e Sousa,BRIGADA_DOIS_CIM_TÂMEGA_E_SOUSA,Ligado (COD_EQUIPA)
ESF,Portatil,3260607,Município de Vila Flor (ex-AFTM-Associação Florestal de Trás-os-Montes),ESF,SF 07-117 TT,SF 07-117,1,Terras de Trás-Os-Montes,S_F_SETE_VIA_FLOR,Ligado (DDI)
ESF,Portatil,3260608,Município de Vila Flor (ex-AFTM-Associação Florestal de Trás-os-Montes),ESF,SF 07-117.2 TT,SF 07-117,1,Terras de Trás-Os-Montes,S_F_SETE_VIA_FLOR,Ligado (COD_EQUIPA)
ESF,Portatil,3260609,ARBOREA - Associação Agro-Florestal e Ambiental da Terra Fria Transmontana,ESF,SF 10-118 TT,SF 10-118,1,Terras de Trás-Os-Montes,S_F_DEZ_VINHAIS,Ligado (DDI)
ESF,Portatil,3260610,ARBOREA - Associação Agro-Florestal e Ambiental da Terra Fria Transmontana,ESF,SF 10-118.2 TT,SF 10-118,1,Terras de Trás-Os-Montes,S_F_DEZ_VINHAIS,Ligado (COD_EQUIPA)
ESF,Portatil,3260611,SILVIDOURO - Associação Agro-Florestal,ESF,SF 12-117 TT,SF 12-117,1,Terras de Trás-Os-Montes,S_F_DOZE_VIA_FLOR,Ligado (DDI)
ESF,Portatil,3260612,SILVIDOURO - Associação Agro-Florestal,ESF,SF 12-117.2 TT,SF 12-117,1,Terras de Trás-Os-Montes,S_F_DOZE_VIA_FLOR,Ligado (COD_EQUIPA)
ESF,Portatil,3260613,FLOREST'ÁGUA - Associação de Produtores Florestais e Regantes de São Martinho,ESF,SF 14-118 TT,SF 14-118,1,Terras de Trás-Os-Montes,S_F_CATORZE_MIRANDA_DO_DOURO,Ligado (DDI)
ESF,Portatil,3260614,FLOREST'ÁGUA - Associação de Produtores Florestais e Regantes de São Martinho,ESF,SF 14-118.2 TT,SF 14-118,1,Terras de Trás-Os-Montes,S_F_CATORZE_MIRANDA_DO_DOURO,Ligado (COD_EQUIPA)
ESF,Portatil,3260615,AFLOCAF - Associação de Produtores Florestais do Concelho de Alfândega da Fé,ESF,SF 19-118 TT,SF 19-118,1,Terras de Trás-Os-Montes,S_F_DEZANOVE_ALFÂNDEGA DA FÉ,Ligado (DDI)
ESF,Viatura,3260616,AFLOCAF - Associação de Produtores Florestais do Concelho de Alfândega da Fé,ESF,SF 19-118.2 TT,SF 19-118,1,Terras de Trás-Os-Montes,S_F_DEZANOVE_ALFÂNDEGA DA FÉ,Ligado (DDI)
ESF,Portatil,3260617,APFNT - Associação de Produtores Florestais do Nordeste Transmontano,ESF,SF 21-118 TT,SF 21-118,1,Terras de Trás-Os-Montes,S_F_VINTE_E_UM_MOGADOURO,Ligado (DDI)
ESF,Portatil,3260618,APFNT - Associação de Produtores Florestais do Nordeste Transmontano,ESF,SF 21-118.2 TT,SF 21-118,1,Terras de Trás-Os-Montes,S_F_VINTE_E_UM_MOGADOURO,Ligado (COD_EQUIPA)
ESF,Portatil,3260619,ARBOREA - Associação Agro-Florestal e Ambiental da Terra Fria Transmontana,ESF,SF 23-118 TT,SF 23-118,1,Terras de Trás-Os-Montes,S_F_VINTE_E_TRÊS_VINHAIS,Ligado (DDI)
ESF,Portatil,3260620,ARBOREA - Associação Agro-Florestal e Ambiental da Terra Fria Transmontana,ESF,SF 23-118.2 TT,SF 23-118,1,Terras de Trás-Os-Montes,S_F_VINTE_E_TRÊS_VINHAIS,Ligado (COD_EQUIPA)
ESF,Portatil,3260621,Município de Mirandela,ESF,SF 28-118 TT,SF 28-118,1,Terras de Trás-Os-Montes,S_F_VINTE_E_OITO_MIRANDELA,Ligado (DDI)
ESF,Portatil,3260622,Município de Mirandela,ESF,SF 28-118.2 TT,SF 28-118,1,Terras de Trás-Os-Montes,S_F_VINTE_E_OITO_MIRANDELA,Ligado (COD_EQUIPA)
ESF,Portatil,3260623,Município de Vimioso,ESF,SF 29-118 TT,SF 29-118,1,Terras de Trás-Os-Montes,S_F_VINTE_E_NOVE_VIMIOSO,Ligado (DDI)
ESF,Portatil,3260624,Município de Vimioso,ESF,SF 29-118.2 TT,SF 29-118,1,Terras de Trás-Os-Montes,S_F_VINTE_E_NOVE_VIMIOSO,Ligado (COD_EQUIPA)
ESF,Viatura,3260625,Freguesia de Ervedosa,ESF,SF 33-118 TT,SF 33-118,1,Terras de Trás-Os-Montes,S_F_TRINTA_E_TRÊS_VINHAIS,Ligado (DDI)
ESF,Portatil,3260626,Freguesia de Ervedosa,ESF,SF 33-118.2 TT,SF 33-118,1,Terras de Trás-Os-Montes,S_F_TRINTA_E_TRÊS_VINHAIS,Ligado (DDI)
ESF,Viatura,3260627,APATA - Associação de Produtores Agrícolas Tradicionais e Ambientais,ESF,SF 34-118 TT,SF 34-118,1,Terras de Trás-Os-Montes,S_F_TRINTA_E_QUATRO_BRAGANÇA,Ligado (DDI)
ESF,Portatil,3260628,APATA - Associação de Produtores Agrícolas Tradicionais e Ambientais,ESF,SF 34-118.2 TT,SF 34-118,1,Terras de Trás-Os-Montes,S_F_TRINTA_E_QUATRO_BRAGANÇA,Ligado (DDI)
ESF,Viatura,3260629,APATA - Associação de Produtores Agrícolas Tradicionais e Ambientais,ESF,SF 35-118 TT,SF 35-118,1,Terras de Trás-Os-Montes,S_F_TRINTA_E_CINCO_BRAGANÇA,Ligado (DDI)
ESF,Portatil,3260630,APATA - Associação de Produtores Agrícolas Tradicionais e Ambientais,ESF,SF 35-118.2 TT,SF 35-118,1,Terras de Trás-Os-Montes,S_F_TRINTA_E_CINCO_BRAGANÇA,Ligado (DDI)
ESF,Portatil,3260631,APATA - Associação de Produtores Agrícolas Tradicionais e Ambientais,ESF,SF 44-118 TT,SF 44-118,1,Terras de Trás-Os-Montes,S_F_QUARENTA_E_QUATRO_MOGADOURO,Ligado (DDI)
ESF,Portatil,3260632,APATA - Associação de Produtores Agrícolas Tradicionais e Ambientais,ESF,SF 44-118.2 TT,SF 44-118,1,Terras de Trás-Os-Montes,S_F_QUARENTA_E_QUATRO_MOGADOURO,Ligado (COD_EQUIPA)
ESF,Portatil,3260633,Freguesia de Algoso Campo de Víboras e Uva,ESF,SF 46-118 TT,SF 46-118,1,Terras de Trás-Os-Montes,S_F_QUARENTA_E_SEIS_VIMIOSO,Ligado (DDI)
ESF,Viatura,3260634,Freguesia de Algoso Campo de Víboras e Uva,ESF,SF 46-118.2 TT,SF 46-118,1,Terras de Trás-Os-Montes,S_F_QUARENTA_E_SEIS_VIMIOSO,Ligado (DDI)
ESF,Viatura,3260635,APATA - Associação de Produtores Agrícolas Tradicionais e Ambientais,ESF,SF 49-118.2 TT,SF 49-118,1,Terras de Trás-Os-Montes,S_F_QUARENTA_E_NOVE_MOGADOURO,Ligado (DDI)
ESF,Portatil,3260636,APATA - Associação de Produtores Agrícolas Tradicionais e Ambientais,ESF,SF 53-118.2 TT,SF 53-118,1,Terras de Trás-Os-Montes,S_F_CINQUENTA_E_TRÊS_MACEDO_DE_CAVALEIROS,Ligado (DDI)
ESF,Portatil,3260637,APATA - Associação de Produtores Agrícolas Tradicionais e Ambientais,ESF,SF 54-118 TT,SF 54-118,1,Terras de Trás-Os-Montes,NULL,Ligado (DDI)
ESF,Portatil,3260638,APATA - Associação de Produtores Agrícolas Tradicionais e Ambientais,ESF,SF 54-118.2 TT,SF 54-118,1,Terras de Trás-Os-Montes,NULL,Ligado (COD_EQUIPA)
ESF,Viatura,3260639,Conselho Directivo dos Baldios de Riba de Âncora,ESF,SF 01-111.2 AM,SF 01-111,1,Alto Minho,S_F_UM_CAMINHA,Ligado (DDI)
ESF,Viatura,3260640,ASVA - Associação de Silvicultores do Vale do Ave,ESF,SF 01-113.2 MP,SF 01-113,1,Área Metropolitana do Porto,S_F_UM_TROFA,Ligado (DDI)
ESF,Viatura,3260641,Portucalea-Associação Florestal do Grande Porto,ESF,SF 01-114.2 MP,SF 01-114,1,Área Metropolitana do Porto,S_F_UM_VILA_NOVA_DE_GAIA,Ligado (DDI)
ESF,Viatura,3260642,Associação Florestal de Entre Douro e Vouga,ESF,SF 02-116.2 MP,SF 02-116,1,Área Metropolitana do Porto,S_F_DOIS_OIVEIRA_DE_AZEMEIS,Ligado (DDI)
ESF,Viatura,3260643,Associação Florestal de Entre Douro e Vouga,ESF,SF 06-116.2 MP,SF 06-116,1,Área Metropolitana do Porto,S_F_SEIS_AROUCA,Ligado (DDI)
ESF,Viatura,3260644,Município de Vale de Cambra,ESF,SF 07-116.2 MP,SF 07-116,1,Área Metropolitana do Porto,S_F_SETE_VALE_DE_CAMBRA,Ligado (DDI)
ESF,Viatura,3260645,Conselho Directivo dos Baldios de Ansiães,ESF,SF 12-115.2 TS,SF 12-115,1,Tâmega e Sousa,S_F_DOZE_AMARANTE,Ligado (DDI)
ESF,Portatil,3260646,Município de Vila Flor,ESF,SF 22-117 TT,SF 22-117,1,Terras de Trás-Os-Montes,NULL,Ligado (DDI)
ESF,Portatil,3260647,Município de Vila Flor,ESF,SF 22-117.2 TT,SF 22-117,1,Terras de Trás-Os-Montes,NULL,Ligado (COD_EQUIPA)
CNAF,Viatura,3260648,"PF Boalhosa, PF Entre Vez e Coura, PF Serra de Arga",CNAF,SF CNAF14A AM,CNAF 14A,1,Alto Minho,CNAF_CATORZE_A_PONTE_DE_LIMA,Ligado (DDI)
CNAF,Portatil,3260649,"PF Boalhosa, PF Entre Vez e Coura, PF Serra de Arga",CNAF,SF CNAF14A2 AM,CNAF 14A,1,Alto Minho,CNAF_CATORZE_A_PONTE_DE_LIMA,Ligado (DDI)
CNAF,Viatura,3260650,Perímetro Florestal da Serra do Marão e Meia Via,CNAF,SF CNAF18A TS,CNAF 18A,1,Tâmega e Sousa,NULL,NÃO ligado
CNAF,Viatura,3260651,Perímetro Florestal da Serra do Marão e Meia Via,CNAF,SF CNAF18 TS,CNAF 18,1,Tâmega e Sousa,CNAF_DEZOITO_AMARANTE,Ligado (DDI)
CNAF,Viatura,3260652,PF Entre Lima e Neiva / MN Gelfa e Camarido,CNAF,SF CNAF14 AM,CNAF 14,1,Alto Minho,CNAF_CATORZE_PONTE_DE_LIMA,Ligado (DDI)
CNAF,Portatil,3260653,PNPG - Ponte da Barca,CNAF,SF CNAF28.2 AM,CNAF 28,1,Alto Minho,CNAF_VINTE_E_OITO_PONTE_DA_BARCA,Ligado (DDI)
CNAF,Portatil,3260654,"PF Santa Luzia, PF Serra de Arga",CNAF,SF CNAF15 AM,CNAF 15,1,Alto Minho,CNAF_QUINZE_VIANA_DO_CASTELO,Ligado (DDI)
CNAF,Portatil,3260655,PNPG - Melgaço,CNAF,SF CNAF31.2 AM,CNAF 31,1,Alto Minho,CNAF_TRINTA_E_UM_MELGAÇO,Ligado (COD_EQUIPA)
CNAF,Portatil,3260656,V. Castelo - diversos: PF Arga/MN Camarido/ PF entre Lima e Neiva / PF Entre Vez e Coura,CNAF,SF CNAF41 AM,CNAF 41,1,Alto Minho,CNAF_QUARENTA_E_UM_VIANA_DO_CASTELO,Ligado (COD_EQUIPA)
CNAF,Portatil,3260657,PNPG - Melgaço,CNAF,SF CNAF32.2 AM,CNAF 32,1,Alto Minho,CNAF_TRINTA_E_DOIS_MELGAÇO,Ligado (DDI)
CNAF,Portatil,3260658,PNPG - Arcos de Valdevez,CNAF,SF CNAF25.2 AM,CNAF 25,1,Alto Minho,CNAF_VINTE_E_CINCO_ARCOS_DE_VALDEVEZ,Ligado (COD_EQUIPA)
CNAF,Portatil,3260659,Perímetro Florestal da Serra do Marão e Meia Via,CNAF,SF CNAF18A2 TS,CNAF 18A,1,Tâmega e Sousa,NULL,NÃO ligado
CNAF,Portatil,3260660,PNPG - Ponte da Barca,CNAF,SF CNAF26.2 AM,CNAF 26,1,Alto Minho,CNAF_VINTE_E_SEIS_PONTE_DA_BARCA,Ligado (COD_EQUIPA)
CNAF,Portatil,3260661,PF Vieira e Monte Crasto,CNAF,SF CNAF16 AM,CNAF 16,1,Alto Minho,CNAF_DEZASSEIS_VILA_NOVA_DE_CERVEIRA,Ligado (DDI)
CNAF,Portatil,3260662,PNPG - Arcos de Valdevez,CNAF,SF CNAF24.2 AM,CNAF 24,1,Alto Minho,CNAF_VINTE_E_QUATRO_ARCOS_DE_VALDEVEZ,Ligado (COD_EQUIPA)
CNAF,Portatil,3260663,PF Entre Lima e Neiva / MN Gelfa e Camarido,CNAF,SF CNAF14.2 AM,CNAF 14,1,Alto Minho,CNAF_CATORZE_PONTE_DE_LIMA,Ligado (DDI)
VN,Portatil,3260664,Parque Nacional da Peneda-Gerês,VN,SF 1VN06 AM,SF 1VN06,1,Alto Minho,NULL,Ligado (DDI)
CNAF,Portatil,3260665,"PF Santa Luzia, PF Serra de Arga",CNAF,SF CNAF15.2 AM,CNAF 15,1,Alto Minho,CNAF_QUINZE_VIANA_DO_CASTELO,Ligado (COD_EQUIPA)
CNAF,Portatil,3260667,PNPG - Arcos de Valdevez,CNAF,SF CNAF24 AM,CNAF 24,1,Alto Minho,CNAF_VINTE_E_QUATRO_ARCOS_DE_VALDEVEZ,Ligado (DDI)
CNAF,Portatil,3260668,PNPG - Arcos de Valdevez,CNAF,SF CNAF25 AM,CNAF 25,1,Alto Minho,CNAF_VINTE_E_CINCO_ARCOS_DE_VALDEVEZ,Ligado (DDI)
CNAF,Portatil,3260669,PNPG - Ponte da Barca,CNAF,SF CNAF26 AM,CNAF 26,1,Alto Minho,CNAF_VINTE_E_SEIS_PONTE_DA_BARCA,Ligado (DDI)
CNAF,Portatil,3260670,PNPG - Ponte da Barca,CNAF,SF CNAF28 AM,CNAF 28,1,Alto Minho,CNAF_VINTE_E_OITO_PONTE_DA_BARCA,Ligado (COD_EQUIPA)
CNAF,Portatil,3260671,PNPG - Melgaço,CNAF,SF CNAF31 AM,CNAF 31,1,Alto Minho,CNAF_TRINTA_E_UM_MELGAÇO,Ligado (DDI)
CNAF,Portatil,3260672,PNPG - Melgaço,CNAF,SF CNAF32 AM,CNAF 32,1,Alto Minho,CNAF_TRINTA_E_DOIS_MELGAÇO,Ligado (COD_EQUIPA)
CNAF,Portatil,3260673,V. Castelo - diversos: PF Arga/MN Camarido/ PF entre Lima e Neiva / PF Entre Vez e Coura,CNAF,SF CNAF41.2 AM,CNAF 41,1,Alto Minho,CNAF_QUARENTA_E_UM_VIANA_DO_CASTELO,Ligado (DDI)
VN,Portatil,3260674,Equipa do PN Douro Internacional,VN,SF 1VN04 TT,SF 1VN04,1,Terras de Trás-Os-Montes,NULL,Ligado (DDI)
CNAF,Portatil,3260675,PN Douro Internacional,CNAF,SF CNAF35.2 TT,CNAF 35,1,Terras de Trás-Os-Montes,CNAF_TRINTA_E_CINCO_MIRANDA_DO_DOURO,Ligado (COD_EQUIPA)
CNAF,Portatil,3260676,"PF Serra da Coroa, PF Deilão e PF Serra da Nogueira",CNAF,SF CNAF22.2 TT,CNAF 22,1,Terras de Trás-Os-Montes,CNAF_VINTE_E_DOIS_BRAGANÇA,Ligado (DDI)
CNAF,Portatil,3260677,PN Montesinho,CNAF,SF CNAF34.2 TT,CNAF 34,1,Terras de Trás-Os-Montes,CNAF_TRINTA_E_QUATRO_BRAGANÇA,Ligado (COD_EQUIPA)
VN,Portatil,3260678,Equipa do PN Montesinho,VN,SF 1VN01 TT,SF 1VN01,1,Terras de Trás-Os-Montes,NULL,Ligado (DDI)
CNAF,Portatil,3260679,PN Montesinho,CNAF,SF CNAF34 TT,CNAF 34,1,Terras de Trás-Os-Montes,CNAF_TRINTA_E_QUATRO_BRAGANÇA,Ligado (DDI)
CNAF,Portatil,3260680,PN Douro Internacional,CNAF,SF CNAF35 TT,CNAF 35,1,Terras de Trás-Os-Montes,CNAF_TRINTA_E_CINCO_MIRANDA_DO_DOURO,Ligado (DDI)
EGFR,Portatil,3260681,GFR - Norte,GFR,SF NSR AM1 AM,GFR AM,1,Ave,NULL,Ligado (DDI)
EGFR,Portatil,3260682,GFR - Norte,GFR,SF NSR TTM1 TT,GFR TT,1,Terras de Trás-Os-Montes,NULL,NÃO ligado
EGFR,Portatil,3260683,GFR - Norte,GFR,SF NSR TTM2 TT,GFR TT,1,Terras de Trás-Os-Montes,NULL,NÃO ligado
EGFR,Portatil,3260684,GFR - Norte,GFR,SF NSR TTM3 TT,GFR BC2,1,Terras de Trás-Os-Montes,NULL,NÃO ligado
EGFR,Portatil,3260685,GFR - Norte,GFR,SF NSR AM2 AM,GFR AM,1,Alto Minho,NULL,Ligado (DDI)
EGFR,Portatil,3260686,GFR - Norte,GFR,SF NSR AM3 AM,GFR AM,1,Alto Minho,NULL,Ligado (DDI)
EGFR,Portatil,3260687,GFR - Norte,GFR,SF NSR AM4 AM,GFR AM,1,Alto Minho,NULL,Ligado (DDI)
EGFR,Portatil,3260688,GFR - Norte,GFR,SF NSR TTM4 TT,GFR TT,1,Alto Minho,NULL,NÃO ligado
EGFR,Portatil,3260689,GFR - Norte,GFR,SF NSR AMP1 MP,GFR AMP,1,Área Metropolitana do Porto,NULL,NÃO ligado
EGFR,Portatil,3260690,GFR - Norte,GFR,SF NSR AMP2 MP,GFR AMP,1,Região de Leiria,NULL,NÃO ligado
EGFR,Portatil,3260691,GFR - Norte,GFR,SF NSR AMP3 MP,GFR AMP,1,Área Metropolitana do Porto,NULL,NÃO ligado
EGFR,Portatil,3260692,GFR - Norte,GFR,SF NSR AMP4 MP,GFR AMP,1,Viseu Dão Lafões,NULL,Ligado (DDI)
EGFR,Portatil,3260693,GFR - Norte,GFR,SF NSR TS1 TS,GFR TS,1,Região de Leiria,NULL,Ligado (DDI)
EGFR,Portatil,3260694,GFR - Norte,GFR,SF NSR TS2 TS,GFR TS,1,Tâmega e Sousa,NULL,Ligado (DDI)
EGFR,Portatil,3260695,GFR - Norte,GFR,SF NSR TS3 TS,GFR TS,1,Tâmega e Sousa,NULL,Ligado (DDI)
EGFR,Portatil,3260696,GFR - Norte,GFR,SF NSR TS4 TS,GFR TS,1,Tâmega e Sousa,NULL,NÃO ligado
EGFR,Viatura,3260697,GFR - Norte,GFR,SF NSR_TTM5 TT,GFR_TT,1,Terras de Trás-Os-Montes,NULL,NÃO ligado
ESF,Portatil,3260698,Junta de Freguesia de Mirandela,ESF,SF 55-118 TT,SF 55-118,1,Terras de Trás-Os-Montes,NULL,Ligado (DDI)
ESF,Portatil,3260699,Junta de Freguesia de Mirandela,ESF,SF 55-118.2 TT,SF 55-118,1,Terras de Trás-Os-Montes,NULL,Ligado (COD_EQUIPA)
ESF,Portatil,3260700,Junta de Freguesia de Mirandela,ESF,SF 57-118 TT,SF 57-118,1,Terras de Trás-Os-Montes,NULL,Ligado (DDI)
ESF,Portatil,3260701,Junta de Freguesia de Mirandela,ESF,SF 57-118.2 TT,SF 57-118,1,Terras de Trás-Os-Montes,NULL,Ligado (COD_EQUIPA)
ESF,Portatil,3260702,Junta de Freguesia de Miranda do Douro,ESF,SF 56-118 TT,SF 56-118,1,Terras de Trás-Os-Montes,NULL,Ligado (DDI)
ESF,Portatil,3260703,Junta de Freguesia de Miranda do Douro,ESF,SF 56-118.2 TT,SF 56-118,1,Terras de Trás-Os-Montes,NULL,Ligado (COD_EQUIPA)
CNAF,Viatura,326081,"PF Serra da Coroa, PF Deilão e PF Serra da Nogueira",CNAF,SF CNAF22 TT,CNAF 22,1,Terras de Trás-Os-Montes,CNAF_VINTE_E_DOIS_BRAGANÇA,Ligado (DDI)
ESF,Portatil,3261006,Portucalea-Associação Florestal do Grande Porto,ESF,SF 01-114 PT,SF 01-114,1,Área Metropolitana do Porto,S_F_UM_VILA_NOVA_DE_GAIA,Ligado (COD_EQUIPA)
ESF,Portatil,3261016,Conselho Directivo dos Baldios de Ansiães,ESF,SF 12-115 PT,SF 12-115,1,Tâmega e Sousa,S_F_DOZE_AMARANTE,Ligado (DDI)
ESF,Portatil,4260500,FLORESTA 21-Associação de Produtores Florestais do Perímetro de Leomil,ESF,SF 01-117 DR,SF 01-117,1,Douro,S_F_UM_MOIMENTA_DA_BEIRA,Ligado (DDI)
ESF,Portatil,4260501,Conselho Directivo dos Baldios do Cabril,ESF,SF 06-118 AT,SF 06-118,1,Alto Tâmega e Barroso,S_F_SEIS_MONTALEGRE,Ligado (DDI)
ESF,Portatil,4260502,Associação de Produtores Florestais do Vale da Campeã,ESF,SF 08-117 DR,SF 08-117,1,Douro,S_F_OITO_VILA_REAL,Ligado (DDI)
ESF,Portatil,4260503,Conselho Directivo dos Baldios de Outeiro,ESF,SF 08-118 AT,SF 08-118,1,Alto Tâmega e Barroso,S_F_OITO_MONTALEGRE,Ligado (DDI)
ESF,Portatil,4260504,RIBAFLOR-Associação Florestal das Terras de Ribadouro,ESF,SF 09-117 DR,SF 09-117,1,Douro,S_F_NOVE_LAMEGO,Ligado (DDI)
ESF,Portatil,4260505,NATURA VIVA - Associação Ambiental e Florestal de Vale de Nogueiras,ESF,SF 11-117 DR,SF 11-117,1,Douro,S_F_ONZE_VILA_REAL,Ligado (DDI)
ESF,Portatil,4260506,AFACC - Associação Florestal e Ambiental do Concelho de Chaves,ESF,SF 12-118 AT,SF 12-118,1,Alto Tâmega e Barroso,S_F_DOZE_CHAVES,Ligado (DDI)
ESF,Portatil,4260507,Assembleia de Compartes dos Baldios de Várzea da Serra-Associação de Promoção dos Interesses dos Compartes da Freguesia de Várzea da Serra,ESF,SF 13-117 DR,SF 13-117,1,Douro,S_F_TREZE_TAROUCA,Ligado (DDI)
ESF,Portatil,4260508,Freguesia de São Martinho de Anta,ESF,SF 14-117 DR,SF 14-117,1,Douro,S_F_CATORZE_SABROSA,Ligado (DDI)
ESF,Portatil,4260509,Município de Freixo de Espada à Cinta,ESF,SF 15-117 DR,SF 15-117,1,Douro,S_F_QUINZE_FREIXO_DE_ESPADA_À_CINTA,Ligado (DDI)
ESF,Portatil,4260510,Município de São João da Pesqueira,ESF,SF 16-117 DR,SF 16-117,1,Douro,S_F_DEZASSEIS_SÃO_JOÃO_DA_PESQUEIRA,Ligado (DDI)
ESF,Portatil,4260511,Municipio de Sernancelhe,ESF,SF 17-117 DR,SF 17-117,1,Douro,S_F_DEZASETE_SERNANCELHE,Ligado (DDI)
ESF,Portatil,4260512,ADRLU-Lobos Uivam,ESF,SF 18-117 DR,SF 18-117,1,Douro,S_F_DEZOITO_MOIMENTA_DA_BEIRA,Ligado (DDI)
ESF,Portatil,4260513,Associação Florestal de Compartes de Vilar de Ferreiros,ESF,SF 25-115 AV,SF 25-115,1,Ave,S_F_VINTE_E_CINCO_MONDIM_DE_BASTOS,Ligado (COD_EQUIPA)
ESF,Portatil,4260514,Município de Boticas,ESF,SF 25-118 AT,SF 25-118,1,Alto Tâmega e Barroso,S_F_VINTE_E_CINCO_BOTICAS,Ligado (DDI)
ESF,Portatil,4260515,Município de Mondim de Basto,ESF,SF 27-115 AV,SF 27-115,1,Ave,S_F_VINTE_E_SETE_MONDIM_DE_BASTOS,Ligado (DDI)
ESF,Portatil,4260516,AFACC - Associação Florestal e Ambiental do Concelho de Chaves,ESF,SF 27-118 AT,SF 27-118,1,Alto Tâmega e Barroso,S_F_VINTE_E_SETE_CHAVES,Ligado (DDI)
ESF,Portatil,4260517,Conselho Directivo de Compartes dos Baldios da Freguesia de Bilhó,ESF,SF 30-115 AV,SF 30-115,1,Ave,S_F_TRINTA_MONDIM_DE_BASTOS,Ligado (COD_EQUIPA)
ESF,Portatil,4260518,Freguesia de Borbela e Lamas de Olo,ESF,SF 32-115 DR,SF 32-115,1,Douro,S_F_TRINTA_E_DOIS_VILA_REAL,Ligado (DDI)
ESF,Portatil,4260519,Município de Valpaços,ESF,SF 41-118 AT,SF 41-118,1,Alto Tâmega e Barroso,S_F_QUARENTA_E_UM_VALPAÇOS,Ligado (COD_EQUIPA)
ESF,Portatil,4260520,Município de Valpaços,ESF,SF 42-118 AT,SF 42-118,1,Alto Tâmega e Barroso,S_F_QUARENTA_E_DOIS_VALPAÇOS,Ligado (DDI)
ESF,Portatil,4260521,Município de Boticas,ESF,SF 43-118 AT,SF 43-118,1,Alto Tâmega e Barroso,S_F_QUARENTA_E_TRES_BOTICAS,Ligado (COD_EQUIPA)
ESF,Portatil,4260522,Freguesia de Venda Nova e Pondras,ESF,SF 47-118 AT,SF 47-118,1,Alto Tâmega e Barroso,S_F_QUARENTA_E_SETE_MONTALEGRE,Ligado (COD_EQUIPA)
BSF,Portatil,4260523,Comunidade Intermunicipal do Alto Tâmega - BRIG-2-118,BSF,SF 50-118 AT,SF 50-118,1,Alto Tâmega e Barroso,BRIGADA_DOIS_CIM_ALTO_TÂMEGA,Ligado (DDI)
BSF,Portatil,4260524,Comunidade Intermunicipal do Alto Tâmega - BRIG-2-118,BSF,SF 51-118 AT,SF 51-118,1,Alto Tâmega e Barroso,BRIGADA_DOIS_CIM_ALTO_TÂMEGA,Ligado (DDI)
BSF,Portatil,4260525,Comunidade Intermunicipal do Alto Tâmega - BRIG-2-118,BSF,SF 52-118 AT,SF 52-118,1,Alto Tâmega e Barroso,BRIGADA_DOIS_CIM_ALTO_TÂMEGA,Ligado (DDI)
ESF,Portatil,4260526,Conselho Directivo dos Baldios de Couto de Dornelas,ESF,SF 02-118 AT,SF 02-118,1,Alto Tâmega e Barroso,S_F_DOIS_BOTICAS,Ligado (DDI)
ESF,Viatura,4260527,Conselho Directivo dos Baldios de Couto de Dornelas,ESF,SF 02-118.2 AT,SF 02-118,1,Alto Tâmega e Barroso,S_F_DOIS_BOTICAS,Ligado (DDI)
ESF,Portatil,4260528,Conselho Directivo de Baldios de Covelães,ESF,SF 04-118 AT,SF 04-118,1,Alto Tâmega e Barroso,S_F_QUATRO_MONTALEGRE,Ligado (DDI)
ESF,Viatura,4260529,Freguesia de Sezelhe e Covelães,ESF,SF 04-118.2 AT,SF 04-118,1,Alto Tâmega e Barroso,S_F_QUATRO_MONTALEGRE,Ligado (DDI)
ESF,Portatil,4260530,Conselho Directivo dos Baldios de Pitões das Júnias,ESF,SF 05-118 AT,SF 05-118,1,Alto Tâmega e Barroso,S_F_CINCO_MONTALEGRE,Ligado (DDI)
ESF,Viatura,4260531,Conselho Directivo dos Baldios de Pitões das Júnias,ESF,SF 05-118.2 AT,SF 05-118,1,Alto Tâmega e Barroso,S_F_CINCO_MONTALEGRE,Ligado (DDI)
ESF,Portatil,4260532,Conselho Directivo dos Baldios de Fafião,ESF,SF 07-118 AT,SF 07-118,1,Alto Tâmega e Barroso,S_F_SETE_MONTALEGRE,Ligado (DDI)
ESF,Viatura,4260533,Conselho Directivo dos Baldios de Fafião,ESF,SF 07-118.2 AT,SF 07-118,1,Alto Tâmega e Barroso,S_F_SETE_MONTALEGRE,Ligado (DDI)
ESF,Portatil,4260534,Associação Florestal de Ribeira de Pena,ESF,SF 14-115 AT,SF 14-115,1,Alto Tâmega e Barroso,S_F_CATORZE_RIBEIRA_DE_PENA,Ligado (DDI)
ESF,Viatura,4260535,Associação Florestal de Ribeira de Pena,ESF,SF 14-115.2 AT,SF 14-115,1,Alto Tâmega e Barroso,S_F_CATORZE_RIBEIRA_DE_PENA,Ligado (DDI)
ESF,Portatil,4260536,AGUIARFLORESTA - Associação Florestal e Ambiental do Concelho de Vila Pouca de Aguiar,ESF,SF 15-118 AT,SF 15-118,1,Alto Tâmega e Barroso,S_F_QUINZE_VILA_POUCA_DE_AGUIAR,Ligado (DDI)
ESF,Viatura,4260537,AGUIARFLORESTA - Associação Florestal e Ambiental do Concelho de Vila Pouca de Aguiar,ESF,SF 15-118.2 AT,SF 15-118,1,Alto Tâmega e Barroso,S_F_QUINZE_VILA_POUCA_DE_AGUIAR,Ligado (DDI)
ESF,Portatil,4260538,Associação Agro Florestal das Terras do Barroso,ESF,SF 17-118 AT,SF 17-118,1,Alto Tâmega e Barroso,S_F_TREZE_MONTALEGRE,Ligado (COD_EQUIPA)
ESF,Viatura,4260539,Associação Agro Florestal das Terras do Barroso,ESF,SF 17-118.2 AT,SF 17-118,1,Alto Tâmega e Barroso,S_F_TREZE_MONTALEGRE,Ligado (COD_EQUIPA)
ESF,Viatura,4260540,Associação Florestal de Ribeira de Pena,ESF,SF 18-115 AT,SF 18-115,1,Alto Tâmega e Barroso,S_F_DEZOITO_RIBEIRA_DE_PENA,Ligado (DDI)
ESF,Portatil,4260541,Associação Florestal de Ribeira de Pena,ESF,SF 18-115.2 AT,SF 18-115,1,Alto Tâmega e Barroso,S_F_DEZOITO_RIBEIRA_DE_PENA,Ligado (DDI)
ESF,Portatil,4260542,CAPOLIB - Cooperativa dos Agricultores de Boticas,ESF,SF 18-118 AT,SF 18-118,1,Alto Tâmega e Barroso,S_F_DEZOITO_BOTICAS,Ligado (DDI)
ESF,Viatura,4260543,CAPOLIB - Cooperativa dos Agricultores de Boticas,ESF,SF 18-118.2 AT,SF 18-118,1,Alto Tâmega e Barroso,S_F_DEZOITO_BOTICAS,Ligado (DDI)
ESF,Viatura,4260544,Associação Florestal de Ribeira de Pena,ESF,SF 19-115 AT,SF 19-115,1,Alto Tâmega e Barroso,S_F_DEZANOVE_RIBEIRA_DE_PENA,Ligado (DDI)
ESF,Portatil,4260545,Associação Florestal de Ribeira de Pena,ESF,SF 19-115.2 AT,SF 19-115,1,Alto Tâmega e Barroso,S_F_DEZANOVE_RIBEIRA_DE_PENA,Ligado (DDI)
ESF,Portatil,4260546,AGUIARFLORESTA - Associação Florestal e Ambiental do Concelho de Vila Pouca de Aguiar,ESF,SF 20-118 AT,SF 20-118,1,Alto Tâmega e Barroso,S_F_VINTE_VILA_POUCA_DE_AGUIAR,Ligado (DDI)
ESF,Viatura,4260547,AGUIARFLORESTA - Associação Florestal e Ambiental do Concelho de Vila Pouca de Aguiar,ESF,SF 20-118.2 AT,SF 20-118,1,Alto Tâmega e Barroso,S_F_VINTE_VILA_POUCA_DE_AGUIAR,Ligado (DDI)
ESF,Viatura,4260548,Associação Florestal de Ribeira de Pena,ESF,SF 22-115 AT,SF 22-115,1,Alto Tâmega e Barroso,S_F_VINTE_E_DOIS_RIBEIRA_DE_PENA,Ligado (DDI)
ESF,Portatil,4260549,Associação Florestal de Ribeira de Pena,ESF,SF 22-115.2 AT,SF 22-115,1,Alto Tâmega e Barroso,S_F_VINTE_E_DOIS_RIBEIRA_DE_PENA,Ligado (DDI)
ESF,Portatil,4260550,AGUIARFLORESTA-Associação Florestal e Ambiental do Concelho de Vila Pouca de Aguiar,ESF,SF 22-118 AT,SF 22-118,1,Alto Tâmega e Barroso,S_F_VINTE_E_DOIS_VILA_POUCA_DE_AGUIAR,Ligado (DDI)
ESF,Viatura,4260551,AGUIARFLORESTA - Associação Florestal e Ambiental do Concelho de Vila Pouca de Aguiar,ESF,SF 22-118.2 AT,SF 22-118,1,Alto Tâmega e Barroso,S_F_VINTE_E_DOIS_VILA_POUCA_DE_AGUIAR,Ligado (DDI)
ESF,Portatil,4260552,Município de Boticas,ESF,SF 25-118.2 AT,SF 25-118,1,Alto Tâmega e Barroso,S_F_VINTE_E_CINCO_BOTICAS,Ligado (COD_EQUIPA)
ESF,Portatil,4260553,AFACC - Associação Florestal e Ambiental do Concelho de Chaves,ESF,SF 27-118.2 AT,SF 27-118,1,Alto Tâmega e Barroso,S_F_VINTE_E_SETE_CHAVES,Ligado (COD_EQUIPA)
ESF,Portatil,4260554,Associação Florestal de Ribeira de Pena,ESF,SF 28-115 AT,SF 28-115,1,Alto Tâmega e Barroso,S_F_VINTE_E_OITO_RIBEIRA_DE_PENA,Ligado (DDI)
ESF,Viatura,4260555,Associação Florestal de Ribeira de Pena,ESF,SF 28-115.2 AT,SF 28-115,1,Alto Tâmega e Barroso,S_F_VINTE_E_OITO_RIBEIRA_DE_PENA,Ligado (DDI)
ESF,Portatil,4260556,Município de Chaves,ESF,SF 30-118 AT,SF 30-118,1,Alto Tâmega e Barroso,S_F_TRINTA_CHAVES,Ligado (DDI)
ESF,Viatura,4260557,Município de Chaves,ESF,SF 30-118.2 AT,SF 30-118,1,Alto Tâmega e Barroso,S_F_TRINTA_CHAVES,Ligado (DDI)
ESF,Viatura,4260558,Freguesia de Viade de Baixo e Fervidelas,ESF,SF 31-118 AT,SF 31-118,1,Alto Tâmega e Barroso,S_F_TRINTA_E_UM_MONTALEGRE,Ligado (DDI)
ESF,Portatil,4260559,Freguesia de Viade de Baixo e Fervidelas,ESF,SF 31-118.2 AT,SF 31-118,1,Alto Tâmega e Barroso,S_F_TRINTA_E_UM_MONTALEGRE,Ligado (DDI)
ESF,Viatura,4260560,AGRO-LILA - Associação Agro-Florestal das Terras do Lila,ESF,SF 32-118 AT,SF 32-118,1,Alto Tâmega e Barroso,S_F_TRINTA_E_DOIS_VALPAÇOS,Ligado (DDI)
ESF,Portatil,4260561,AGRO-LILA - Associação Agro-Florestal das Terras do Lila,ESF,SF 32-118.2 AT,SF 32-118,1,Alto Tâmega e Barroso,S_F_TRINTA_E_DOIS_VALPAÇOS,Ligado (DDI)
BSF,Viatura,4260562,Comunidade Intermunicipal do Alto Tâmega - BRIG-1-118,BSF,SF 36-118 AT,SF 36-118,1,Alto Tâmega e Barroso,BRIGADA_UM_CIM_ALTO_TÂMEGA,Ligado (DDI)
BSF,Portatil,4260563,Comunidade Intermunicipal do Alto Tâmega - BRIG-1-118,BSF,SF 36-118.2 AT,SF 36-118,1,Alto Tâmega e Barroso,BRIGADA_UM_CIM_ALTO_TÂMEGA,Ligado (DDI)
BSF,Viatura,4260564,Comunidade Intermunicipal do Alto Tâmega - BRIG-1-118,BSF,SF 37-118 AT,SF 37-118,1,Alto Tâmega e Barroso,BRIGADA_UM_CIM_ALTO_TÂMEGA,Ligado (DDI)
BSF,Portatil,4260565,Comunidade Intermunicipal do Alto Tâmega - BRIG-1-118,BSF,SF 37-118.2 AT,SF 37-118,1,Alto Tâmega e Barroso,BRIGADA_UM_CIM_ALTO_TÂMEGA,Ligado (DDI)
ESF,Viatura,4260566,Freguesia de Santa Marinha,ESF,SF 38-115 AT,SF 38-115,1,Alto Tâmega e Barroso,S_F_TRINTA_E_OITO_RIBEIRA_DE_PENA,Ligado (DDI)
ESF,Portatil,4260567,Freguesia de Santa Marinha,ESF,SF 38-115.2 AT,SF 38-115,1,Alto Tâmega e Barroso,S_F_TRINTA_E_OITO_RIBEIRA_DE_PENA,Ligado (DDI)
BSF,Viatura,4260568,Comunidade Intermunicipal do Alto Tâmega - BRIG-1-118,BSF,SF 38-118 AT,SF 38-118,1,Alto Tâmega e Barroso,BRIGADA_UM_CIM_ALTO_TÂMEGA,Ligado (DDI)
BSF,Portatil,4260569,Comunidade Intermunicipal do Alto Tâmega - BRIG-1-118,BSF,SF 38-118.2 AT,SF 38-118,1,Alto Tâmega e Barroso,BRIGADA_UM_CIM_ALTO_TÂMEGA,Ligado (DDI)
ESF,Viatura,4260570,AGUIARFLORESTA - Associação Florestal e Ambiental do Concelho de Vila Pouca de Aguiar,ESF,SF 39-118 AT,SF 39-118,1,Alto Tâmega e Barroso,S_F_TRINTA_E_NOVE_VILA_POUCA_DE_AGUIAR,Ligado (DDI)
ESF,Portatil,4260571,AGUIARFLORESTA - Associação Florestal e Ambiental do Concelho de Vila Pouca de Aguiar,ESF,SF 39-118.2 AT,SF 39-118,1,Alto Tâmega e Barroso,S_F_TRINTA_E_NOVE_VILA_POUCA_DE_AGUIAR,Ligado (DDI)
ESF,Portatil,4260572,COOPBARROSO - Cooperativa Agrícola do Barroso. C.R.L.,ESF,SF 40-118 AT,SF 40-118,1,Alto Tâmega e Barroso,S_F_QUARENTA_MONTALEGRE,Ligado (DDI)
ESF,Viatura,4260573,"COOPBARROSO - Cooperativa Agrícola do Barroso, C.R.L.",ESF,SF 40-118.2 AT,SF 40-118,1,Alto Tâmega e Barroso,S_F_QUARENTA_MONTALEGRE,Ligado (DDI)
ESF,Portatil,4260574,Município de Valpaços,ESF,SF 41-118.2 AT,SF 41-118,1,Alto Tâmega e Barroso,S_F_QUARENTA_E_UM_VALPAÇOS,Ligado (DDI)
ESF,Portatil,4260575,Município de Valpaços,ESF,SF 42-118.2 AT,SF 42-118,1,Alto Tâmega e Barroso,S_F_QUARENTA_E_DOIS_VALPAÇOS,Ligado (COD_EQUIPA)
ESF,Portatil,4260576,Município de Boticas,ESF,SF 43-118.2 AT,SF 43-118,1,Alto Tâmega e Barroso,S_F_QUARENTA_E_TRES_BOTICAS,Ligado (DDI)
ESF,Viatura,4260577,Conselho Diretivo dos Baldios de Covas do Barroso,ESF,SF 45-118 AT,SF 45-118,1,Alto Tâmega e Barroso,S_F_QUARENTA_E_CINCO_BOTICAS,Ligado (DDI)
ESF,Portatil,4260578,Conselho Diretivo dos Baldios de Covas do Barroso,ESF,SF 45-118.2 AT,SF 45-118,1,Alto Tâmega e Barroso,S_F_QUARENTA_E_CINCO_BOTICAS,Ligado (DDI)
ESF,Portatil,4260579,Freguesia de Venda Nova e Pondras,ESF,SF 47-118.2 AT,SF 47-118,1,Alto Tâmega e Barroso,S_F_QUARENTA_E_SETE_MONTALEGRE,Ligado (DDI)
ESF,Portatil,4260580,AGBATA - Associação do Agrupamento dos Baldios de Terras de Aguiar,ESF,SF 48-118 AT,SF 48-118,1,Alto Tâmega e Barroso,S_F_QUARENTA_E_OITO_VILA_POUCA_DE_AGUIAR,Ligado (DDI)
ESF,Viatura,4260581,AGBATA - Associação do Agrupamento dos Baldios de Terras de Aguiar,ESF,SF 48-118.2 AT,SF 48-118,1,Alto Tâmega e Barroso,S_F_QUARENTA_E_OITO_VILA_POUCA_DE_AGUIAR,Ligado (DDI)
BSF,Portatil,4260582,Comunidade Intermunicipal do Alto Tâmega - BRIG-2-118,BSF,SF 50-118.2 AT,SF 50-118,1,Alto Tâmega e Barroso,BRIGADA_DOIS_CIM_ALTO_TÂMEGA,Ligado (COD_EQUIPA)
BSF,Portatil,4260583,Comunidade Intermunicipal do Alto Tâmega - BRIG-2-118,BSF,SF 51-118.2 AT,SF 51-118,1,Alto Tâmega e Barroso,BRIGADA_DOIS_CIM_ALTO_TÂMEGA,Ligado (COD_EQUIPA)
BSF,Portatil,4260584,Comunidade Intermunicipal do Alto Tâmega - BRIG-2-118,BSF,SF 52-118.2 AT,SF 52-118,1,Alto Tâmega e Barroso,BRIGADA_DOIS_CIM_ALTO_TÂMEGA,Ligado (COD_EQUIPA)
BSF,Portatil,4260585,Comunidade Intermunicipal do Alto Tâmega - BRIG-1-118 - Tecnico 1,BSF,SF BR1-118 AT,SF 36-118,1,Alto Tâmega e Barroso,BRIGADA_UM_CIM_ALTO_TÂMEGA,Ligado (COD_EQUIPA)
BSF,Portatil,4260586,Comunidade Intermunicipal do Alto Tâmega - BRIG-2-118 Técnico 1,BSF,SF BR2-118 AT,SF 50-118,1,Alto Tâmega e Barroso,BRIGADA_DOIS_CIM_ALTO_TÂMEGA,Ligado (COD_EQUIPA)
ESF,Viatura,4260587,APOSC – Associação para o Ordenamento da Serra da Cabreira (ex-ADEFM),ESF,SF 02-113 AV,SF 02-113,1,Ave,S_F_DOIS_VIEIRA_DO_MINHO,Ligado (DDI)
ESF,Portatil,4260588,APOSC - Associação para o Ordenamento da Serra da Cabreira,ESF,SF 02-113.2 AV,SF 02-113,1,Ave,S_F_DOIS_VIEIRA_DO_MINHO,Ligado (DDI)
ESF,Portatil,4260589,COFAFE - Cooperativa dos Produtores Agrícolas de Fafe,ESF,SF 04-113 AV,SF 04-113,1,Ave,S_F_QUATRO_FAFE,Ligado (DDI)
ESF,Portatil,4260590,"COFAFE - Cooperativa dos Produtores Agrícolas de Fafe, CRL",ESF,SF 04-113.2 AV,SF 04-113,1,Ave,S_F_QUATRO_FAFE,Ligado (COD_EQUIPA)
ESF,Portatil,4260591,ASVA - Associação de Silvicultores do Vale do Ave,ESF,SF 07-113 AV,SF 07-113,1,Ave,S_F_SETE_VILA_NOVA_DE_FAMALICÃO,Ligado (DDI)
ESF,Portatil,4260592,ASVA - Associação de Silvicultores do Vale do Ave,ESF,SF 07-113.2 AV,SF 07-113,1,Ave,S_F_SETE_VILA_NOVA_DE_FAMALICÃO,Ligado (COD_EQUIPA)
ESF,Portatil,4260593,ASVA - Associação de Silvicultores do Vale do Ave,ESF,SF 08-113 AV,SF 08-113,1,Ave,S_F_OITO_GUIMARÃES,Ligado (DDI)
ESF,Portatil,4260594,ASVA - Associação de Silvicultores do Vale do Ave,ESF,SF 08-113.2 AV,SF 08-113,1,Ave,S_F_OITO_GUIMARÃES,Ligado (COD_EQUIPA)
ESF,Viatura,4260595,APOSC - Associação para o Ordenamento da Serra da Cabreira,ESF,SF 09-113 AV,SF 09-113,1,Ave,S_F_NOVE_VIEIRA_DO_MINHO,Ligado (DDI)
ESF,Portatil,4260596,APOSC - Associação para o Ordenamento da Serra da Cabreira,ESF,SF 09-113.2 AV,SF 09-113,1,Ave,S_F_NOVE_VIEIRA_DO_MINHO,Ligado (DDI)
ESF,Viatura,4260597,APOSC - Associação para o Ordenamento da Serra da Cabreira,ESF,SF 10-113 AV,SF 10-113,1,Ave,S_F_DEZ_VIEIRA_DO_MINHO,Ligado (DDI)
ESF,Portatil,4260598,APOSC - Associação para o Ordenamento da Serra da Cabreira,ESF,SF 10-113.2 AV,SF 10-113,1,Ave,S_F_DEZ_VIEIRA_DO_MINHO,Ligado (DDI)
BSF,Viatura,4260599,Comunidade Intermunicipal do Ave - BRIG-1-113,BSF,SF 11-113 AV,SF 11-113,1,Ave,BRIGADA_UM_CIM_AVE,Ligado (DDI)
BSF,Portatil,4260600,Comunidade Intermunicipal do Ave - BRIG-1-113,BSF,SF 11-113.2 AV,SF 11-113,1,Ave,BRIGADA_UM_CIM_AVE,Ligado (DDI)
BSF,Viatura,4260601,Comunidade Intermunicipal do Ave - BRIG-1-113,BSF,SF 12-113 AV,SF 12-113,1,Ave,BRIGADA_UM_CIM_AVE,Ligado (DDI)
BSF,Portatil,4260602,Comunidade Intermunicipal do Ave - BRIG-1-113,BSF,SF 12-113.2 AV,SF 12-113,1,Ave,BRIGADA_UM_CIM_AVE,Ligado (DDI)
BSF,Viatura,4260603,Comunidade Intermunicipal do Ave - BRIG-1-113,BSF,SF 13-113 AV,SF 13-113,1,Ave,BRIGADA_UM_CIM_AVE,Ligado (DDI)
BSF,Portatil,4260604,Comunidade Intermunicipal do Ave - BRIG-1-113,BSF,SF 13-113.2 AV,SF 13-113,1,Ave,BRIGADA_UM_CIM_AVE,Ligado (DDI)
ESF,Portatil,4260605,Conselho Directivo dos Baldios do Lugar de Ermelo,ESF,SF 13-115 AV,SF 13-115,1,Ave,S_F_TREZE_MONDIM_DE_BASTOS,Ligado (DDI)
ESF,Viatura,4260606,Conselho Directivo dos Baldios do Lugar de Ermelo,ESF,SF 13-115.2 AV,SF 13-115,1,Ave,S_F_TREZE_MONDIM_DE_BASTOS,Ligado (DDI)
ESF,Viatura,4260607,APOSC - Associação para o Ordenamento da Serra da Cabreira,ESF,SF 14-113 AV,SF 14-113,1,Ave,S_F_CATORZE_VIEIRA_DO_MINHO,Ligado (DDI)
ESF,Portatil,4260608,APOSC - Associação para o Ordenamento da Serra da Cabreira,ESF,SF 14-113.2 AV,SF 14-113,1,Ave,S_F_CATORZE_VIEIRA_DO_MINHO,Ligado (DDI)
ESF,Portatil,4260609,ASVA - Associação de Silvicultores do Vale do Ave,ESF,SF 15-113 AV,SF 15-113,1,Ave,S_F_QUINZE_GUIMARÃES,Ligado (DDI)
ESF,Viatura,4260610,ASVA - Associação de Silvicultores do Vale do Ave,ESF,SF 15-113.2 AV,SF 15-113,1,Ave,S_F_QUINZE_GUIMARÃES,Ligado (DDI)
ESF,Portatil,4260611,RURALBASTO - Cooperativa de Desenvolvimento Agro-Florestal de Basto,ESF,SF 16-115 AV,SF 16-115,1,Ave,S_F_DEZASSEIS_CABECEIRAS_DE_BASTO,Ligado (DDI)
ESF,Portatil,4260612,RURALBASTO - Cooperativa de Desenvolvimento Agro-Florestal de Basto,ESF,SF 16-115.2 AV,SF 16-115,1,Ave,S_F_DEZASSEIS_CABECEIRAS_DE_BASTO,Ligado (COD_EQUIPA)
ESF,Portatil,4260613,Conselho Diretivo dos Baldios de Cabeceiras de Basto - S. Nicolau,ESF,SF 24-115 AV,SF 24-115,1,Ave,S_F_DOIS_CABECEIRAS_DE_BASTO,Ligado (DDI)
ESF,Portatil,4260614,Conselho Diretivo dos Baldios de Cabeceiras de Basto - S. Nicolau,ESF,SF 24-115.2 AV,SF 24-115,1,Ave,S_F_DOIS_CABECEIRAS_DE_BASTO,Ligado (COD_EQUIPA)
ESF,Portatil,4260615,Associação Florestal de Compartes de Vilar de Ferreiros,ESF,SF 25-115.2 AV,SF 25-115,1,Ave,S_F_VINTE_E_CINCO_MONDIM_DE_BASTOS,Ligado (DDI)
ESF,Portatil,4260616,Município de Mondim de Basto,ESF,SF 27-115.2 AV,SF 27-115,1,Ave,S_F_VINTE_E_SETE_MONDIM_DE_BASTOS,Ligado (COD_EQUIPA)
ESF,Portatil,4260617,Conselho Directivo dos Baldios de Moimenta,ESF,SF 29-115 AV,SF 29-115,1,Ave,S_F_VINTE_E_NOVE_CABECEIRAS_DE_BASTO,Ligado (DDI)
ESF,Portatil,4260618,Conselho Directivo dos Baldios de Moimenta,ESF,SF 29-115.2 AV,SF 29-115,1,Ave,S_F_VINTE_E_NOVE_CABECEIRAS_DE_BASTO,Ligado (COD_EQUIPA)
ESF,Portatil,4260619,Conselho Directivo de Compartes dos Baldios da Freguesia de Bilhó,ESF,SF 30-115.2 AV,SF 30-115,1,Ave,S_F_TRINTA_MONDIM_DE_BASTOS,Ligado (DDI)
ESF,Viatura,4260620,Conselho Diretivo dos Baldios da Freguesia de Rio Douro,ESF,SF 42-115 AV,SF 42-115,1,Ave,S_F_QUARENTA_E_DOIS_CABECEIRAS_DE_BASTO,Ligado (DDI)
ESF,Portatil,4260621,Conselho Diretivo dos Baldios da Freguesia de Rio Douro,ESF,SF 42-115.2 AV,SF 42-115,1,Ave,S_F_QUARENTA_E_DOIS_CABECEIRAS_DE_BASTO,Ligado (DDI)
BSF,Portatil,4260622,Comunidade Intermunicipal do Ave - BRIG-1-113 - Tecnico 1,BSF,SF BR1-113 AV,SF 11-113,1,Ave,BRIGADA_UM_CIM_AVE,Ligado (COD_EQUIPA)
ESF,Portatil,4260623,Associação Florestal do Cávado,ESF,SF 01-112 CV,SF 01-112,1,Cávado,S_F_UM_VILA_VERDE,Ligado (DDI)
ESF,Portatil,4260624,Associação Florestal do Cávado,ESF,SF 01-112.2 CV,SF 01-112,1,Cávado,S_F_UM_VILA_VERDE,Ligado (COD_EQUIPA)
ESF,Viatura,4260625,Associação Florestal do Cávado,ESF,SF 02-112 CV,SF 02-112,1,Cávado,S_F_DOIS_AMARES,Ligado (DDI)
ESF,Portatil,4260626,Associação Florestal do Cávado,ESF,SF 02-112.2 CV,SF 03-114,1,Cávado,S_F_TRES_VALONGO,Ligado (DDI)
ESF,Viatura,4260627,Associação Florestal do Cávado,ESF,SF 03-112 CV,SF 03-112,1,Cávado,S_F_TRÊS_TERRAS_DO_BOURO,Ligado (DDI)
ESF,Portatil,4260628,Associação Florestal do Cávado,ESF,SF 03-112.2 CV,SF 03-112,1,Cávado,S_F_TRÊS_TERRAS_DO_BOURO,Ligado (DDI)
ESF,Portatil,4260629,Associação Florestal do Cávado,ESF,SF 04-112 CV,SF 04-112,1,Cávado,S_F_4_BARCELOS,Ligado (DDI)
ESF,Viatura,4260630,Associação Florestal do Cávado,ESF,SF 04-112.2 CV,SF 04-112,1,Cávado,S_F_4_BARCELOS,Ligado (DDI)
ESF,Portatil,4260631,AFVH - Associação Florestal do Vale do Homem,ESF,SF 05-112 CV,SF 05-112,1,Cávado,S_F_CINCO_TERRAS_DO_BOURO,Ligado (DDI)
ESF,Portatil,4260632,AFVH - Associação Florestal do Vale do Homem,ESF,SF 05-112.2 CV,SF 05-112,1,Cávado,S_F_CINCO_TERRAS_DO_BOURO,Ligado (COD_EQUIPA)
ESF,Portatil,4260633,AFVH - Associação Florestal do Vale do Homem,ESF,SF 05-113 CV,SF 05-113,1,Cávado,S_F_CINCO_UM_TERRAS_DO_BOURO,Ligado (DDI)
ESF,Portatil,4260634,AFVH - Associação Florestal do Vale do Homem,ESF,SF 05-113.2 CV,SF 05-113,1,Cávado,S_F_CINCO_UM_TERRAS_DO_BOURO,Ligado (COD_EQUIPA)
ESF,Portatil,4260635,Associação Florestal do Cávado,ESF,SF 06-112 CV,SF 06-112,1,Cávado,S_F_SEIS_VILA_VERDE,Ligado (DDI)
ESF,Portatil,4260636,Associação Florestal do Cávado,ESF,SF 06-112.2 CV,SF 06-112,1,Cávado,S_F_SEIS_VILA_VERDE,Ligado (COD_EQUIPA)
ESF,Portatil,4260637,Associação Florestal do Cávado,ESF,SF 07-112 CV,SF 07-112,1,Cávado,S_F_SETE_ESPOSENDE,Ligado (DDI)
ESF,Portatil,4260638,Associação Florestal do Cávado,ESF,SF 07-112.2 CV,SF 07-112,1,Cávado,S_F_SETE_ESPOSENDE,Ligado (COD_EQUIPA)
ESF,Portatil,4260639,Associação Florestal do Cávado,ESF,SF 08-112 CV,SF 08-112,1,Cávado,S_F_OITO_BRAGA,Ligado (DDI)
ESF,Portatil,4260640,Associação Florestal do Cávado,ESF,SF 08-112.2 CV,SF 08-112,1,Cávado,S_F_OITO_BRAGA,Ligado (COD_EQUIPA)
ESF,Viatura,4260641,Associação Florestal do Cávado,ESF,SF 09-112 CV,SF 09-112,1,Cávado,S_F_9_BARCELOS,Ligado (DDI)
ESF,Portatil,4260642,Associação Florestal do Cávado,ESF,SF 09-112.2 CV,SF 09-112,1,Cávado,S_F_9_BARCELOS,Ligado (DDI)
ESF,Portatil,4260643,Associação Florestal do Cávado,ESF,SF 10-112 CV,SF 10-112,1,Cávado,S_F_DEZ_BRAGA,Ligado (DDI)
ESF,Viatura,4260644,Associação Florestal do Cávado,ESF,SF 10-112.2 CV,SF 10-112,1,Cávado,S_F_DEZ_BRAGA,Ligado (DDI)
ESF,Viatura,4260645,AFLODOUNORTE - Associação Florestal do Vale do Douro Norte,ESF,SF 03-117 DR,SF 03-117,1,Douro,S_F_TRES_SABROSA,Ligado (DDI)
ESF,Portatil,4260646,AFLODOUNORTE - Associação Florestal do Vale do Douro Norte,ESF,SF 03-117.2 DR,SF 03-117,1,Douro,S_F_TRES_SABROSA,Ligado (DDI)
ESF,Portatil,4260647,Cooperativa Agrícola de Penela da Beira,ESF,SF 04-117 DR,SF 04-117,1,Douro,S_F_QUATRO_PENEDONO,Ligado (DDI)
ESF,Viatura,4260648,Cooperativa Agrícola de Penela da Beira,ESF,SF 04-117.2 DR,SF 04-117,1,Douro,S_F_QUATRO_PENEDONO,Ligado (DDI)
ESF,Portatil,4260649,RIBAFLOR - Associação Florestal das Terras de Ribadouro,ESF,SF 06-117 DR,SF 06-117,1,Douro,S_F_SEIS_TABUAÇO,Ligado (DDI)
ESF,Viatura,4260650,RIBAFLOR - Associação Florestal das Terras de Ribadouro,ESF,SF 06-117.2 DR,SF 06-117,1,Douro,S_F_SEIS_TABUAÇO,Ligado (DDI)
ESF,Portatil,4260651,Associação de Produtores Florestais do Vale da Campeã,ESF,SF 08-117.2 DR,SF 08-117,1,Douro,S_F_OITO_VILA_REAL,Ligado (COD_EQUIPA)
ESF,Portatil,4260652,RIBAFLOR - Associação Florestal das Terras de Ribadouro,ESF,SF 09-117.2 DR,SF 09-117,1,Douro,S_F_NOVE_LAMEGO,Ligado (COD_EQUIPA)
ESF,Portatil,4260653,AFLODOUNORTE - Associação Florestal do Vale do Douro Norte (ex-Câmara Municipal de Alijó),ESF,SF 10-117 DR,SF 10-117,1,Douro,S_F_DEZ_ALIJÓ,Ligado (DDI)
ESF,Viatura,4260654,Associação Florestal do Vale do Douro Norte,ESF,SF 10-117.2 DR,SF 10-117,1,Douro,S_F_DEZ_ALIJÓ,Ligado (DDI)
ESF,Portatil,4260655,NATURA VIVA - Associação Ambiental e Florestal de Vale de Nogueiras,ESF,SF 11-117.2 DR,SF 11-117,1,Douro,S_F_ONZE_VILA_REAL,Ligado (COD_EQUIPA)
ESF,Portatil,4260656,Assembleia de Compartes dos Baldios de Várzea da Serra-Associação de Promoção dos Interesses dos Compartes da Freguesia de Várzea da Serra,ESF,SF 13-117.2 DR,SF 13-117,1,Douro,S_F_TREZE_TAROUCA,Ligado (COD_EQUIPA)
ESF,Portatil,4260657,Freguesia de São Martinho de Anta,ESF,SF 14-117.2 DR,SF 14-117,1,Douro,S_F_CATORZE_SABROSA,Ligado (COD_EQUIPA)
ESF,Portatil,4260658,Município de Freixo de Espada à Cinta,ESF,SF 15-117.2 DR,SF 15-117,1,Douro,S_F_QUINZE_FREIXO_DE_ESPADA_À_CINTA,Ligado (COD_EQUIPA)
ESF,Portatil,4260659,Município de São João da Pesqueira,ESF,SF 16-117.2 DR,SF 16-117,1,Douro,S_F_DEZASSEIS_SÃO_JOÃO_DA_PESQUEIRA,NÃO ligado
ESF,Viatura,4260660,Órgão de Gestão do Baldio da Serra do Reboredo (representado pelo Município de Torre de Moncorvo),ESF,SF 19-117 DR,SF 19-117,1,Douro,S_F_DEZANOVE_TORRE_DE_MONCORVO,Ligado (DDI)
ESF,Portatil,4260661,Órgão de Gestão do Baldio da Serra do Reboredo (representado pelo Município de Torre de Moncorvo),ESF,SF 19-117.2 DR,SF 19-117,1,Douro,S_F_DEZANOVE_TORRE_DE_MONCORVO,Ligado (DDI)
ESF,Portatil,4260662,Freguesia de Mouçós e Lamares,ESF,SF 20-117 DR,SF 20-117,1,Douro,S_F_VINTE_VILA_REAL,Ligado (DDI)
ESF,Viatura,4260663,Freguesia de Mouçós e Lamares,ESF,SF 20-117.2 DR,SF 20-117,1,Douro,S_F_VINTE_VILA_REAL,Ligado (DDI)
ESF,Viatura,4260664,AFLODOUNORTE - Associação Florestal do Vale do Douro Norte,ESF,SF 21-117 DR,SF 21-117,1,Douro,S_F_VINTE_E_UM_CARRAZEDA_DE_ANSIÃES,Ligado (DDI)
ESF,Portatil,4260665,AFLODOUNORTE - Associação Florestal do Vale do Douro Norte,ESF,SF 21-117.2 DR,SF 21-117,1,Douro,S_F_VINTE_E_UM_CARRAZEDA_DE_ANSIÃES,Ligado (DDI)
ESF,Portatil,4260666,AFLODOUNORTE - Associação Florestal do Vale do Douro Norte (ex-Município de Murça),ESF,SF 26-118 DR,SF 26-118,1,Douro,S_F_VINTE_SEIS_MURÇA,Ligado (DDI)
ESF,Viatura,4260667,Associação Florestal do Vale do Douro Norte,ESF,SF 26-118.2 DR,SF 26-118,1,Douro,S_F_VINTE_SEIS_MURÇA,Ligado (DDI)
ESF,Portatil,4260668,Freguesia de Borbela e Lamas de Olo,ESF,SF 32-115.2 DR,SF 32-115,1,Douro,S_F_TRINTA_E_DOIS_VILA_REAL,Ligado (COD_EQUIPA)
ESF,Viatura,4260669,Conselho Directivo dos Baldios do Cabril,ESF,SF 06-118.2 AT,SF 06-118,1,Alto Tâmega e Barroso,S_F_SEIS_MONTALEGRE,Ligado (DDI)
ESF,Viatura,4260670,Conselho Directivo dos Baldios de Outeiro,ESF,SF 08-118.2 AT,SF 08-118,1,Alto Tâmega e Barroso,S_F_OITO_MONTALEGRE,Ligado (DDI)
ESF,Viatura,4260671,AFACC - Associação Florestal e Ambiental do Concelho de Chaves,ESF,SF 12-118.2 AT,SF 12-118,1,Alto Tâmega e Barroso,S_F_DOZE_CHAVES,Ligado (DDI)
ESF,Viatura,4260672,FLORESTA 21-Associação de Produtores Florestais do Perímetro de Leomil,ESF,SF 01-117.2 DR,SF 01-117,1,Douro,S_F_UM_MOIMENTA_DA_BEIRA,Ligado (DDI)
ESF,Viatura,4260673,Municipio de Sernancelhe,ESF,SF 17-117.2 DR,SF 17-117,1,Douro,S_F_DEZASETE_SERNANCELHE,Ligado (DDI)
ESF,Viatura,4260674,ADRLU - Lobos Uivam,ESF,SF 18-117.2 DR,SF 18-117,1,Douro,S_F_DEZOITO_MOIMENTA_DA_BEIRA,Ligado (DDI)
CNAF,Portatil,4260675,PNPG - Terras do Bouro,CNAF,SF CNAF23.2 CV,CNAF 23,1,Cávado,CNAF_VINTE_E_TRES_TERRAS_DO_BOURO,Ligado (COD_EQUIPA)
CNAF,Portatil,4260676,Mata Nacional do Gerês,CNAF,SF CNAF50.2 CV,CNAF 50,1,Cávado,CNAF_CINQUENTA_TERRAS_DO_BOURO,Ligado (COD_EQUIPA)
CNAF,Portatil,4260677,PNPG - Terras do Bouro,CNAF,SF CNAF27.2 CV,CNAF 27,1,Cávado,CNAF_VINTE_SETE_TERRAS_DO_BOURO,Ligado (DDI)
CNAF,Portatil,4260678,Mata Nacional do Gerês,CNAF,SF CNAF50 CV,CNAF 50,1,Cávado,CNAF_CINQUENTA_TERRAS_DO_BOURO,Ligado (DDI)
CNAF,Portatil,4260679,Perímetro Florestal da Serra da Cabreira,CNAF,SF CNAF19.2 AV,CNAF 19,1,Ave,CNAF_DEZANOVE_CABECEIRAS_DE_BASTO,Ligado (DDI)
CNAF,Portatil,4260680,Perímetro Florestal da Serra da Cabreira,CNAF,SF CNAF19 AV,CNAF 19,1,Ave,CNAF_DEZANOVE_CABECEIRAS_DE_BASTO,Ligado (COD_EQUIPA)
VN,Portatil,4260681,Parque Nacional da Peneda-Gerês,VN,SF 1VN05 CV,SF 1VN05,1,Cávado,NULL,Ligado (DDI)
CNAF,Portatil,4260682,PNPG - Terras do Bouro,CNAF,SF CNAF23 CV,CNAF 23,1,Cávado,CNAF_VINTE_E_TRES_TERRAS_DO_BOURO,Ligado (DDI)
CNAF,Portatil,4260683,PNPG - Terras do Bouro,CNAF,SF CNAF27 CV,CNAF 27,1,Cávado,CNAF_VINTE_SETE_TERRAS_DO_BOURO,Ligado (COD_EQUIPA)
CNAF,Portatil,4260684,Perímetro Florestal de Mondim de Basto,CNAF,SF CNAF20 AV,CNAF 20,1,Ave,CNAF_VINTE_MONDIM_DE_BASTOS,Ligado (DDI)
CNAF,Portatil,4260685,Perímetro Florestal de Mondim de Basto,CNAF,SF CNAF20.2 AV,CNAF 20,1,Ave,CNAF_VINTE_MONDIM_DE_BASTOS,Ligado (COD_EQUIPA)
CNAF,Portatil,4260686,Perímetro Florestal do Barroso e Perímetro Florestal de Ribeira de Pena,CNAF,SF CNAF21 AT,CNAF 21,1,Alto Tâmega e Barroso,CNAF_VINTE_E_UM_RIBEIRA_DE_PENA,Ligado (DDI)
CNAF,Portatil,4260687,"PF Marão, PF Vila real e Ordem",CNAF,SF CNAF42 DR,CNAF 42,1,Douro,CNAF_QUARENTA_E_DOIS_VILA_REAL,Ligado (DDI)
VN,Portatil,4260688,Equipa do PN Litoral Norte ,VN,SF 1VN03 CV,SF 1VN03,1,Cávado,NULL,Ligado (DDI)
CNAF,Portatil,4260689,PF do Barroso e PF de Ribeira de Pena,CNAF,SF CNAF17 AT,CNAF 17,1,Alto Tâmega e Barroso,CNAF_DEZASSETE_BOTICAS,Ligado (DDI)
CNAF,Portatil,4260690,PNPG - Montalegre,CNAF,SF CNAF30 AT,CNAF 30,1,Alto Tâmega e Barroso,CNAF_TRINTA_MONTALEGRE,Ligado (COD_EQUIPA)
CNAF,Portatil,4260691,PNPG - Montalegre,CNAF,SF CNAF29 AT,CNAF 29,1,Alto Tâmega e Barroso,CNAF_VINTE_E_NOVE_MONTALEGRE,Ligado (COD_EQUIPA)
CNAF,Portatil,4260692,Perímetro Florestal do Barroso e Perímetro Florestal de Ribeira de Pena,CNAF,SF CNAF21.2 AT,CNAF 21,1,Alto Tâmega e Barroso,CNAF_VINTE_E_UM_RIBEIRA_DE_PENA,Ligado (COD_EQUIPA)
CNAF,Portatil,4260693,"PF Marão, PF Vila real e Ordem",CNAF,SF CNAF42.2 DR,CNAF 42,1,Douro,CNAF_QUARENTA_E_DOIS_VILA_REAL,Ligado (COD_EQUIPA)
CNAF,Portatil,4260694,PF do Barroso e PF de Ribeira de Pena,CNAF,SF CNAF17.2 AT,CNAF 17,1,Alto Tâmega e Barroso,CNAF_DEZASSETE_BOTICAS,Ligado (COD_EQUIPA)
CNAF,Portatil,4260695,PNPG - Montalegre,CNAF,SF CNAF30.2 AT,CNAF 30,1,Alto Tâmega e Barroso,CNAF_TRINTA_MONTALEGRE,Ligado (DDI)
CNAF,Portatil,4260696,PNPG - Montalegre,CNAF,SF CNAF29.2 AT,CNAF 29,1,Alto Tâmega e Barroso,CNAF_VINTE_E_NOVE_MONTALEGRE,Ligado (DDI)
VN,Portatil,4260697,Equipa do PN Alvão ,VN,SF 1VN02 DR,SF 1VN02,1,Douro,NULL,Ligado (DDI)
CNAF,Portatil,4260698,PF Serra da Padrela e Vila pouca de Aguiar,CNAF,SF CNAF43 AT,CNAF 43,1,Alto Tâmega e Barroso,CNAF_QUARENTA_E_TRES_VILA_POUCA_DE_AGUIAR,Ligado (DDI)
EGFR,Portatil,4260699,GFR - Norte,GFR,SF NSR AVE1 AV,GFR AV,1,Cávado,NULL,NÃO ligado
EGFR,Portatil,4260700,GFR - Norte,GFR,SF NSR DOU1 DR,GFR DR,1,Douro,NULL,Ligado (DDI)
EGFR,Portatil,4260701,GFR - Norte,GFR,SF NSR DOU2 DR,GFR DR,1,Douro,NULL,Ligado (DDI)
EGFR,Portatil,4260702,GFR - Norte,GFR,SF NSR DOU3 DR,GFR DR,1,Douro,NULL,Ligado (DDI)
EGFR,Portatil,4260703,GFR - Norte,GFR,SF NSR DOU4 DR,GFR DR,1,Douro,NULL,NÃO ligado
EGFR,Portatil,4260704,GFR - Norte,GFR,SF NSR AT2 AT,GFR AT,1,Alto Tâmega e Barroso,NULL,Ligado (DDI)
EGFR,Portatil,4260705,GFR - Norte,GFR,SF NSR AT1 AT,GFR AT,1,Alto Tâmega e Barroso,NULL,Ligado (DDI)
EGFR,Portatil,4260706,GFR - Norte,GFR,SF NSR AT3 AT,GFR AT,1,Alto Tâmega e Barroso,NULL,Ligado (DDI)
EGFR,Portatil,4260707,GFR - Norte,GFR,SF NSR AT4 AT,GFR AT,1,Alto Tâmega e Barroso,NULL,Ligado (DDI)
EGFR,Portatil,4260708,GFR - Norte,GFR,SF NSR AVE2 AV,GFR AV,1,Ave,NULL,NÃO ligado
EGFR,Portatil,4260709,GFR - Norte,GFR,SF NSR AVE3 AV,GFR AV,1,Ave,NULL,NÃO ligado
EGFR,Portatil,4260710,GFR - Norte,GFR,SF NSR AVE4 AV,GFR AV,1,Ave,NULL,NÃO ligado
EGFR,Portatil,4260711,GFR - Norte,GFR,SF NSR CAV1 CV,GFR CV,1,Alto Minho,NULL,NÃO ligado
EGFR,Portatil,4260712,GFR - Norte,GFR,SF NSR CAV2 CV,GFR CV,1,Cávado,NULL,NÃO ligado
EGFR,Portatil,4260713,GFR - Norte,GFR,SF NSR CAV3 CV,GFR AM,1,Cávado,NULL,NÃO ligado
EGFR,Portatil,4260714,GFR - Norte,GFR,SF NSR CAV4 CV,GFR AM,1,Alto Minho,NULL,NÃO ligado
EGFR,Portatil,4260715,GFR - Norte,GFR,SF NSR AT5 AT,GFR AT,1,Alto Tâmega e Barroso,NULL,NÃO ligado
ESF,Portatil,4260716,AFACC - Associação Florestal e Ambiental do Concelho de Chaves,ESF,SF 58-118 AT,SF 58-118,1,Alto Tâmega e Barroso,NULL,Ligado (DDI)
ESF,Portatil,4260717,AFACC - Associação Florestal e Ambiental do Concelho de Chaves,ESF,SF 58-118.2 AT,SF 58-118,1,Alto Tâmega e Barroso,NULL,Ligado (COD_EQUIPA)
ESF,Portatil,4261054,Conselho Directivo dos Baldios de Outeiro,ESF,SF 08-118 VR,SF 08-118,1,Alto Tâmega e Barroso,S_F_OITO_MONTALEGRE,Ligado (COD_EQUIPA)
ESF,Viatura,4261128,Associação Florestal do Vale do Douro Norte,ESF,SF 10-117.2 VR,SF 10-117,1,Douro,S_F_DEZ_ALIJÓ,Ligado (COD_EQUIPA)
ESF,Viatura,4261145,Associação Florestal do Vale do Douro Norte,ESF,SF 26-118.2 VR,SF 26-118,1,Douro,S_F_VINTE_SEIS_MURÇA,Ligado (COD_EQUIPA)
ESF,Viatura,4265006,"COOPERBASTO-Cooperativa Agrícola de Basto, CRL",ESF,SF 21-115 BG,SF 21-115,1,Tâmega e Sousa,S_F_VINTE_E_UM_CELORICO_DE_BASTO,NÃO ligado
CNAF,Viatura,4265026,PNPG - Ponte da Barca,CNAF,SF CNAF28 VC,CNAF 28,1,Alto Minho,CNAF_VINTE_E_OITO_PONTE_DA_BARCA,Ligado (DDI)
CNAF,Viatura,4265027,PNPG - Montalegre,CNAF,SF CNAF29 VR,CNAF 29,1,Alto Tâmega e Barroso,CNAF_VINTE_E_NOVE_MONTALEGRE,Ligado (DDI)
CNAF,Viatura,4265028,PNPG - Montalegre,CNAF,SF CNAF30 VR,CNAF 30,1,Alto Tâmega e Barroso,CNAF_TRINTA_MONTALEGRE,Ligado (DDI)
CNAF,Viatura,4265029,PNPG - Melgaço,CNAF,SF CNAF31 VC,CNAF 31,1,Alto Minho,CNAF_TRINTA_E_UM_MELGAÇO,Ligado (DDI)
CNAF,Viatura,4265030,PNPG - Melgaço,CNAF,SF CNAF32 VC,CNAF 32,1,Alto Minho,CNAF_TRINTA_E_DOIS_MELGAÇO,Ligado (DDI)
ESF,Portatil,5260500,ADRL-Associação de Desenvolvimento Rural de Lafões,ESF,SF 01-165 VD,SF 01-165,1,Viseu Dão Lafões,S_F_UM_VOUZELA,Ligado (DDI)
ESF,Portatil,5260501,Associação de Produtores Florestais e Agrícolas do Concelho de Proença-a-Nova,ESF,SF 01-166 BB,SF 01-166,1,Beira Baixa,S_F_UM_PROENÇA_A_NOVA,Ligado (DDI)
ESF,Portatil,5260502,AFLOBEI - Associação de Produtores Florestais da Beira Interior,ESF,SF 01-169 BB,SF 01-169,1,Beira Baixa,S_F_UM_IDANHA_A_NOVA,Ligado (DDI)
ESF,Portatil,5260503,Agência de Desenvolvimento Gardunha 21,ESF,SF 01-16A BS,SF 01-16A,1,Beiras e Serra da Estrela,S_F_UM_FUNDÃO,Ligado (DDI)
ESF,Portatil,5260504,Município de Figueira da Foz,ESF,SF 02-162 RC,SF 02-162,1,Região de Coimbra,S_F_DOIS_FIGUEIRA_DA_FOZ,Ligado (COD_EQUIPA)
ESF,Portatil,5260505,FLORA - Associação de Agricultores e Silvicultores da Partida,ESF,SF 02-169 BB,SF 02-169,1,Beira Baixa,S_F_DOIS_CASTELO_BRANCO,Ligado (DDI)
ESF,Portatil,5260506,Município de Mira,ESF,SF 03-162 RC,SF 03-162,1,Região de Coimbra,S_F_TRES_MIRA,Ligado (COD_EQUIPA)
ESF,Portatil,5260507,MAGAREFA - Associação de Produtores Florestais,ESF,SF 03-169 BB,SF 03-169,1,Beira Baixa,S_F_TRÊS_CASTELO_BRANCO,Ligado (DDI)
ESF,Portatil,5260508,SAURIUM FLORESTAL - Associação Prá Floresta do Concelho de Soure,ESF,SF 04-162 RC,SF 04-162,1,Região de Coimbra,S_F_QUATRO_SOURE,Ligado (COD_EQUIPA)
ESF,Portatil,5260509,Município da Figueira da Foz,ESF,SF 05-162 RC,SF 05-162,1,Região de Coimbra,S_F_CINCO_FIGUEIRA_DA_FOZ,Ligado (COD_EQUIPA)
ESF,Portatil,5260510,Freguesia de Tocha,ESF,SF 06-162 RC,SF 06-162,1,Região de Coimbra,S_F SEIS_CANTANHEDE,Ligado (DDI)
ESF,Portatil,5260511,Município da Mealhada,ESF,SF 07-161 RC,SF 07-161,1,Região de Coimbra,S_F_SETE_MEALHADA,Ligado (COD_EQUIPA)
ESF,Portatil,5260512,CAULE - Associação Florestal da Beira Serra,ESF,SF 07-162 RC,SF 07-162,1,Região de Coimbra,S_F_SETE_PENACOVA,Ligado (DDI)
ESF,Portatil,5260513,Município de Mortágua,ESF,SF 07-165 RC,SF 07-165,1,Região de Coimbra,S_F_SETE_MORTÁGUA,Ligado (DDI)
ESF,Portatil,5260514,ADRL-Associação de Desenvolvimento Rural de Lafões,ESF,SF 08-165 VD,SF 08-165,1,Viseu Dão Lafões,S_F_OITO_VOUZELA,Ligado (DDI)
ESF,Portatil,5260515,Município de Seia,ESF,SF 08-167 BS,SF 08-167,1,Beiras e Serra da Estrela,S_F_OITO_SEIA,Ligado (DDI)
ESF,Portatil,5260516,Município de Montemor-o-Velho,ESF,SF 10-162 RC,SF 10-162,1,Região de Coimbra,S_F_DEZ_MONTEMOR_O_VELHO,Ligado (COD_EQUIPA)
ESF,Portatil,5260517,APFAM - Associação de Produtores Florestais de Alvelos e Muradal,ESF,SF 10-166 BB,SF 10-166,1,Beira Baixa,S_F_DEZ_OLEIROS,Ligado (COD_EQUIPA)
ESF,Portatil,5260518,Município de Idanha-a-Nova,ESF,SF 10-169 BB,SF 10-169,1,Beira Baixa,S_F_DEZ_IDANHA_A_NOVA,Ligado (DDI)
ESF,Portatil,5260519,Serras e Povoados - Associação,ESF,SF 16-16A BS,SF 16-16A,1,Beiras e Serra da Estrela,S_F_DEZASSEIS_FUNDÃO,Ligado (COD_EQUIPA)
ESF,Portatil,5260520,Associação de Produtores Florestais de Montemuro e Paiva,ESF,SF 22-165 VD,SF 22-165,1,Viseu Dão Lafões,S_F_VINTE_E_DOIS_CASTRO_DE_AIRE,Ligado (COD_EQUIPA)
ESF,Portatil,5260521,CROFLOR - Associação de Produtores Florestais do Cró,ESF,SF 22-168 BS,SF 22-168,1,Beiras e Serra da Estrela,S_F_VINTE_E_DOIS_ALMEIDA,Ligado (DDI)
ESF,Portatil,5260522,COVICÔA - Associação de Produtores de Pequenos Ruminantes da Bacia Hidrográfica do Côa,ESF,SF 23-168 BS,SF 23-168,1,Beiras e Serra da Estrela,S_F_VINTE_E_TRÊS_PINHEL,Ligado (COD_EQUIPA)
ESF,Portatil,5260523,DÃO FLORA-Associação de Produtores Florestais,ESF,SF 24-165 VD,SF 24-165,1,Viseu Dão Lafões,S_F_VINTE_E_QUATRO_PENALVA_DO_CASTELO,Ligado (DDI)
ESF,Portatil,5260524,Freguesia de Fajão e Vidual,ESF,SF 25-164 RC,SF 25-164,1,Região de Coimbra,S_F_VINTE_E_CINCO_PAMPILHOSA_DA_SERRA,Ligado (DDI)
ESF,Portatil,5260525,Freguesia de Parada de Gonta,ESF,SF 25-165 VD,SF 25-165,1,Viseu Dão Lafões,S_F_VINTE_E_CINCO_TONDELA,Ligado (COD_EQUIPA)
ESF,Portatil,5260526,União das Freguesias de Cadafez e Colmeal,ESF,SF 26-164 RC,SF 26-164,1,Região de Coimbra,S_F_VINTE_E_SEIS_GOIS,Ligado (DDI)
ESF,Portatil,5260527,Município de Vila Nova de Paiva,ESF,SF 26-165 VD,SF 26-165,1,Viseu Dão Lafões,S_F_VINTE_E_SEIS_VILA_NOVA_DE_PAIVA,Ligado (COD_EQUIPA)
ESF,Portatil,5260528,Conselho Directivo dos Baldios da Freguesia de Vila Nova,ESF,SF 27-164 RC,SF 27-164,1,Região de Coimbra,S_F_VINTE_E_SETE_MIRANDA_DO_CORVO,Ligado (DDI)
ESF,Portatil,5260529,CAULE - Associação Florestal da Beira Serra,ESF,SF 28-164 RC,SF 28-164,1,Região de Coimbra,S_F_VINTE_E_OITO_TÁBUA,Ligado (DDI)
ESF,Portatil,5260530,Associação de Freguesia da Serra do Caramulo,ESF,SF 29-165 VD,SF 29-165,1,Viseu Dão Lafões,S_F_VINTE_E_NOVE_TONDELA,Ligado (DDI)
ESF,Portatil,5260531,Município de Mortágua,ESF,SF 37-165 RC,SF 37-165,1,Região de Coimbra,S_F_TRINTA_E_SETE_MORTÁGUA,Ligado (COD_EQUIPA)
ESF,Portatil,5260532,Freguesia do Touro,ESF,SF 42-165 VD,SF 42-165,1,Viseu Dão Lafões,S_F_QUARENTA_E_DOIS_VILA_NOVA_DE_PAIVA,Ligado (DDI)
ESF,Portatil,5260533,CEDRUS - Asociação de Produtores Florestai de Viseu,ESF,SF 43-165 VD,SF 43-165,1,Viseu Dão Lafões,S_F_QUARENTA_E_TRES_VISEU,Ligado (DDI)
ESF,Portatil,5260534,Associação de Produtores Florestais do Planalto Beirão,ESF,SF 44-165 VD,SF 44-165,1,Viseu Dão Lafões,S_F_QUARENTA_E_QUATRO_NELAS,Ligado (DDI)
ESF,Viatura,5260535,Assembleia de Compartes dos Baldios de Louriçal do Campo,ESF,SF 04-169 BB,SF 04-169,1,Beira Baixa,S_F_QUATRO_CASTELO_BRANCO,Ligado (DDI)
ESF,Portatil,5260536,Assembleia de Compartes dos Baldios de Louriçal do Campo,ESF,SF 04-169.2 BB,SF 04-169,1,Beira Baixa,S_F_QUATRO_CASTELO_BRANCO,Ligado (DDI)
ESF,Viatura,5260537,FLORA - Associação de Agricultores e Silvicultores da Partida,ESF,SF 05-169 BB,SF 05-169,1,Beira Baixa,S_F_CINCO_CASTELO_BRANCO,Ligado (DDI)
ESF,Portatil,5260538,FLORA - Associação de Agricultores e Silvicultores da Partida,ESF,SF 05-169.2 BB,SF 05-169,1,Beira Baixa,S_F_CINCO_CASTELO_BRANCO,Ligado (DDI)
ESF,Viatura,5260539,Associação de Produtores Florestais e Agrícolas do Concelho de Proença-a-Nova,ESF,SF 07-166 BB,SF 07-166,1,Beira Baixa,S_F_SETE_PROENÇA_A_NOVA,Ligado (DDI)
ESF,Portatil,5260540,Associação de Produtores Florestais e Agrícolas do Concelho de Proença-a-Nova,ESF,SF 07-166.2 BB,SF 07-166,1,Beira Baixa,S_F_SETE_PROENÇA_A_NOVA,Ligado (DDI)
ESF,Viatura,5260541,Associação de Produtores Florestais e Agrícolas do Concelho de Proença-a-Nova,ESF,SF 07-169 BB,SF 07-169,1,Beira Baixa,S_F_SETE_VILA_VELHA_DE_RODÃO,Ligado (DDI)
ESF,Portatil,5260542,Associação de Produtores Florestais e Agrícolas do Concelho de Proença-a-Nova,ESF,SF 07-169.2 BB,SF 07-169,1,Beira Baixa,S_F_SETE_VILA_VELHA_DE_RODÃO,Ligado (DDI)
ESF,Portatil,5260543,AFLOBEI - Associação de Produtores Florestais da Beira Interior,ESF,SF 08-169 BB,SF 08-169,1,Beira Baixa,S_F_OITO_CASTELO_BRANCO,Ligado (DDI)
ESF,Viatura,5260544,AFLOBEI - Associação de Produtores Florestais da Beira Interior,ESF,SF 08-169.2 BB,SF 08-169,1,Beira Baixa,S_F_OITO_CASTELO_BRANCO,Ligado (DDI)
ESF,Portatil,5260545,OPAFLOR - Associação de Produtores Florestais da Serra de Opa,ESF,SF 09-169 BB,SF 09-169,1,Beira Baixa,S_F_NOVE_PENAMACOR,Ligado (DDI)
ESF,Viatura,5260546,OPAFLOR - Associação de Produtores Florestais da Serra de Opa,ESF,SF 09-169.2 BB,SF 09-169,1,Beira Baixa,S_F_NOVE_PENAMACOR,Ligado (DDI)
ESF,Portatil,5260547,APFAM - Associação de Produtores Florestais de Alvelos e Muradal,ESF,SF 10-166.2 BB,SF 10-166,1,Beira Baixa,S_F_DEZ_OLEIROS,Ligado (DDI)
ESF,Portatil,5260548,Município de Idanha-a-Nova,ESF,SF 10-169.2 BB,SF 10-169,1,Beira Baixa,S_F_DEZ_IDANHA_A_NOVA,Ligado (COD_EQUIPA)
ESF,Portatil,5260549,APFAM - Associação de Produtores Florestais de Alvelos e Muradal,ESF,SF 11-166 BB,SF 11-166,1,Beira Baixa,S_F_ONZE_OLEIROS,Ligado (DDI)
ESF,Portatil,5260550,APFAM - Associação de Produtores Florestais de Alvelos e Muradal,ESF,SF 11-166.2 BB,SF 11-166,1,Beira Baixa,S_F_ONZE_OLEIROS,Ligado (COD_EQUIPA)
BSF,Viatura,5260551,Comunidade Intermunicipal da Beira Baixa - BRIG-1-169,BSF,SF 11-169 BB,SF 11-169,1,Beira Baixa,BRIGADA_UM_CIM_BEIRA_BAIXA,Ligado (DDI)
BSF,Portatil,5260552,Comunidade Intermunicipal da Beira Baixa - BRIG-1-169,BSF,SF 11-169.2 BB,SF 11-169,1,Beira Baixa,BRIGADA_UM_CIM_BEIRA_BAIXA,Ligado (DDI)
ESF,Portatil,5260553,APROFLORA - Associação de Produtores Florestais e Agrícolas da Zona do Pinhal,ESF,SF 12-166 BB,SF 12-166,1,Beira Baixa,S_F_DOZE_IDANHA_A_NOVA,Ligado (DDI)
ESF,Portatil,5260554,APROFLORA - Associação de Produtores Florestais e Agrícolas da Zona do Pinhal,ESF,SF 12-166.2 BB,SF 12-166,1,Beira Baixa,S_F_DOZE_IDANHA_A_NOVA,Ligado (COD_EQUIPA)
BSF,Viatura,5260555,Comunidade Intermunicipal da Beira Baixa - BRIG-1-169,BSF,SF 12-169 BB,SF 12-169,1,Beira Baixa,BRIGADA_UM_CIM_BEIRA_BAIXA,Ligado (DDI)
BSF,Portatil,5260556,Comunidade Intermunicipal da Beira Baixa - BRIG-1-169,BSF,SF 12-169.2 BB,SF 12-169,1,Beira Baixa,BRIGADA_UM_CIM_BEIRA_BAIXA,Ligado (DDI)
BSF,Viatura,5260557,Comunidade Intermunicipal da Beira Baixa - BRIG-1-169,BSF,SF 13-169 BB,SF 13-169,1,Beira Baixa,BRIGADA_UM_CIM_BEIRA_BAIXA,Ligado (DDI)
BSF,Portatil,5260558,Comunidade Intermunicipal da Beira Baixa - BRIG-1-169,BSF,SF 13-169.2 BB,SF 13-169,1,Beira Baixa,BRIGADA_UM_CIM_BEIRA_BAIXA,Ligado (DDI)
BSF,Portatil,5260559,Comunidade Intermunicipal da Beira Baixa - BRIG-2-169,BSF,SF 14-169 BB,SF 14-169,1,Beira Baixa,BRIGADA_DOIS_CIM_BEIRA_BAIXA,Ligado (DDI)
BSF,Viatura,5260560,Comunidade Intermunicipal da Beira Baixa - BRIG-2-169,BSF,SF 14-169.2 BB,SF 14-169,1,Beira Baixa,BRIGADA_DOIS_CIM_BEIRA_BAIXA,Ligado (DDI)
BSF,Portatil,5260561,Comunidade Intermunicipal da Beira Baixa - BRIG-2-169,BSF,SF 15-169 BB,SF 15-169,1,Beira Baixa,BRIGADA_DOIS_CIM_BEIRA_BAIXA,Ligado (DDI)
BSF,Viatura,5260562,Comunidade Intermunicipal da Beira Baixa - BRIG-2-169,BSF,SF 15-169.2 BB,SF 15-169,1,Beira Baixa,BRIGADA_DOIS_CIM_BEIRA_BAIXA,Ligado (DDI)
BSF,Portatil,5260563,Comunidade Intermunicipal da Beira Baixa - BRIG-2-169,BSF,SF 16-169 BB,SF 16-169,1,Beira Baixa,BRIGADA_DOIS_CIM_BEIRA_BAIXA,Ligado (DDI)
BSF,Viatura,5260564,Comunidade Intermunicipal da Beira Baixa - BRIG-2-169,BSF,SF 16-169.2 BB,SF 16-169,1,Beira Baixa,BRIGADA_DOIS_CIM_BEIRA_BAIXA,Ligado (DDI)
BSF,Portatil,5260565,Comunidade Intermunicipal da Beira Baixa - BRIG-2-169 Tecnico2,BSF,SF BR2-169 BB,SF 14-169,1,Beira Baixa,BRIGADA_DOIS_CIM_BEIRA_BAIXA,Ligado (COD_EQUIPA)
BSF,Portatil,5260566,Comunidade Intermunicipal da Beira Baixa - BRIG-1-169 Tecnico1,BSF,SF BR1-169 BB,SF 11-169,1,Beira Baixa,BRIGADA_UM_CIM_BEIRA_BAIXA,Ligado (COD_EQUIPA)
ESF,Viatura,5260567,URZE - Associação Florestal da Encosta da Serra da Estrela,ESF,SF 01-167 BS,SF 01-167,1,Beiras e Serra da Estrela,S_F_UM_GOUVEIA,Ligado (DDI)
ESF,Portatil,5260568,URZE - Associação Florestal da Encosta da Serra da Estrela,ESF,SF 01-167.2 BS,SF 01-167,1,Beiras e Serra da Estrela,S_F_UM_GOUVEIA,Ligado (DDI)
ESF,Portatil,5260569,CELFLOR - Associação de Produtores Florestais,ESF,SF 02-168 BS,SF 02-168,1,Beiras e Serra da Estrela,S_F_DOIS_CELORICO_DA_BEIRA,Ligado (DDI)
ESF,Portatil,5260570,CELFLOR - Associação de Produtores Florestais,ESF,SF 02-168.2 BS,SF 02-168,1,Beiras e Serra da Estrela,S_F_DOIS_CELORICO_DA_BEIRA,Ligado (COD_EQUIPA)
ESF,Portatil,5260571,ACRISABUGAL - Associação de Criadores de Ruminantes e de Produtores Florestais do Concelho do Sabugal,ESF,SF 03-168 BS,SF 03-168,1,Beiras e Serra da Estrela,S_F_TRES_SABUGAL,Ligado (DDI)
ESF,Portatil,5260572,ACRISABUGAL - Associação de Criadores de Ruminantes e de Produtores Florestais do Concelho do Sabugal,ESF,SF 03-168.2 BS,SF 03-168,1,Beiras e Serra da Estrela,S_F_TRES_SABUGAL,Ligado (COD_EQUIPA)
ESF,Viatura,5260573,APROFFAL - Associação de Produtores Florestais de Fornos de Algodres,ESF,SF 04-167 BS,SF 04-167,1,Beiras e Serra da Estrela,S_F_QUATRO_FORNOS_DE_ALGOODRES,Ligado (DDI)
ESF,Portatil,5260574,APROFFAL - Associação de Produtores Florestais de Fornos de Algodres,ESF,SF 04-167.2 BS,SF 04-167,1,Beiras e Serra da Estrela,S_F_QUATRO_FORNOS_DE_ALGOODRES,Ligado (DDI)
ESF,Portatil,5260575,CELFLOR - Associação de Produtores Florestais,ESF,SF 04-168 BS,SF 04-168,1,Beiras e Serra da Estrela,S_F_QUATRO_CELORICO_DA_BEIRA,Ligado (DDI)
ESF,Portatil,5260576,CELFLOR - Associação de Produtores Florestais,ESF,SF 04-168.2 BS,SF 04-168,1,Beiras e Serra da Estrela,S_F_QUATRO_CELORICO_DA_BEIRA,Ligado (COD_EQUIPA)
ESF,Portatil,5260577,ACRISABUGAL - Associação de Criadores de Ruminantes e de Produtores Florestais do Concelho do Sabugal,ESF,SF 05-168 BS,SF 05-168,1,Beiras e Serra da Estrela,S_F_CINCO_SABUGAL,Ligado (DDI)
ESF,Portatil,5260578,ACRISABUGAL - Associação de Criadores de Ruminantes e de Produtores Florestais do Concelho do Sabugal,ESF,SF 05-168.2 BS,SF 05-168,1,Beiras e Serra da Estrela,S_F_CINCO_SABUGAL,Ligado (COD_EQUIPA)
ESF,Portatil,5260579,Conselho Directivo dos Baldios da Freguesia de Cortes do Meio,ESF,SF 05-16A BS,SF 05-16A,1,Beiras e Serra da Estrela,S_F_CINCO_COVILHÃ,Ligado (DDI)
ESF,Portatil,5260580,Conselho Directivo dos Baldios da Freguesia de Cortes do Meio,ESF,SF 05-16A.2 BS,SF 05-16A,1,Beiras e Serra da Estrela,S_F_CINCO_COVILHÃ,Ligado (COD_EQUIPA)
ESF,Portatil,5260581,Município de Gouveia,ESF,SF 06-167 BS,SF 06-167,1,Beiras e Serra da Estrela,S_F_SETE_GOUVEIA,Ligado (DDI)
ESF,Viatura,5260582,Município de Gouveia,ESF,SF 06-167.2 BS,SF 06-167,1,Beiras e Serra da Estrela,S_F_SETE_GOUVEIA,Ligado (DDI)
ESF,Portatil,5260583,Associação de Produtores Florestais do Concelho de Figueira de Castelo Rodrigo,ESF,SF 06-168 BS,SF 06-168,1,Beiras e Serra da Estrela,S_F_SEIS_FIGUEIRA_DE_CASTELO_RODRIGO,Ligado (DDI)
ESF,Portatil,5260584,Associação de Produtores Florestais do Concelho de Figueira de Castelo Rodrigo,ESF,SF 06-168.2 BS,SF 06-168,1,Beiras e Serra da Estrela,S_F_SEIS_FIGUEIRA_DE_CASTELO_RODRIGO,Ligado (COD_EQUIPA)
ESF,Portatil,5260585,Conselho Directivo dos Baldios de Folgosinho,ESF,SF 07-167 BS,SF 07-167,1,Beiras e Serra da Estrela,S_F_SETE_GOUVEIA,Ligado (DDI)
ESF,Viatura,5260586,Conselho Directivo dos Baldios de Folgosinho,ESF,SF 07-167.2 BS,SF 07-167,1,Beiras e Serra da Estrela,S_F_SETE_GOUVEIA,Ligado (DDI)
ESF,Viatura,5260587,Associação Floresta Viva de Fernão Joanes,ESF,SF 07-168 BS,SF 07-168,1,Beiras e Serra da Estrela,S_F_SETE_GUARDA,Ligado (DDI)
ESF,Portatil,5260588,Associação Floresta Viva de Fernão Joanes,ESF,SF 07-168.2 BS,SF 07-168,1,Beiras e Serra da Estrela,S_F_SETE_GUARDA,Ligado (DDI)
ESF,Portatil,5260589,PINUS VERDE - Associação de Desenvolvimento Integrado da Floresta,ESF,SF 07-16A BS,SF 07-16A,1,Beiras e Serra da Estrela,S_F_SETE_FUNDÃO,Ligado (DDI)
ESF,Portatil,5260590,PINUS VERDE - Associação de Desenvolvimento Integrado da Floresta,ESF,SF 07-16A.2 BS,SF 07-16A,1,Beiras e Serra da Estrela,S_F_SETE_FUNDÃO,Ligado (COD_EQUIPA)
ESF,Portatil,5260591,Município de Seia,ESF,SF 08-167.2 BS,SF 08-167,1,Beiras e Serra da Estrela,S_F_OITO_SEIA,Ligado (COD_EQUIPA)
ESF,Viatura,5260592,Conselho Diretivo dos Baldios da Freguesia de Santa Maria de Manteigas,ESF,SF 08-168 BS,SF 08-168,1,Beiras e Serra da Estrela,S_F_OITO_MANTEIGAS,Ligado (DDI)
ESF,Portatil,5260593,Conselho Directivo dos Baldios de Santa Maria,ESF,SF 08-168.2 BS,SF 08-168,1,Beiras e Serra da Estrela,S_F_OITO_MANTEIGAS,Ligado (DDI)
ESF,Viatura,5260594,CAULE - Associação Florestal da Beira Serra,ESF,SF 09-167 BS,SF 09-167,1,Beiras e Serra da Estrela,S_F_NOVE_SEIA,Ligado (DDI)
ESF,Portatil,5260595,CAULE - Associação Florestal da Beira Serra,ESF,SF 09-167.2 BS,SF 09-167,1,Beiras e Serra da Estrela,S_F_NOVE_SEIA,Ligado (DDI)
ESF,Viatura,5260596,Conselho Directivo dos Baldios da Freguesia de São Pedro de Manteigas,ESF,SF 09-168 BS,SF 09-168,1,Beiras e Serra da Estrela,S_F_NOVE_MANTEIGAS,Ligado (DDI)
ESF,Portatil,5260597,Conselho Directivo dos Baldios de São Pedro de Manteigas,ESF,SF 09-168.2 BS,SF 09-168,1,Beiras e Serra da Estrela,S_F_NOVE_MANTEIGAS,Ligado (DDI)
ESF,Viatura,5260598,"QUEIRÓ-Associação para a Floresta, Caça e Pesca",ESF,SF 09-16A BS,SF 09-16A,1,Beiras e Serra da Estrela,S_F_NOVE_COVILHÃ,Ligado (DDI)
ESF,Portatil,5260599,QUEIRÓ - Associação para a Floresta. Caça e Pesca,ESF,SF 09-16A.2 BS,SF 09-16A,1,Beiras e Serra da Estrela,S_F_NOVE_COVILHÃ,Ligado (DDI)
ESF,Portatil,5260600,Município de Seia,ESF,SF 10-167 BS,SF 10-167,1,Beiras e Serra da Estrela,S_F_DEZ_SEIA,Ligado (DDI)
ESF,Portatil,5260601,Município de Seia,ESF,SF 10-167.2 BS,SF 10-167,1,Beiras e Serra da Estrela,S_F_DEZ_SEIA,Ligado (COD_EQUIPA)
ESF,Viatura,5260602,CROFLOR-Associação de Produtores Florestais do Cró,ESF,SF 10-168 BS,SF 10-168,1,Beiras e Serra da Estrela,S_F_DEZ_ALMEIDA,Ligado (DDI)
ESF,Portatil,5260603,CROFLOR - Associação de Produtores Florestais do Cró,ESF,SF 10-168.2 BS,SF 10-168,1,Beiras e Serra da Estrela,S_F_DEZ_ALMEIDA,Ligado (DDI)
ESF,Portatil,5260604,Conselho Directivo dos Baldios de Erada,ESF,SF 10-16A BS,SF 10-16A,1,Beiras e Serra da Estrela,S_F_DEZ_COVILHÃ,Ligado (DDI)
ESF,Viatura,5260605,Conselho Directivo dos Baldios de Erada,ESF,SF 10-16A.2 BS,SF 10-16A,1,Beiras e Serra da Estrela,S_F_DEZ_COVILHÃ,Ligado (DDI)
ESF,Portatil,5260606,Alto da Broca - Associação de Produtores Florestais,ESF,SF 11-168 BS,SF 11-168,1,Beiras e Serra da Estrela,S_F_ONZE_TRANCOSO,Ligado (DDI)
ESF,Viatura,5260607,Alto da Broca - Associação de Produtores Florestais,ESF,SF 11-168.2 BS,SF 11-168,1,Beiras e Serra da Estrela,S_F_ONZE_TRANCOSO,Ligado (DDI)
ESF,Portatil,5260608,PINUS VERDE - Associação de Desenvolvimento Integrado da Floresta,ESF,SF 11-16A BS,SF 11-16A,1,Beiras e Serra da Estrela,S_F_ONZE_FUNDÃO,Ligado (DDI)
ESF,Portatil,5260609,PINUS VERDE - Associação de Desenvolvimento Integrado da Floresta,ESF,SF 11-16A.2 BS,SF 11-16A,1,Beiras e Serra da Estrela,S_F_ONZE_FUNDÃO,Ligado (COD_EQUIPA)
ESF,Portatil,5260610,Assembleia de Compartes da Povoação da Atalaia da Freguesia de Teixoso,ESF,SF 12-16A BS,SF 12-16A,1,Beiras e Serra da Estrela,S_F_DOZE_COVILHÃ,Ligado (DDI)
ESF,Portatil,5260611,Assembleia de Compartes da Povoação da Atalaia da Freguesia de Teixoso,ESF,SF 12-16A.2 BS,SF 12-16A,1,Beiras e Serra da Estrela,S_F_DOZE_COVILHÃ,Ligado (COD_EQUIPA)
ESF,Portatil,5260612,COOPCÔA - Cooperativa Agrícola do Concelho do Sabugal,ESF,SF 13-168 BS,SF 13-168,1,Beiras e Serra da Estrela,S_F_TREZE_SABUGAL,Ligado (DDI)
ESF,Viatura,5260613,COOPCÔA - Cooperativa Agrícola do Concelho do Sabugal,ESF,SF 13-168.2 BS,SF 13-168,1,Beiras e Serra da Estrela,S_F_TREZE_SABUGAL,Ligado (DDI)
ESF,Viatura,5260614,"QUEIRÓ - Associação para a Floresta, Caça e Pesca",ESF,SF 13-16A BS,SF 13-16A,1,Beiras e Serra da Estrela,S_F_TREZE_COVILHÃ,Ligado (DDI)
ESF,Portatil,5260615,QUEIRÓ - Associação para a Floresta. Caça e Pesca,ESF,SF 13-16A.2 BS,SF 13-16A,1,Beiras e Serra da Estrela,S_F_TREZE_COVILHÃ,Ligado (DDI)
ESF,Portatil,5260616,PISCOTÁVORA - Associação de Produtores Florestais,ESF,SF 14-168 BS,SF 14-168,1,Beiras e Serra da Estrela,S_F_CATORZE_TRANCOSO,Ligado (DDI)
ESF,Viatura,5260617,PISCOTÁVORA - Associação de Produtores Florestais,ESF,SF 14-168.2 BS,SF 14-168,1,Beiras e Serra da Estrela,S_F_CATORZE_TRANCOSO,Ligado (DDI)
ESF,Viatura,5260618,Serras e Povoados - Associação,ESF,SF 14-16A BS,SF 14-16A,1,Beiras e Serra da Estrela,S_F_CATORZE_BELMONTE,Ligado (DDI)
ESF,Portatil,5260619,Serras e Povoados - Associação,ESF,SF 14-16A.2 BS,SF 14-16A,1,Beiras e Serra da Estrela,S_F_CATORZE_BELMONTE,Ligado (DDI)
ESF,Portatil,5260620,Freguesia do Sameiro,ESF,SF 15-168 BS,SF 15-168,1,Beiras e Serra da Estrela,S_F_QUINZE_MANTEIGAS,Ligado (DDI)
ESF,Viatura,5260621,Freguesia do Sameiro,ESF,SF 15-168.2 BS,SF 15-168,1,Beiras e Serra da Estrela,S_F_QUINZE_MANTEIGAS,Ligado (DDI)
ESF,Viatura,5260622,Associação de Agrupamentos de Baldios Estrela Sul,ESF,SF 15-16A BS,SF 15-16A,1,Beiras e Serra da Estrela,S_F_QUINZE_COVILHÃ,Ligado (DDI)
ESF,Portatil,5260623,Associação de Agrupamentos de Baldios Estrela Sul,ESF,SF 15-16A.2 BS,SF 15-16A,1,Beiras e Serra da Estrela,S_F_QUINZE_COVILHÃ,Ligado (DDI)
ESF,Portatil,5260624,Conselho Directivo dos Baldios de Aldeia Velha,ESF,SF 16-168 BS,SF 16-168,1,Beiras e Serra da Estrela,S_F_DEZASSEIS_SABUGAL,Ligado (DDI)
ESF,Viatura,5260625,Conselho Directivo dos Baldios de Aldeia Velha,ESF,SF 16-168.2 BS,SF 16-168,1,Beiras e Serra da Estrela,S_F_DEZASSEIS_SABUGAL,Ligado (DDI)
ESF,Portatil,5260626,Serras e Povoados - Associação,ESF,SF 16-16A.2 BS,SF 16-16A,1,Beiras e Serra da Estrela,S_F_DEZASSEIS_FUNDÃO,Ligado (DDI)
ESF,Portatil,5260627,Associação de Agricultores da Ribeira Teja e Vale do Côa,ESF,SF 17-168 BS,SF 17-168,1,Beiras e Serra da Estrela,S_F_DEZASSETE_MÊDA,Ligado (DDI)
ESF,Viatura,5260628,Associação de Agricultores da Ribeira Teja e Vale do Côa,ESF,SF 17-168.2 BS,SF 17-168,1,Beiras e Serra da Estrela,S_F_DEZASSETE_MÊDA,Ligado (DDI)
ESF,Portatil,5260629,Assembleia de Compartes dos Baldios da Malcata,ESF,SF 18-168 BS,SF 18-168,1,Beiras e Serra da Estrela,S_F_DEZOITO_SABUGAL,Ligado (DDI)
ESF,Viatura,5260630,Assembleia de Compartes dos Baldios da Malcata,ESF,SF 18-168.2 BS,SF 18-168,1,Beiras e Serra da Estrela,S_F_DEZOITO_SABUGAL,Ligado (DDI)
ESF,Portatil,5260631,Conselho Directivo dos Baldios de Fóios,ESF,SF 19-168 BS,SF 19-168,1,Beiras e Serra da Estrela,S_F_DEZANOVE_SABUGAL,Ligado (DDI)
ESF,Viatura,5260632,Conselho Directivo dos Baldios de Fóios,ESF,SF 19-168.2 BS,SF 19-168,1,Beiras e Serra da Estrela,S_F_DEZANOVE_SABUGAL,Ligado (DDI)
ESF,Portatil,5260633,Município de Celorico da Beira,ESF,SF 20-168 BS,SF 20-168,1,Beiras e Serra da Estrela,S_F_VINTE_CELORICO_DA_BEIRA,Ligado (DDI)
ESF,Viatura,5260634,Município de Celorico da Beira,ESF,SF 20-168.2 BS,SF 20-168,1,Beiras e Serra da Estrela,S_F_VINTE_CELORICO_DA_BEIRA,Ligado (DDI)
ESF,Portatil,5260635,Freguesia de Valhelhas,ESF,SF 21-168 BS,SF 21-168,1,Beiras e Serra da Estrela,S_F_VINTE_E_UM_GUARDA,Ligado (DDI)
ESF,Portatil,5260636,Freguesia de Valhelhas,ESF,SF 21-168.2 BS,SF 21-168,1,Beiras e Serra da Estrela,S_F_VINTE_E_UM_GUARDA,Ligado (COD_EQUIPA)
ESF,Portatil,5260637,CROFLOR - Associação de Produtores Florestais do Cró,ESF,SF 22-168.2 BS,SF 22-168,1,Beiras e Serra da Estrela,S_F_VINTE_E_DOIS_ALMEIDA,Ligado (COD_EQUIPA)
ESF,Portatil,5260638,COVICÔA - Associação de Produtores de Pequenos Ruminantes da Bacia Hidrográfica do Côa,ESF,SF 23-168.2 BS,SF 23-168,1,Beiras e Serra da Estrela,S_F_VINTE_E_TRÊS_PINHEL,Ligado (DDI)
ESF,Portatil,5260639,Associação Floresta Viva de Fernão Joanes,ESF,SF 24-168 BS,SF 24-168,1,Beiras e Serra da Estrela,S_F_VINTE_E_QUATRO_GUARDA,Ligado (DDI)
ESF,Viatura,5260640,Associação Floresta Viva de Fernão Joanes,ESF,SF 24-168.2 BS,SF 24-168,1,Beiras e Serra da Estrela,S_F_VINTE_E_QUATRO_GUARDA,Ligado (DDI)
ESF,Viatura,5260641,ACRIGUARDA-Associação de Criadores de Ruminantes e Produtores Florestais do Concelho da Guarda,ESF,SF 25-168 BS,SF 25-168,1,Beiras e Serra da Estrela,S_F_VINTE_E_CINCO_GUARDA,Ligado (DDI)
ESF,Portatil,5260642,ACRIGUARDA - Associação de Criadores de Ruminantes e Produtores Florestais do Concelho da Guarda,ESF,SF 25-168.2 BS,SF 25-168,1,Beiras e Serra da Estrela,S_F_VINTE_E_CINCO_GUARDA,Ligado (DDI)
BSF,Viatura,5260643,Comunidade Intermunicipal das Beiras e Serra da Estrela - BRIG-1-168,BSF,SF 26-168 BS,SF 26-168,1,Beiras e Serra da Estrela,BRIGADA_UM_CIM_BEIRAS_E_SERRA_DA_ESTRELA,Ligado (DDI)
BSF,Portatil,5260644,Comunidade Intermunicipal das Beiras e Serra da Estrela - BRIG-1-168,BSF,SF 26-168.2 BS,SF 26-168,1,Beiras e Serra da Estrela,BRIGADA_UM_CIM_BEIRAS_E_SERRA_DA_ESTRELA,Ligado (DDI)
BSF,Viatura,5260645,Comunidade Intermunicipal das Beiras e Serra da Estrela - BRIG-1-168,BSF,SF 27-168 BS,SF 27-168,1,Beiras e Serra da Estrela,BRIGADA_UM_CIM_BEIRAS_E_SERRA_DA_ESTRELA,Ligado (DDI)
BSF,Portatil,5260646,Comunidade Intermunicipal das Beiras e Serra da Estrela - BRIG-1-168,BSF,SF 27-168.2 BS,SF 27-168,1,Beiras e Serra da Estrela,BRIGADA_UM_CIM_BEIRAS_E_SERRA_DA_ESTRELA,Ligado (DDI)
BSF,Viatura,5260647,Comunidade Intermunicipal das Beiras e Serra da Estrela - BRIG-1-168,BSF,SF 28-168 BS,SF 28-168,1,Beiras e Serra da Estrela,BRIGADA_UM_CIM_BEIRAS_E_SERRA_DA_ESTRELA,Ligado (DDI)
BSF,Portatil,5260648,Comunidade Intermunicipal das Beiras e Serra da Estrela - BRIG-1-168,BSF,SF 28-168.2 BS,SF 28-168,1,Beiras e Serra da Estrela,BRIGADA_UM_CIM_BEIRAS_E_SERRA_DA_ESTRELA,Ligado (DDI)
ESF,Viatura,5260649,PISCOTÁVORA - Associação de Produtores Florestais,ESF,SF 29-168 BS,SF 29-168,1,Beiras e Serra da Estrela,S_F_VINTE_E_NOVE_TRANCOSO,Ligado (DDI)
ESF,Portatil,5260650,PISCOTÁVORA - Associação de Produtores Florestais,ESF,SF 29-168.2 BS,SF 29-168,1,Beiras e Serra da Estrela,S_F_VINTE_E_NOVE_TRANCOSO,Ligado (DDI)
BSF,Portatil,5260651,Comunidade Intermunicipal das Beiras e Serra da Estrela - BRIG-1-168 - Tecnico 1,BSF,SF BR1-168 BS,SF 26-168,1,Beiras e Serra da Estrela,BRIGADA_UM_CIM_BEIRAS_E_SERRA_DA_ESTRELA,Ligado (COD_EQUIPA)
ESF,Portatil,5260652,PENSAR - Associação de Desenvolvimento Integrado de Penacova,ESF,SF 01-162 RC,SF 01-162,1,Região de Coimbra,S_F_UM_PENACOVA,Ligado (DDI)
ESF,Portatil,5260653,Município de Penacova,ESF,SF 01-162.2 RC,SF 01-162,1,Região de Coimbra,S_F_UM_PENACOVA,Ligado (COD_EQUIPA)
ESF,Portatil,5260654,"Cooperativa dos Agricultores de Alvoco das Várzeas, CRL",ESF,SF 01-164 RC,SF 01-164,1,Região de Coimbra,S_F_UM_OLIVEIRA_DO_HOSPITAL,Ligado (DDI)
ESF,Portatil,5260655,"Cooperativa dos Agricultores de Alvoco das Várzeas, CRL",ESF,SF 01-164.2 RC,SF 01-164,1,Região de Coimbra,S_F_UM_OLIVEIRA_DO_HOSPITAL,Ligado (COD_EQUIPA)
ESF,Portatil,5260656,Município de Figueira da Foz,ESF,SF 02-162.2 RC,SF 02-162,1,Região de Coimbra,S_F_DOIS_FIGUEIRA_DA_FOZ,Ligado (DDI)
ESF,Portatil,5260657,Município de Mira,ESF,SF 03-162.2 RC,SF 03-162,1,Região de Coimbra,S_F_TRES_MIRA,Ligado (DDI)
ESF,Portatil,5260658,Associação Florestal do Concelho de Góis,ESF,SF 03-164 RC,SF 03-164,1,Região de Coimbra,S_F_TRES_GOIS,Ligado (DDI)
ESF,Portatil,5260659,Associação Florestal do Concelho de Góis,ESF,SF 03-164.2 RC,SF 03-164,1,Região de Coimbra,S_F_TRES_GOIS,Ligado (COD_EQUIPA)
ESF,Portatil,5260660,SAURIUM FLORESTAL - Associação Prá Floresta do Concelho de Soure,ESF,SF 04-162.2 RC,SF 04-162,1,Região de Coimbra,S_F_QUATRO_SOURE,Ligado (DDI)
ESF,Portatil,5260661,CAULE - Associação Florestal da Beira Serra,ESF,SF 04-164 RC,SF 04-164,1,Região de Coimbra,S_F_QUATRO_OLIVEIRA_DO_HOSPITAL,Ligado (DDI)
ESF,Portatil,5260662,CAULE - Associação Florestal da Beira Serra,ESF,SF 04-164.2 RC,SF 04-164,1,Região de Coimbra,S_F_QUATRO_OLIVEIRA_DO_HOSPITAL,Ligado (COD_EQUIPA)
ESF,Portatil,5260663,Município da Figueira da Foz,ESF,SF 05-162.2 RC,SF 05-162,1,Região de Coimbra,S_F_CINCO_FIGUEIRA_DA_FOZ,Ligado (DDI)
ESF,Portatil,5260664,Freguesia de Tocha,ESF,SF 06-162.2 RC,SF 06-162,1,Região de Coimbra,S_F SEIS_CANTANHEDE,Ligado (COD_EQUIPA)
ESF,Portatil,5260665,Município da Mealhada,ESF,SF 07-161.2 RC,SF 07-161,1,Região de Coimbra,S_F_SETE_MEALHADA,Ligado (DDI)
ESF,Portatil,5260666,CAULE - Associação Florestal da Beira Serra,ESF,SF 07-162.2 RC,SF 07-162,1,Região de Coimbra,S_F_SETE_PENACOVA,Ligado (COD_EQUIPA)
ESF,Portatil,5260667,Conselho Directivo dos Baldios dos Lugares da Extinta Freguesia de Vilarinho,ESF,SF 07-164 RC,SF 07-164,1,Região de Coimbra,S_F_SETE_LOUSÃ,Ligado (DDI)
ESF,Portatil,5260668,Conselho Directivo dos Baldios dos Lugares da Extinta Freguesia de Vilarinho,ESF,SF 07-164.2 RC,SF 07-164,1,Região de Coimbra,S_F_SETE_LOUSÃ,Ligado (COD_EQUIPA)
ESF,Portatil,5260669,Associação de Produtores Florestais de Pampilhosa da Serra,ESF,SF 09-164 RC,SF 09-164,1,Região de Coimbra,S_F_NOVE_PAMPILHOSA_DA_SERRA,Ligado (DDI)
ESF,Portatil,5260670,Associação de Produtores Florestais de Pampilhosa da Serra - APFPS,ESF,SF 09-164.2 RC,SF 09-164,1,Região de Coimbra,S_F_NOVE_PAMPILHOSA_DA_SERRA,Ligado (COD_EQUIPA)
ESF,Portatil,5260671,Município de Montemor-o-Velho,ESF,SF 10-162.2 RC,SF 10-162,1,Região de Coimbra,S_F_DEZ_MONTEMOR_O_VELHO,Ligado (DDI)
ESF,Viatura,5260672,Associação Florestal do Concelho de Góis,ESF,SF 10-164 RC,SF 10-164,1,Região de Coimbra,S_F_DEZ_GOIS,Ligado (DDI)
ESF,Portatil,5260673,Associação Florestal do Concelho de Góis,ESF,SF 10-164.2 RC,SF 10-164,1,Região de Coimbra,S_F_DEZ_GOIS,Ligado (DDI)
ESF,Viatura,5260674,Organização Florestal Atlantis-Associação de Desenvolvimento Florestal,ESF,SF 11-162 RC,SF 11-162,1,Região de Coimbra,S_F_ONZE_CANTANHEDE,Ligado (DDI)
ESF,Portatil,5260675,Organização Florestal Atlantis - Associação de Desenvolvimento Florestal,ESF,SF 11-162.2 RC,SF 11-162,1,Região de Coimbra,S_F_ONZE_CANTANHEDE,Ligado (DDI)
ESF,Portatil,5260676,Município de Penacova,ESF,SF 12-162 RC,SF 12-162,1,Região de Coimbra,S_F_DOZE_PENACOVA,Ligado (DDI)
ESF,Portatil,5260677,Município de Penacova,ESF,SF 12-162.2 RC,SF 12-162,1,Região de Coimbra,S_F_DOZE_PENACOVA,Ligado (COD_EQUIPA)
ESF,Portatil,5260678,NÚMERO SENSAÇÃO. LDA,ESF,SF 13-162 RC,SF 13-162,1,Região de Coimbra,S_F_TREZE_COIMBRA,Ligado (DDI)
ESF,Viatura,5260679,NÚMERO SENSAÇÃO. LDA,ESF,SF 13-162.2 RC,SF 13-162,1,Região de Coimbra,S_F_TREZE_COIMBRA,Ligado (DDI)
ESF,Portatil,5260680,Conselho Directivo dos Baldios da Lousã,ESF,SF 13-164 RC,SF 13-164,1,Região de Coimbra,S_F_TREZE_LOUSÃ,Ligado (DDI)
ESF,Portatil,5260681,Conselho Directivo dos Baldios da Lousã,ESF,SF 13-164.2 RC,SF 13-164,1,Região de Coimbra,S_F_TREZE_LOUSÃ,Ligado (COD_EQUIPA)
ESF,Portatil,5260682,CAULE - Associação Florestal da Beira Serra,ESF,SF 14-164 RC,SF 14-164,1,Região de Coimbra,S_F_CATORZE_TÁBUA,Ligado (DDI)
ESF,Portatil,5260683,CAULE - Associação Florestal da Beira Serra,ESF,SF 14-164.2 RC,SF 14-164,1,Região de Coimbra,S_F_CATORZE_TÁBUA,Ligado (COD_EQUIPA)
ESF,Viatura,5260684,Associação de Produtores Florestais do Concelho de Arganil,ESF,SF 16-164 RC,SF 16-164,1,Região de Coimbra,S_F_DEZASSEIS_ARGANIL,Ligado (DDI)
ESF,Portatil,5260685,Associação de Produtores Florestais do Concelho de Arganil,ESF,SF 16-164.2 RC,SF 16-164,1,Região de Coimbra,S_F_DEZASSEIS_ARGANIL,Ligado (DDI)
ESF,Viatura,5260686,CAULE - Associação Florestal da Beira Serra,ESF,SF 18-164 RC,SF 18-164,1,Região de Coimbra,S_F_DEZOITO_OLIVEIRA_DO_HOSPITAL,Ligado (DDI)
ESF,Portatil,5260687,CAULE - Associação Florestal da Beira Serra,ESF,SF 18-164.2 RC,SF 18-164,1,Região de Coimbra,S_F_DEZOITO_OLIVEIRA_DO_HOSPITAL,Ligado (DDI)
ESF,Viatura,5260688,AFLOPINHAL-Associação Florestal do Pinhal,ESF,SF 19-164 RC,SF 19-164,1,Região de Coimbra,S_F_DEZANOVE_LOUSÃ,Ligado (DDI)
ESF,Portatil,5260689,AFLOPINHAL - Associação Florestal do Pinhal,ESF,SF 19-164.2 RC,SF 19-164,1,Região de Coimbra,S_F_DEZANOVE_LOUSÃ,Ligado (DDI)
ESF,Portatil,5260690,FLOPEN - Associação de Produtores e Proprietários Florestais do Concelho de Penela,ESF,SF 20-164 RC,SF 20-164,1,Região de Coimbra,S_F_VINTE_PENELA,Ligado (DDI)
ESF,Viatura,5260691,FLOPEN - Associação de Produtores e Proprietários Florestais do Concelho de Penela,ESF,SF 20-164.2 RC,SF 20-164,1,Região de Coimbra,S_F_VINTE_PENELA,Ligado (DDI)
ESF,Portatil,5260692,Freguesia de Fajão e Vidual,ESF,SF 25-164.2 RC,SF 25-164,1,Região de Coimbra,S_F_VINTE_E_CINCO_PAMPILHOSA_DA_SERRA,Ligado (COD_EQUIPA)
ESF,Portatil,5260693,União das Freguesias de Cadafez e Colmeal,ESF,SF 26-164.2 RC,SF 26-164,1,Região de Coimbra,S_F_VINTE_E_SEIS_GOIS,Ligado (COD_EQUIPA)
ESF,Portatil,5260694,Conselho Directivo dos Baldios da Freguesia de Vila Nova,ESF,SF 27-164.2 RC,SF 27-164,1,Região de Coimbra,S_F_VINTE_E_SETE_MIRANDA_DO_CORVO,Ligado (COD_EQUIPA)
ESF,Portatil,5260695,CAULE - Associação Florestal da Beira Serra,ESF,SF 28-164.2 RC,SF 28-164,1,Região de Coimbra,S_F_VINTE_E_OITO_TÁBUA,Ligado (COD_EQUIPA)
ESF,Portatil,5260696,Município de Vila Nova de Poiares,ESF,SF 30-164 RC,SF 30-164,1,Região de Coimbra,S_F_TRINTA_POIARES,Ligado (DDI)
ESF,Portatil,5260697,Município de Vila Nova de Poiares,ESF,SF 30-164.2 RC,SF 30-164,1,Região de Coimbra,S_F_TRINTA_POIARES,NÃO ligado
ESF,Viatura,5260698,Associação Florestal do Pinhal,ESF,SF 31-164 RC,SF 31-164,1,Região de Coimbra,S_F_TRINTA_E_UM_POIARES,Ligado (DDI)
ESF,Portatil,5260699,AFLOPINHAL - Associação Florestal do Pinhal,ESF,SF 31-164.2 RC,SF 31-164,1,Região de Coimbra,S_F_TRINTA_E_UM_POIARES,Ligado (DDI)
BSF,Viatura,5260700,Comunidade Intermunicipal da Região de Coimbra - BRIG-1-164,BSF,SF 32-164 RC,SF 32-164,1,Região de Coimbra,BRIGADA_UM_CIM_COIMBRA,Ligado (DDI)
BSF,Portatil,5260701,Comunidade Intermunicipal da Região de Coimbra - BRIG-1-164,BSF,SF 32-164.2 RC,SF 32-164,1,Região de Coimbra,BRIGADA_UM_CIM_COIMBRA,Ligado (DDI)
BSF,Viatura,5260702,Comunidade Intermunicipal da Região de Coimbra - BRIG-1-164,BSF,SF 33-164 RC,SF 33-164,1,Região de Coimbra,BRIGADA_UM_CIM_COIMBRA,Ligado (DDI)
BSF,Portatil,5260703,Comunidade Intermunicipal da Região de Coimbra - BRIG-1-164,BSF,SF 33-164.2 RC,SF 33-164,1,Região de Coimbra,BRIGADA_UM_CIM_COIMBRA,Ligado (DDI)
BSF,Viatura,5260704,Comunidade Intermunicipal da Região de Coimbra - BRIG-1-164,BSF,SF 34-164 RC,SF 34-164,1,Região de Coimbra,BRIGADA_UM_CIM_COIMBRA,Ligado (DDI)
BSF,Portatil,5260705,Comunidade Intermunicipal da Região de Coimbra - BRIG-1-164,BSF,SF 34-164.2 RC,SF 34-164,1,Região de Coimbra,BRIGADA_UM_CIM_COIMBRA,Ligado (DDI)
ESF,Portatil,5260706,Litocoop - Cooperativa Agro-Florestal da Beira. C.R.L.,ESF,SF 35-164 RC,SF 35-164,1,Região de Coimbra,S_F_TRINTA_E_CINCO_MIRANDA_DO_CORVO,Ligado (DDI)
ESF,Viatura,5260707,"Litocoop - Cooperativa Agro-Florestal da Beira, C.R.L.",ESF,SF 35-164.2 RC,SF 35-164,1,Região de Coimbra,S_F_TRINTA_E_CINCO_MIRANDA_DO_CORVO,Ligado (DDI)
BSF,Portatil,5260708,Comunidade Intermunicipal da Região de Coimbra - BRIG-2-164,BSF,SF 37-164 RC,SF 37-164,1,Região de Coimbra,BRIGADA_DOIS_CIM_COIMBRA,Ligado (DDI)
BSF,Viatura,5260709,Comunidade Intermunicipal da Região de Coimbra - BRIG-2-164,BSF,SF 37-164.2 RC,SF 37-164,1,Região de Coimbra,BRIGADA_DOIS_CIM_COIMBRA,Ligado (DDI)
ESF,Portatil,5260710,Município de Mortágua,ESF,SF 37-165.2 RC,SF 37-165,1,Região de Coimbra,S_F_TRINTA_E_SETE_MORTÁGUA,Ligado (DDI)
ESF,Portatil,5260711,Associação de Produtores Florestais de Pampilhosa da Serra - APFPS,ESF,SF 39-164 RC,SF 39-164,1,Região de Coimbra,S_F_TRINTA_E_NOVE_PAMPILHOSA_DA_SERRA,Ligado (DDI)
ESF,Viatura,5260712,Associação de Produtores Florestais de Pampilhosa da Serra - APFPS,ESF,SF 39-164.2 RC,SF 39-164,1,Região de Coimbra,S_F_TRINTA_E_NOVE_PAMPILHOSA_DA_SERRA,Ligado (DDI)
BSF,Portatil,5260713,Comunidade Intermunicipal da Região de Coimbra - BRIG-2-164 -Tecnico1,BSF,SF BR1-164 RC,SF 32-164,1,Região de Coimbra,BRIGADA_UM_CIM_COIMBRA,Ligado (COD_EQUIPA)
BSF,Portatil,5260714,Comunidade Intermunicipal da Região de Coimbra - BRIG-1-164 -Tecnico2,BSF,SF BR2-164 RC,SF 37-164,1,Região de Coimbra,BRIGADA_DOIS_CIM_COIMBRA,Ligado (COD_EQUIPA)
ESF,Portatil,5260715,"Freguesia de Parada de Estér e Estér, em representação do Conselho Directivo dos Baldios de Parada, Ilha e Corgo d’Água",ESF,SF 06-165 VD,SF 06-165,1,Viseu Dão Lafões,S_F_SEIS_CASTRO_DE_AIRE,Ligado (DDI)
ESF,Viatura,5260716,"Conselho Directivo dos Baldios de Parada, Ilha e Corgo dÁgua",ESF,SF 06-165.2 VD,SF 06-165,1,Viseu Dão Lafões,S_F_SEIS_CASTRO_DE_AIRE,Ligado (DDI)
ESF,Viatura,5260717,Assembleia de Compartes dos Baldios da Freguesia de Ferreira de Aves,ESF,SF 10-165 VD,SF 10-165,1,Viseu Dão Lafões,S_F_DEZ_SÁTÃO,Ligado (DDI)
ESF,Portatil,5260718,Assembleia de Compartes dos Baldios de Ferreira de Aves,ESF,SF 10-165.2 VD,SF 10-165,1,Viseu Dão Lafões,S_F_DEZ_SÁTÃO,Ligado (DDI)
ESF,Portatil,5260719,VERDE LAFÕES - Associação de Produtores Florestais,ESF,SF 11-165 VD,SF 11-165,1,Viseu Dão Lafões,S_F_ONZE_OLIVEIRA_DE_FRADES,Ligado (DDI)
ESF,Viatura,5260720,VERDE LAFÕES - Associação de Produtores Florestais,ESF,SF 11-165.2 VD,SF 11-165,1,Viseu Dão Lafões,S_F_ONZE_OLIVEIRA_DE_FRADES,Ligado (DDI)
ESF,Portatil,5260721,BIOSFERA - Associação Florestal de Caça e Pesca dos Compartes de Ribeiradio,ESF,SF 12-165 VD,SF 12-165,1,Viseu Dão Lafões,S_F_DOZE_OLIVEIRA_DE_FRADES,Ligado (DDI)
ESF,Viatura,5260722,BIOSFERA - Associação Florestal de Caça e Pesca dos Compartes de Ribeiradio,ESF,SF 12-165.2 VD,SF 12-165,1,Viseu Dão Lafões,S_F_DOZE_OLIVEIRA_DE_FRADES,Ligado (DDI)
ESF,Viatura,5260723,"Assembleia de Compartes dos Baldios de Mioma, Meã, Afonsim, Fontainhas e Quinta do Monte",ESF,SF 13-165 VD,SF 13-165,1,Viseu Dão Lafões,S_F_TREZE_SÁTÃO,Ligado (DDI)
ESF,Portatil,5260724,Assembleia de Compartes dos Baldios de Mioma. Meã. Afonsim. Fontainhas e Quinta do Monte,ESF,SF 13-165.2 VD,SF 13-165,1,Viseu Dão Lafões,S_F_TREZE_SÁTÃO,Ligado (DDI)
ESF,Portatil,5260725,Associação de Produtores Florestais da Serra da Lapa-Dão,ESF,SF 14-165 VD,SF 14-165,1,Viseu Dão Lafões,S_F_CATORZE_AGUIAR_DA_BEIRA,Ligado (DDI)
ESF,Viatura,5260726,Associação de Produtores Florestais da Serra da Lapa-Dão,ESF,SF 14-165.2 VD,SF 14-165,1,Viseu Dão Lafões,S_F_CATORZE_AGUIAR_DA_BEIRA,Ligado (DDI)
ESF,Portatil,5260727,Associação de Produtores Florestais do Planalto Beirão,ESF,SF 15-165 VD,SF 15-165,1,Viseu Dão Lafões,S_F_QUINZE_CARREGAL_DO_SAL,Ligado (DDI)
ESF,Viatura,5260728,Associação de Produtores Florestais do Planalto Beirão,ESF,SF 15-165.2 VD,SF 15-165,1,Viseu Dão Lafões,S_F_QUINZE_CARREGAL_DO_SAL,Ligado (DDI)
ESF,Portatil,5260729,"Freguesia de São Pedro do Sul, Várzea e Baiões",ESF,SF 16-165 VD,SF 16-165,1,Viseu Dão Lafões,S_F_DEZASSEIS_SÃO_PEDRO_DO_SUL,Ligado (DDI)
ESF,Viatura,5260730,Freguesia de São Pedro do Sul,ESF,SF 16-165.2 VD,SF 16-165,1,Viseu Dão Lafões,S_F_DEZASSEIS_SÃO_PEDRO_DO_SUL,Ligado (DDI)
ESF,Portatil,5260731,Freguesia do Sul,ESF,SF 17-165 VD,SF 17-165,1,Viseu Dão Lafões,S_F_DEZASSETE_SÃO_PEDRO_DO_SUL,Ligado (DDI)
ESF,Viatura,5260732,Freguesia do Sul,ESF,SF 17-165.2 VD,SF 17-165,1,Viseu Dão Lafões,S_F_DEZASSETE_SÃO_PEDRO_DO_SUL,Ligado (DDI)
ESF,Portatil,5260733,Agrupamento de Produtores Florestais de São Cristóvão de Lafões,ESF,SF 18-165 VD,SF 18-165,1,Viseu Dão Lafões,S_F_DEZOITO_SÃO_PEDRO_DO_SUL,Ligado (DDI)
ESF,Viatura,5260734,Agrupamento de Produtores Florestais de São Cristóvão de Lafões,ESF,SF 18-165.2 VD,SF 18-165,1,Viseu Dão Lafões,S_F_DEZOITO_SÃO_PEDRO_DO_SUL,Ligado (DDI)
ESF,Portatil,5260735,"Freguesia de Pindelo dos Milagres, em representação da Assembleia de Compartes dos Baldios da Freguesia de Pindelo dos Milagres",ESF,SF 19-165 VD,SF 19-165,1,Viseu Dão Lafões,S_F_DEZANOVE_SÃO_PEDRO_DO_SUL,Ligado (DDI)
ESF,Viatura,5260736,"Freguesia de Pindelo dos Milagres, em representação da Assembleia de Compartes dos Baldios da Freguesia de Pindelo dos Milagres",ESF,SF 19-165.2 VD,SF 19-165,1,Viseu Dão Lafões,S_F_DEZANOVE_SÃO_PEDRO_DO_SUL,Ligado (DDI)
ESF,Portatil,5260737,"Freguesia de Santa Cruz de Trapa São Cristóvão de Lafões, em representação da Assembleia de Compartes de Santa Cruz da Trapa",ESF,SF 20-165 VD,SF 20-165,1,Viseu Dão Lafões,S_F_VINTE_SÃO_PEDRO_DO_SUL,Ligado (DDI)
ESF,Viatura,5260738,Assembleia de Compartes de Santa Cruz da Trapa,ESF,SF 20-165.2 VD,SF 20-165,1,Viseu Dão Lafões,S_F_VINTE_SÃO_PEDRO_DO_SUL,Ligado (DDI)
ESF,Portatil,5260739,Freguesia de Santiago de Besteiros,ESF,SF 21-165 VD,SF 21-165,1,Viseu Dão Lafões,S_F_VINTE_E_UM_TONDELA,Ligado (DDI)
ESF,Portatil,5260740,Freguesia de Santiago de Besteiros,ESF,SF 21-165.2 VD,SF 21-165,1,Viseu Dão Lafões,S_F_VINTE_E_UM_TONDELA,Ligado (COD_EQUIPA)
ESF,Portatil,5260741,Associação de Produtores Florestais de Montemuro e Paiva,ESF,SF 22-165.2 VD,SF 22-165,1,Viseu Dão Lafões,S_F_VINTE_E_DOIS_CASTRO_DE_AIRE,Ligado (DDI)
ESF,Portatil,5260742,DÃO FLORA-Associação de Produtores Florestais,ESF,SF 24-165.2 VD,SF 24-165,1,Viseu Dão Lafões,S_F_VINTE_E_QUATRO_PENALVA_DO_CASTELO,Ligado (COD_EQUIPA)
ESF,Portatil,5260743,Freguesia de Parada de Gonta,ESF,SF 25-165.2 VD,SF 25-165,1,Viseu Dão Lafões,S_F_VINTE_E_CINCO_TONDELA,Ligado (DDI)
ESF,Portatil,5260744,Município de Vila Nova de Paiva,ESF,SF 26-165.2 VD,SF 26-165,1,Viseu Dão Lafões,S_F_VINTE_E_SEIS_VILA_NOVA_DE_PAIVA,Ligado (DDI)
ESF,Portatil,5260745,CEDRUS - Associação Produtores Florestais de Viseu,ESF,SF 28-165 VD,SF 28-165,1,Viseu Dão Lafões,S_F_VINTE_E_OITO_VISEU,Ligado (DDI)
ESF,Viatura,5260746,CEDRUS - Asociação de Produtores Florestai de Viseu,ESF,SF 28-165.2 VD,SF 28-165,1,NULL,S_F_VINTE_E_OITO_VISEU,Ligado (DDI)
ESF,Viatura,5260747,Associação de Produtores Florestais do Planalto Beirão,ESF,SF 30-165 VD,SF 30-165,1,Viseu Dão Lafões,S_F_TRINTA_NELAS,Ligado (DDI)
ESF,Portatil,5260748,Associação de Produtores Florestais do Planalto Beirão,ESF,SF 30-165.2 VD,SF 30-165,1,Viseu Dão Lafões,S_F_TRINTA_NELAS,Ligado (DDI)
ESF,Viatura,5260749,CEDRUS - Associação de Produtores Florestais de Viseu,ESF,SF 31-165 VD,SF 31-165,1,Viseu Dão Lafões,S_F_TRINTA_E_UM_MANGUALDE,Ligado (DDI)
ESF,Portatil,5260750,CEDRUS - Associação de Produtores Florestais de Viseu,ESF,SF 31-165.2 VD,SF 31-165,1,Viseu Dão Lafões,S_F_TRINTA_E_UM_MANGUALDE,Ligado (DDI)
ESF,Viatura,5260751,CEDRUS - Associação de Produtores Florestais de Viseu,ESF,SF 32-165 VD,SF 32-165,1,Viseu Dão Lafões,S_F_TRINTA_E_DOIS_MANGUALDE,Ligado (DDI)
ESF,Portatil,5260752,CEDRUS - Associação de Produtores Florestais de Viseu,ESF,SF 32-165.2 VD,SF 32-165,1,Viseu Dão Lafões,S_F_TRINTA_E_DOIS_MANGUALDE,Ligado (DDI)
ESF,Viatura,5260753,DÃO FLORA - Associação de Produtores Florestais,ESF,SF 33-165 VD,SF 33-165,1,Viseu Dão Lafões,S_F_TRINTA_E_TRES_SÁTÃO,Ligado (DDI)
ESF,Portatil,5260754,DÃO FLORA - Associação de Produtores Florestais,ESF,SF 33-165.2 VD,SF 33-165,1,Viseu Dão Lafões,S_F_TRINTA_E_TRES_SÁTÃO,Ligado (DDI)
BSF,Viatura,5260755,Comunidade Intermunicipal Viseu Dão Lafões - BRIG-1-165,BSF,SF 34-165 VD,SF 34-165,1,Viseu Dão Lafões,BRIGADA_UM_CIM_VISEU_DÃO_LAFÕES,Ligado (DDI)
BSF,Portatil,5260756,Comunidade Intermunicipal Viseu Dão Lafões - BRIG-1-165,BSF,SF 34-165.2 VD,SF 34-165,1,Viseu Dão Lafões,BRIGADA_UM_CIM_VISEU_DÃO_LAFÕES,Ligado (DDI)
ESF,Viatura,5260757,Associação de Produtores Florestais de Montemuro e Paiva,ESF,SF 38-165 VD,SF 38-165,1,Viseu Dão Lafões,S_F_TRINTA_E_OITO_CASTRO_DE_AIRE,Ligado (DDI)
ESF,Portatil,5260758,Associação de Produtores Florestais de Montemuro e Paiva,ESF,SF 38-165 VD,SF 38-165,1,Viseu Dão Lafões,S_F_TRINTA_E_OITO_CASTRO_DE_AIRE,Ligado (DDI)
BSF,Portatil,5260759,Comunidade Intermunicipal Viseu Dão Lafões - BRIG-2-165,BSF,SF 39-165 VD,SF 39-165,1,Viseu Dão Lafões,BRIGADA_DOIS_CIM_VISEU_DÃO_LAFÕES,Ligado (DDI)
BSF,Viatura,5260760,Comunidade Intermunicipal Viseu Dão Lafões - BRIG-2-165,BSF,SF 39-165.2 VD,SF 39-165,1,Viseu Dão Lafões,BRIGADA_DOIS_CIM_VISEU_DÃO_LAFÕES,Ligado (DDI)
BSF,Portatil,5260761,Comunidade Intermunicipal Viseu Dão Lafões - BRIG-2-165,BSF,SF 40-165 VD,SF 40-165,1,Viseu Dão Lafões,BRIGADA_DOIS_CIM_VISEU_DÃO_LAFÕES,Ligado (DDI)
BSF,Viatura,5260762,Comunidade Intermunicipal Viseu Dão Lafões - BRIG-2-165,BSF,SF 40-165.2 VD,SF 40-165,1,Viseu Dão Lafões,BRIGADA_DOIS_CIM_VISEU_DÃO_LAFÕES,Ligado (DDI)
BSF,Portatil,5260763,Comunidade Intermunicipal Viseu Dão Lafões - BRIG-2-165,BSF,SF 41-165 VD,SF 41-165,1,Viseu Dão Lafões,BRIGADA_DOIS_CIM_VISEU_DÃO_LAFÕES,Ligado (DDI)
BSF,Viatura,5260764,Comunidade Intermunicipal Viseu Dão Lafões - BRIG-2-165,BSF,SF 41-165.2 VD,SF 41-165,1,Viseu Dão Lafões,BRIGADA_DOIS_CIM_VISEU_DÃO_LAFÕES,Ligado (DDI)
ESF,Portatil,5260765,Freguesia do Touro,ESF,SF 42-165.2 VD,SF 42-165,1,Viseu Dão Lafões,S_F_QUARENTA_E_DOIS_VILA_NOVA_DE_PAIVA,Ligado (COD_EQUIPA)
ESF,Viatura,5260766,CEDRUS - Associação de Produtores Florestais de Viseu,ESF,SF 43-165.2 VD,SF 43-165,1,Viseu Dão Lafões,S_F_QUARENTA_E_TRES_VISEU,Ligado (DDI)
ESF,Portatil,5260767,Associação de Produtores Florestais do Planalto Beirão,ESF,SF 44-165.2 VD,SF 44-165,1,Viseu Dão Lafões,S_F_QUARENTA_E_QUATRO_NELAS,Ligado (COD_EQUIPA)
BSF,Portatil,5260768,Comunidade Intermunicipal Viseu Dão Lafões - BRIG-1-165 -  Tecnico1,BSF,SF BR1-165 VD,SF 34-165,1,Viseu Dão Lafões,BRIGADA_UM_CIM_VISEU_DÃO_LAFÕES,Ligado (COD_EQUIPA)
BSF,Portatil,5260769,Comunidade Intermunicipal Viseu Dão Lafões - BRIG-2-165 - Tecnico 2,BSF,SF BR2-165 VD,SF 39-165,1,Viseu Dão Lafões,BRIGADA_DOIS_CIM_VISEU_DÃO_LAFÕES,Ligado (COD_EQUIPA)
ESF,Viatura,5260770,Associação de Produtores Florestais e Agrícolas do Concelho de Proença-a-Nova,ESF,SF 01-166.2 BB,SF 01-166,1,Beira Baixa,S_F_UM_PROENÇA_A_NOVA,Ligado (DDI)
ESF,Viatura,5260771,AFLOBEI - Associação de Produtores Florestais da Beira Interior,ESF,SF 01-169.2 BB,SF 01-169,1,Beira Baixa,S_F_UM_IDANHA_A_NOVA,Ligado (DDI)
ESF,Viatura,5260772,FLORA - Associação de Agricultores e Silvicultores da Partida,ESF,SF 02-169.2 BB,SF 02-169,1,Beira Baixa,S_F_DOIS_CASTELO_BRANCO,Ligado (DDI)
ESF,Viatura,5260773,MAGAREFA - Associação de Produtores Florestais,ESF,SF 03-169.2 BB,SF 03-169,1,Beira Baixa,S_F_TRÊS_CASTELO_BRANCO,Ligado (DDI)
ESF,Viatura,5260774,Agência de Desenvolvimento Gardunha 21,ESF,SF 01-16A.2 BS,SF 01-16A,1,Beiras e Serra da Estrela,S_F_UM_FUNDÃO,Ligado (DDI)
ESF,Viatura,5260775,Município de Mortágua,ESF,SF 07-165.2 RC,SF 07-165,1,Região de Coimbra,S_F_SETE_MORTÁGUA,Ligado (DDI)
ESF,Viatura,5260776,ADRL-Associação de Desenvolvimento Rural de Lafões,ESF,SF 01-165.2 VD,SF 01-165,1,Viseu Dão Lafões,S_F_UM_VOUZELA,Ligado (DDI)
ESF,Viatura,5260777,ADRL-Associação de Desenvolvimento Rural de Lafões,ESF,SF 08-165.2 VD,SF 08-165,1,Viseu Dão Lafões,S_F_OITO_VOUZELA,Ligado (DDI)
ESF,Viatura,5260778,Associação de Freguesia da Serra do Caramulo,ESF,SF 29-165.2 VD,SF 29-165,1,Viseu Dão Lafões,S_F_VINTE_E_NOVE_TONDELA,Ligado (DDI)
ESF,Portatil,5260780,APROFLORA - Associação de Produtores Florestais e Agrícolas da Zona do Pinhal,ESF,SF 09-166 BB,SF 09-166,1,Beira Baixa,S_F_NOVE_SERTÃ,Ligado (COD_EQUIPA)
ESF,Viatura,5260781,Município de Vila de Rei,ESF,SF 03-166 BB,SF 03-166,1,Beira Baixa,S_F_TRÊS_VILA_DE_REI,Ligado (DDI)
ESF,Portatil,5260782,Município de Vila de Rei,ESF,SF 03-166.2 BB,SF 03-166,1,Beira Baixa,S_F_TRÊS_VILA_DE_REI,Ligado (DDI)
ESF,Portatil,5260783,APROFLORA - Associação de Produtores Florestais e Agrícolas da Zona do Pinhal,ESF,SF 04-166 BB,SF 04-166,1,Beira Baixa,S_F_QUATRO_SERTÃ,Ligado (DDI)
ESF,Portatil,5260784,APROFLORA - Associação de Produtores Florestais e Agrícolas da Zona do Pinhal,ESF,SF 04-166.2 BB,SF 04-166,1,Beira Baixa,S_F_QUATRO_SERTÃ,Ligado (COD_EQUIPA)
ESF,Portatil,5260785,APROFLORA - Associação de Produtores Florestais e Agrícolas da Zona do Pinhal,ESF,SF 09-166.2 BB,SF 09-166,1,Beira Baixa,S_F_NOVE_SERTÃ,Ligado (DDI)
ESF,Portatil,5260786,FLORZÊZERE - Associação de Desenvolvimento Florestal do Concelho de Ferreira do Zêzere,ESF,SF 13-166 BB,SF 13-166,1,Beira Baixa,S_F_TREZE_VILA_DE_REI,Ligado (DDI)
ESF,Viatura,5260787,FLORZÊZERE - Associação de Desenvolvimento Florestal do Concelho de Ferreira do Zêzere,ESF,SF 13-166.2 BB,SF 13-166,1,Beira Baixa,S_F_TREZE_VILA_DE_REI,Ligado (DDI)
VN,Viatura,5260788,Parque Natural da Serra da Estrela - Seia,VN,SF 2VN01 BS,SF 2VN01,1,Beiras e Serra da Estrela,NULL,Ligado (DDI)
VN,Viatura,5260789,Parque Natural da Serra da Estrela - Manteigas,VN,SF 2VN02 BS,SF 2VN02,1,Beiras e Serra da Estrela,NULL,Ligado (DDI)
VN,Portatil,5260790,Reserva Natural da Serra da Malcata - Sabugal,VN,SF 2VN03 BS,SF 2VN03,1,Beiras e Serra da Estrela,NULL,Ligado (DDI)
VN,Viatura,5260791,Parque Natural do Tejo Internacional - Castelo Branco,VN,SF 2VN10 BB,SF 2VN10,1,Beira Baixa,NULL,Ligado (DDI)
VN,Viatura,5260792,Paisagem Protegida da Serra do Açôr - Benfeita/Arganil,VN,SF 2VN06 RC,SF 2VN06,1,Região de Coimbra,NULL,Ligado (DDI)
VN,Viatura,5260793,Reserva Natural do Paul de Arzila - Choupal/Coimbra,VN,SF 2VN08 RC,SF 2VN08,1,Região de Coimbra,NULL,Ligado (DDI)
CNAF,Portatil,5260794,Perímetro Florestal da Serra da Lousã e PF Alge e Penela,CNAF,SF CNAF03 RC,CNAF 03,1,Região de Leiria,CNAF_TRES_COIMBRA,Ligado (DDI)
CNAF,Portatil,5260795,Perímetro Florestal de Góis,CNAF,SF CNAF04 RC,CNAF 04,1,Região de Coimbra,CNAF_QUATRO_COIMBRA,Ligado (DDI)
CNAF,Viatura,5260796,Perímetro Florestal de Manteigas e Mata Nacional da Coilhã,CNAF,SF CNAF10 BS,CNAF 10,1,Beiras e Serra da Estrela,CNAF_DEZ_MANTEIGAS,Ligado (DDI)
CNAF,Portatil,5260797,Perímetro Florestal de Manteigas e Mata Nacional da Coilhã,CNAF,SF CNAF10.2 BS,CNAF 10,1,Beiras e Serra da Estrela,CNAF_DEZ_MANTEIGAS,Ligado (DDI)
CNAF,Portatil,5260798,Perímetro Florestal de Valhelhas e Perímetro Florestal do Vale de Amoreira,CNAF,SF CNAF11 BS,CNAF 11,1,Beiras e Serra da Estrela,CNAF_ONZE_MANTEIGAS,Ligado (DDI)
CNAF,Viatura,5260799,Perímetro Florestal de Valhelhas e Perímetro Florestal do Vale de Amoreira,CNAF,SF CNAF11.2 BS,CNAF 11,1,Beiras e Serra da Estrela,CNAF_ONZE_MANTEIGAS,Ligado (DDI)
EGFR,Portatil,5260800,GFR - Centro,GFR,SF NSR BB1 BB,GFR BB,1,Beira Baixa,NULL,Ligado (DDI)
EGFR,Portatil,5260801,GFR - Centro,GFR,SF NSR BB2 BB,GFR BB,1,Beira Baixa,NULL,Ligado (DDI)
EGFR,Portatil,5260802,GFR - Centro,GFR,SF NSR BB3 BB,GFR BB,1,Beira Baixa,NULL,Ligado (DDI)
EGFR,Portatil,5260803,GFR - Centro,GFR,SF NSR BB4 BB,GFR BB,1,Beira Baixa,NULL,NÃO ligado
EGFR,Portatil,5260804,GFR - Centro,GFR,SF NSR BSE1 BS,GFR BS,1,Beiras e Serra da Estrela,NULL,Ligado (DDI)
EGFR,Portatil,5260805,GFR - Centro,GFR,SF NSR BSE2 BS,GFR BS,1,Beiras e Serra da Estrela,NULL,Ligado (DDI)
EGFR,Portatil,5260806,GFR - Centro,GFR,SF NSR BSE3 BS,GFR BS,1,Beiras e Serra da Estrela,NULL,Ligado (DDI)
EGFR,Portatil,5260807,GFR - Centro,GFR,SF NSR BSE4 BS,GFR BS,1,Beiras e Serra da Estrela,NULL,NÃO ligado
EGFR,Portatil,5260808,GFR - Centro,GFR,SF NSR RC1 RC ,GFR RC,1,Região de Coimbra,NULL,Ligado (DDI)
EGFR,Portatil,5260809,GFR - Centro,GFR,SF NSR RC2 RC ,GFR RC,1,Região de Coimbra,NULL,Ligado (DDI)
EGFR,Portatil,5260810,GFR - Centro,GFR,SF NSR RC3 RC ,GFR RC,1,Região de Coimbra,NULL,Ligado (DDI)
EGFR,Portatil,5260811,GFR - Centro,GFR,SF NSR RC4 RC ,GFR RC,1,Região de Coimbra,NULL,Ligado (DDI)
EGFR,Portatil,5260812,GFR - Centro,GFR,SF NSR VDL1 VD,GFR VD,1,Viseu Dão Lafões,NULL,NÃO ligado
EGFR,Portatil,5260813,GFR - Centro,GFR,SF NSR VDL2 VD,GFR VD,1,Viseu Dão Lafões,NULL,Ligado (DDI)
EGFR,Portatil,5260814,GFR - Centro,GFR,SF NSR VDL3 VD ,GFR VD,1,Viseu Dão Lafões,NULL,Ligado (DDI)
EGFR,Portatil,5260815,GFR - Centro,GFR,SF NSR VDL4 VD ,GFR VD,1,Viseu Dão Lafões,NULL,NÃO ligado
EGFR,Portatil,5260816,GFR - Centro,GFR,SF NSR BB5 BB,GFR BB,1,Beira Baixa,NULL,NÃO ligado
EGFR,Portatil,5260817,GFR - Centro,GFR,SF NSR BSE5 BS,GFR BS,1,Região de Leiria,NULL,NÃO ligado
EGFR,Portatil,5260818,GFR - Centro,GFR,SF NSR_RC5 RC ,CNAF 51,1,Região de Coimbra,CNAF_CINQUENTA_E_UM_MELGAÇO,Ligado (COD_EQUIPA)
BSF,Viatura,5261183,Comunidade Intermunicipal da Região de Coimbra - BRIG-2-164,BSF,SF 36-164 CO,SF 36-164,1,Região de Coimbra,BRIGADA_DOIS_CIM_COIMBRA,NÃO ligado
CNAF,Viatura,5265027,Perímetro Florestal da Senhora das Necessidades e Perímetro Florestal do Açôr,CNAF,SF CNAF01 CO,CNAF 01,1,Região de Coimbra,CNAF_UM_COIMBRA,NÃO ligado
CNAF,Viatura,5265028,Perímetro Florestal do Buçaco,CNAF,SF CNAF05 CO,CNAF 05,1,Região de Coimbra,CNAF_CINCO_COIMBRA,NÃO ligado
CNAF,Viatura,5265036,"Mata Nacional das Dunas da Costa de Lavos e Leirosa, Mata Nacional do Prazo de Santa Marinha, Perímetro Florestal do Paião, Mata Nacional das Dunas de Quiaios, Perímetro Florestal de Cantanhede e Perímetro Florestal das Dunas de Mira",CNAF,SF CNAF06 CO,CNAF 06,1,Região de Coimbra,NULL,NÃO ligado
ESF,Portatil,6260500,Associação Florestal do Baixo Vouga,ESF,SF 01-161 RA,SF 01-161,1,Região de Aveiro,S_F_UM_ALBERGARIA_A_VELHA,Ligado (DDI)
ESF,Portatil,6260501,ADSAICA-Associação de Desenvolvimento das Serras de Aire e Candeeiros,ESF,SF 01-163 OE,SF 01-163,1,Oeste,S_F_UM_PORTO_DE_MÓS,Ligado (DDI)
ESF,Portatil,6260502,Cooperativa Agrícola de Sanfins CRL,ESF,SF 02-161 RA,SF 02-161,1,Região de Aveiro,S_F_DOIS_SEVER_DO_VOUGA,Ligado (COD_EQUIPA)
ESF,Portatil,6260503,APFDP-Associação de Produtores Florestais do Distrito de Portalegre,ESF,SF 02-182 AA,SF 02-182,1,Alto Alentejo,S_F_DOIS_PORTALEGRE,Ligado (DDI)
ESF,Portatil,6260504,Associação Florestal do Baixo Vouga,ESF,SF 03-161 RA,SF 03-161,1,Região de Aveiro,S_F_TRÊS_ÁGUEDA,Ligado (COD_EQUIPA)
ESF,Portatil,6260505,APAS FLORESTA - Associação de Produtores Florestais,ESF,SF 03-16B OE,SF 03-16B,1,Oeste,S_F_TRES_CADAVAL,Ligado (DDI)
ESF,Portatil,6260506,Município de Castelo Vide,ESF,SF 03-182 AA,SF 03-182,1,Alto Alentejo,S_F_TRES_CASTELO_DE_VIDE,Ligado (DDI)
ESF,Portatil,6260507,Município de Águeda,ESF,SF 04-161 RA,SF 04-161,1,Região de Aveiro,S_F_QUATRO_ÁGUEDA,Ligado (COD_EQUIPA)
ESF,Portatil,6260508,APFLOGAV-Associação de Produtores Florestais do Município de Gavião,ESF,SF 04-182 AA,SF 04-182,1,Alto Alentejo,S_F_QUATRO_GAVIÃO,Ligado (DDI)
ESF,Portatil,6260509,Município de Alter do Chão,ESF,SF 05-182 AA,SF 05-182,1,Alto Alentejo,S_F_CINC_ALTER_DO_CHÃO,Ligado (COD_EQUIPA)
ESF,Portatil,6260510,Município de Avis,ESF,SF 06-182 AA,SF 06-182,1,Alto Alentejo,S_F_SEIS_AVIS,Ligado (DDI)
ESF,Portatil,6260511,Município de Torres Vedras,ESF,SF 07-16B OE,SF 07-16B,1,Oeste,S_F_SETE_TORRES_VEDRAS,Ligado (DDI)
ESF,Portatil,6260512,Município do Crato,ESF,SF 07-182 AA,SF 07-182,1,Alto Alentejo,S_F_SETE_CRATO,Ligado (DDI)
ESF,Portatil,6260513,Município de Elvas,ESF,SF 08-182 AA,SF 08-182,1,Alto Alentejo,S_F_OITO_ELVAS,Ligado (COD_EQUIPA)
ESF,Portatil,6260514,Município de Fronteira,ESF,SF 09-182 AA,SF 09-182,1,Alto Alentejo,S_F_NOVE_FRONTEIRA,Ligado (DDI)
ESF,Portatil,6260515,Município do Marvão,ESF,SF 10-182 AA,SF 10-182,1,Alto Alentejo,S_F_DEZ_MARVÃO,NÃO ligado
ESF,Portatil,6260516,Município de Torres Vedras,ESF,SF 11-16B OE,SF 11-16B,1,Oeste,NULL,Ligado (DDI)
ESF,Portatil,6260517,Municípiol de Nisa,ESF,SF 11-182 AA,SF 11-182,1,Alto Alentejo,S_F_ONZE_NISA,Ligado (DDI)
ESF,Portatil,6260518,Município de Sousel,ESF,SF 12-182 AA,SF 12-182,1,Alto Alentejo,S_F_DOZE_SOUSEL,Ligado (COD_EQUIPA)
ESF,Portatil,6260519,Município de Portalegre,ESF,SF 13-182 AA,SF 13-182,1,Alto Alentejo,S_F_TREZE_PORTALEGRE,Ligado (DDI)
ESF,Portatil,6260520,APAFNA - Agrupamento de Produtores Agrícolas e Florestais do Norte Alentejano,ESF,SF 01-182 AA,SF 01-182,1,Alto Alentejo,S_F_UM_PORTALEGRE,Ligado (DDI)
ESF,Portatil,6260521,APFDP - Associação de Produtores Florestais do Distrito de Portalegre,ESF,SF 02-182.2 AA,SF 02-182,1,Alto Alentejo,S_F_DOIS_PORTALEGRE,Ligado (COD_EQUIPA)
ESF,Portatil,6260522,Município de Castelo Vide,ESF,SF 03-182.2 AA,SF 03-182,1,Alto Alentejo,S_F_TRES_CASTELO_DE_VIDE,Ligado (COD_EQUIPA)
ESF,Portatil,6260523,APFLOGAV - Associação de Produtores Florestais do Município de Gavião,ESF,SF 04-182.2 AA,SF 04-182,1,Alto Alentejo,S_F_QUATRO_GAVIÃO,Ligado (COD_EQUIPA)
ESF,Portatil,6260524,Município de Alter do Chão,ESF,SF 05-182.2 AA,SF 05-182,1,Alto Alentejo,S_F_CINC_ALTER_DO_CHÃO,Ligado (DDI)
ESF,Portatil,6260525,Município de Avis,ESF,SF 06-182.2 AA,SF 06-182,1,Alto Alentejo,S_F_SEIS_AVIS,Ligado (COD_EQUIPA)
ESF,Portatil,6260526,Município do Crato,ESF,SF 07-182.2 AA,SF 07-182,1,Alto Alentejo,S_F_SETE_CRATO,Ligado (COD_EQUIPA)
ESF,Portatil,6260527,Município de Elvas,ESF,SF 08-182.2 AA,SF 08-182,1,Alto Alentejo,S_F_OITO_ELVAS,Ligado (DDI)
ESF,Portatil,6260528,Município de Fronteira,ESF,SF 09-182.2 AA,SF 09-182,1,Alto Alentejo,S_F_NOVE_FRONTEIRA,Ligado (COD_EQUIPA)
ESF,Portatil,6260529,Município do Marvão,ESF,SF 10-182.2 AA,SF 10-182,1,Alto Alentejo,S_F_DEZ_MARVÃO,Ligado (DDI)
ESF,Portatil,6260530,Município de Nisa,ESF,SF 11-182.2 AA,SF 11-182,1,Alto Alentejo,S_F_ONZE_NISA,NÃO ligado
ESF,Portatil,6260531,Município de Sousel,ESF,SF 12-182.2 AA,SF 12-182,1,Alto Alentejo,S_F_DOZE_SOUSEL,Ligado (DDI)
ESF,Portatil,6260532,Município de Portalegre,ESF,SF 13-182.2 AA,SF 13-182,1,Alto Alentejo,S_F_TREZE_PORTALEGRE,NÃO ligado
ESF,Viatura,6260533,"Associação dos Agricultores dos Concelhos de Abrantes, Constância, Sardoal e Mação",ESF,SF 14-182 AA,SF 14-182,1,Alto Alentejo,S_F_CATORZE_PONTE_DE_SOR,Ligado (DDI)
ESF,Portatil,6260534,Associação dos Agricultores dos Concelhos de Abrantes. Constância. Sardoal e Mação,ESF,SF 14-182.2 AA,SF 14-182,1,Alto Alentejo,S_F_CATORZE_PONTE_DE_SOR,Ligado (DDI)
BSF,Viatura,6260535,Comunidade Intermunicipal do Alto Alentejo - BRIG-1-182,BSF,SF 15-182 AA,SF 15-182,1,Alto Alentejo,BRIGADA_UM_CIM_ALTO_ALENTEJO,Ligado (DDI)
BSF,Portatil,6260536,Comunidade Intermunicipal do Alto Alentejo - BRIG-1-182,BSF,SF 15-182.2 AA,SF 15-182,1,Alto Alentejo,BRIGADA_UM_CIM_ALTO_ALENTEJO,Ligado (DDI)
BSF,Viatura,6260537,Comunidade Intermunicipal do Alto Alentejo - BRIG-1-182,BSF,SF 16-182 AA,SF 16-182,1,Alto Alentejo,BRIGADA_UM_CIM_ALTO_ALENTEJO,Ligado (DDI)
BSF,Portatil,6260538,Comunidade Intermunicipal do Alto Alentejo - BRIG-1-182,BSF,SF 16-182.2 AA,SF 16-182,1,Alto Alentejo,BRIGADA_UM_CIM_ALTO_ALENTEJO,Ligado (DDI)
BSF,Viatura,6260539,Comunidade Intermunicipal do Alto Alentejo - BRIG-1-182,BSF,SF 17-182 AA,SF 17-182,1,Alto Alentejo,BRIGADA_UM_CIM_ALTO_ALENTEJO,Ligado (DDI)
BSF,Portatil,6260540,Comunidade Intermunicipal do Alto Alentejo - BRIG-1-182,BSF,SF 17-182.2 AA,SF 17-182,1,Alto Alentejo,BRIGADA_UM_CIM_ALTO_ALENTEJO,Ligado (DDI)
BSF,Portatil,6260541,Comunidade Intermunicipal do Alto Alentejo - BRIG-2-182,BSF,SF 18-182 AA,SF 18-182,1,Alto Alentejo,BRIGADA_DOIS_CIM_ALTO_ALENTEJO,Ligado (DDI)
BSF,Viatura,6260542,Comunidade Intermunicipal do Alto Alentejo - BRIG-2-182,BSF,SF 18-182.2 AA,SF 18-182,1,Alto Alentejo,BRIGADA_DOIS_CIM_ALTO_ALENTEJO,Ligado (DDI)
BSF,Portatil,6260543,Comunidade Intermunicipal do Alto Alentejo - BRIG-2-182,BSF,SF 19-182 AA,SF 19-182,1,Alto Alentejo,BRIGADA_DOIS_CIM_ALTO_ALENTEJO,Ligado (DDI)
BSF,Viatura,6260544,Comunidade Intermunicipal do Alto Alentejo - BRIG-2-182,BSF,SF 19-182.2 AA,SF 19-182,1,Alto Alentejo,BRIGADA_DOIS_CIM_ALTO_ALENTEJO,Ligado (DDI)
BSF,Portatil,6260545,Comunidade Intermunicipal do Alto Alentejo - BRIG-2-182,BSF,SF 20-182 AA,SF 20-182,1,Alto Alentejo,BRIGADA_DOIS_CIM_ALTO_ALENTEJO,Ligado (DDI)
BSF,Viatura,6260546,Comunidade Intermunicipal do Alto Alentejo - BRIG-2-182,BSF,SF 20-182.2 AA,SF 20-182,1,Alto Alentejo,BRIGADA_DOIS_CIM_ALTO_ALENTEJO,Ligado (DDI)
ESF,Portatil,6260547,APFLOBEV - Associação dos Produtores Florestais da Freguesia de Belver,ESF,SF 21-182 AA,SF 21-182,1,Alto Alentejo,S_F_VINTE_E_UM_GAVIÃO,Ligado (DDI)
ESF,Viatura,6260548,APFLOBEV - Associação dos Produtores Florestais da Freguesia de Belver,ESF,SF 21-182.2 AA,SF 21-182,1,Alto Alentejo,S_F_VINTE_E_UM_GAVIÃO,Ligado (DDI)
BSF,Portatil,6260549,Comunidade Intermunicipal do Alto Alentejo - BRIG-1-182 - Tecnico 1,BSF,SF BR1-182 AA,SF 15-182,1,Alto Alentejo,BRIGADA_UM_CIM_ALTO_ALENTEJO,Ligado (COD_EQUIPA)
BSF,Portatil,6260550,Comunidade Intermunicipal do Alto Alentejo - BRIG-2-182 - Tecnico 2,BSF,SF BR2-182 AA,SF 18-182,1,Alto Alentejo,BRIGADA_DOIS_CIM_ALTO_ALENTEJO,Ligado (COD_EQUIPA)
ESF,Portatil,6260551,APFCAN - Associação de Produtores Florestais dos Concelhos de Alcobaça e Nazaré,ESF,SF 02-16B OE,SF 02-16B,1,Oeste,S_F_DOIS_ALCOBAÇA,Ligado (DDI)
ESF,Viatura,6260552,APFCAN - Associação de Produtores Florestais dos Concelhos de Alcobaça e Nazaré,ESF,SF 02-16B.2 OE,SF 02-16B,1,Oeste,S_F_DOIS_ALCOBAÇA,Ligado (DDI)
ESF,Portatil,6260553,APAS FLORESTA - Associação de Produtores Florestais,ESF,SF 03-16B.2 OE,SF 03-16B,1,Oeste,S_F_TRES_CADAVAL,Ligado (COD_EQUIPA)
ESF,Viatura,6260554,ADSAICA - Associação de Desenvolvimento das Serras de Aire e Candeeiros,ESF,SF 05-16C OE,SF 05-16C,1,Oeste,S_F_CINCO_ALCANENA,Ligado (DDI)
ESF,Portatil,6260555,ADSAICA - Associação de Desenvolvimento das Serras de Aire e Candeeiros - pedir os distritos em falta,ESF,SF 05-16C.2 OE,SF 05-16C,1,Oeste,S_F_CINCO_ALCANENA,Ligado (DDI)
ESF,Portatil,6260556,Município de Peniche,ESF,SF 06-16B OE,SF 06-16B,1,Oeste,S_F_SEIS_PENICHE,Ligado (DDI)
ESF,Portatil,6260558,Município de Torres Vedras,ESF,SF 07-16B.2 OE,SF 07-16B,1,Oeste,S_F_SETE_TORRES_VEDRAS,Ligado (COD_EQUIPA)
ESF,Viatura,6260559,APFCAN - Associação de Produtores Florestais dos Concelhos de Alcobaça e Nazaré,ESF,SF 08-163 OE,SF 08-163,1,Oeste,S_F_OITO_ALCOBAÇA,Ligado (DDI)
ESF,Portatil,6260560,APFCAN - Associação de Produtores Florestais dos Concelhos de Alcobaça e Nazaré,ESF,SF 08-163.2 OE,SF 08-163,1,Oeste,S_F_OITO_ALCOBAÇA,Ligado (DDI)
BSF,Viatura,6260561,Comunidade Intermunicipal do Oeste - BRIG-1-16B,BSF,SF 08-16B OE,SF 08-16B,1,Oeste,BRIGADA_UM_CIM_OESTE,Ligado (DDI)
BSF,Portatil,6260562,Comunidade Intermunicipal do Oeste - BRIG-1-16B,BSF,SF 08-16B.2 OE,SF 08-16B,1,Oeste,BRIGADA_UM_CIM_OESTE,Ligado (DDI)
BSF,Viatura,6260563,Comunidade Intermunicipal do Oeste - BRIG-1-16B,BSF,SF 09-16B OE,SF 09-16B,1,Oeste,BRIGADA_UM_CIM_OESTE,Ligado (DDI)
BSF,Portatil,6260564,Comunidade Intermunicipal do Oeste - BRIG-1-16B,BSF,SF 09-16B.2 OE,SF 09-16B,1,Oeste,BRIGADA_UM_CIM_OESTE,Ligado (DDI)
BSF,Viatura,6260565,Comunidade Intermunicipal do Oeste - BRIG-1-16B,BSF,SF 10-16B OE,SF 10-16B,1,Oeste,BRIGADA_UM_CIM_OESTE,Ligado (COD_EQUIPA)
BSF,Portatil,6260566,Comunidade Intermunicipal do Oeste - BRIG-1-16B,BSF,SF 10-16B.2 OE,SF 10-16B,1,Oeste,BRIGADA_UM_CIM_OESTE,Ligado (COD_EQUIPA)
ESF,Portatil,6260567,Município de Torres Vedras,ESF,SF 11-16B.2 OE,SF 11-16B,1,Oeste,NULL,Ligado (COD_EQUIPA)
BSF,Portatil,6260568,Comunidade Intermunicipal do Oeste - BRIG-1-16B - Tecnico 1,BSF,SF BR1-16B OE,SF 08-16B,1,Oeste,BRIGADA_UM_CIM_OESTE,Ligado (COD_EQUIPA)
ESF,Portatil,6260569,Cooperativa Agrícola de Sanfins CRL,ESF,SF 02-161.2 RA,SF 02-161,1,Região de Aveiro,S_F_DOIS_SEVER_DO_VOUGA,Ligado (DDI)
ESF,Portatil,6260570,Associação Florestal do Baixo Vouga,ESF,SF 03-161.2 RA,SF 03-161,1,Região de Aveiro,S_F_TRÊS_ÁGUEDA,Ligado (DDI)
ESF,Portatil,6260571,Município de Águeda,ESF,SF 04-161.2 RA,SF 04-161,1,Região de Aveiro,S_F_QUATRO_ÁGUEDA,Ligado (DDI)
ESF,Portatil,6260572,Associação Florestal do Concelho de Ansião,ESF,SF 02-164 RL,SF 02-164,1,Região de Leiria,S_F_DOIS_ANSIÃO,Ligado (DDI)
ESF,Portatil,6260573,Associação Florestal do Concelho de Ansião,ESF,SF 02-164.2 RL,SF 02-164,1,Região de Leiria,S_F_DOIS_ANSIÃO,Ligado (COD_EQUIPA)
ESF,Portatil,6260574,Associação de Produrores Florestais de Pombal,ESF,SF 03-163 RL,SF 03-163,1,Região de Leiria,S_F_TRES_POMBAL,Ligado (DDI)
ESF,Viatura,6260575,APFP - Associação de Produtores Florestais de Pombal,ESF,SF 03-163.2 RL,SF 03-163,1,Região de Leiria,S_F_TRES_POMBAL,Ligado (DDI)
ESF,Portatil,6260576,Município de Pombal,ESF,SF 06-163 RL,SF 06-163,1,Região de Leiria,S_F_SEIS_POMBAL,Ligado (DDI)
ESF,Viatura,6260577,Município de Pombal,ESF,SF 06-163.2 RL,SF 06-163,1,Região de Leiria,S_F_SEIS_POMBAL,Ligado (DDI)
ESF,Portatil,6260578,Conselho Directivo dos Baldios de Castanheira de Pêra,ESF,SF 06-164 RL,SF 06-164,1,Região de Leiria,S_F_SEIS_CASTANHEIRA_DE_PERA,Ligado (DDI)
ESF,Portatil,6260579,Conselho Directivo dos Baldios de Castanheira de Pêra,ESF,SF 06-164.2 RL,SF 06-164,1,Região de Leiria,S_F_SEIS_CASTANHEIRA_DE_PERA,Ligado (COD_EQUIPA)
ESF,Portatil,6260580,Associação de Produrores Florestais de Pombal,ESF,SF 07-163 RL,SF 07-163,1,Região de Leiria,S_F_SETE_POMBAL,Ligado (DDI)
ESF,Portatil,6260581,APFP - Associação de Produtores Florestais de Pombal,ESF,SF 07-163.2 RL,SF 07-163,1,Região de Leiria,S_F_SETE_POMBAL,Ligado (COD_EQUIPA)
ESF,Portatil,6260582,APFLOR - Associação de Produtores e Proprietários Florestais do Concelho de Pedrógão Grande,ESF,SF 08-164 RL,SF 08-164,1,Região de Leiria,S_F_OITO_PEDROGÃO_GRANDE,Ligado (DDI)
ESF,Portatil,6260583,APFLOR - Associação de Produtores e Proprietários Florestais do Concelho de Pedrógão Grande,ESF,SF 08-164.2 RL,SF 08-164,1,Região de Leiria,S_F_OITO_PEDROGÃO_GRANDE,Ligado (COD_EQUIPA)
ESF,Viatura,6260584,APFP - Associação de Produtores Florestais de Pombal,ESF,SF 09-163 RL,SF 09-163,1,Região de Leiria,S_F_NOVE_POMBAL,Ligado (DDI)
ESF,Portatil,6260585,APFP - Associação de Produtores Florestais de Pombal,ESF,SF 09-163.2 RL,SF 09-163,1,Região de Leiria,S_F_NOVE_POMBAL,Ligado (DDI)
ESF,Viatura,6260586,Associação Florestal do Concelho de Ansião,ESF,SF 10-163 RL,SF 10-163,1,Região de Leiria,S_F_DEZ_POMBAL,Ligado (DDI)
ESF,Portatil,6260587,Associação Florestal do Concelho de Ansião,ESF,SF 10-163.2 RL,SF 10-163,1,Região de Leiria,S_F_DEZ_POMBAL,Ligado (DDI)
ESF,Viatura,6260588,Conselho Directivo dos Baldios da Freguesia de Coentral,ESF,SF 11-164 RL,SF 11-164,1,Região de Leiria,S_F_ONZE_CASTANHEIRA_DE_PERA,Ligado (DDI)
ESF,Portatil,6260589,Conselho Directivo dos Baldios do Coentral,ESF,SF 11-164.2 RL,SF 11-164,1,Região de Leiria,S_F_ONZE_CASTANHEIRA_DE_PERA,Ligado (DDI)
ESF,Portatil,6260590,Associação de Produtores Florestais do Concelho de Alvaiázere,ESF,SF 12-164 RL,SF 12-164,1,Região de Leiria,S_F_DOZE_ALVAIAZERE,Ligado (DDI)
ESF,Portatil,6260591,Associação de Produtores Florestais do Concelho de Alvaiázere,ESF,SF 12-164.2 RL,SF 12-164,1,Região de Leiria,S_F_DOZE_ALVAIAZERE,Ligado (COD_EQUIPA)
ESF,Viatura,6260592,Associação Florestal do Concelho de Ansião,ESF,SF 15-164 RL,SF 15-164,1,Região de Leiria,S_F_QUINZE_ANSIÃO,Ligado (DDI)
ESF,Portatil,6260593,Associação Florestal do Concelho de Ansião,ESF,SF 15-164.2 RL,SF 15-164,1,Região de Leiria,S_F_QUINZE_ANSIÃO,Ligado (DDI)
ESF,Viatura,6260594,Associação de Produtores Agro-Florestais do Concelho de Figueiró dos Vinhos,ESF,SF 17-164 RL,SF 17-164,1,Região de Leiria,S_F_DEZASSETE_FIGUEIRÓ_DOS_VINHOS,Ligado (DDI)
ESF,Portatil,6260595,Associação de Produtores Agro-Florestais do Concelho de Figueiró dos Vinhos,ESF,SF 17-164.2 RL,SF 17-164,1,Região de Leiria,S_F_DEZASSETE_FIGUEIRÓ_DOS_VINHOS,Ligado (DDI)
ESF,Portatil,6260596,Associação de Produtores Florestais do Concelho de Alvaiázere,ESF,SF 22-164 RL,SF 22-164,1,Região de Leiria,S_F_VINTE_E_DOIS_ALVAIAZERE,Ligado (DDI)
ESF,Viatura,6260597,Associação de Produtores Florestais do Concelho de Alvaiázere,ESF,SF 22-164.2 RL,SF 22-164,1,Região de Leiria,S_F_VINTE_E_DOIS_ALVAIAZERE,Ligado (DDI)
ESF,Viatura,6260598,APFLOR - Associação de Produtores e Proprietários Florestais do Concelho de Pedrógão Grande,ESF,SF 23-164 RL,SF 23-164,1,Região de Leiria,S_F_VINTE_E_TRES_PEDROGÃO_GRANDE,Ligado (DDI)
ESF,Portatil,6260599,APFLOR - Associação de Produtores e Proprietários Florestais do Concelho de Pedrógão Grande,ESF,SF 23-164.2 RL,SF 23-164,1,Região de Leiria,S_F_VINTE_E_TRES_PEDROGÃO_GRANDE,Ligado (DDI)
ESF,Viatura,6260600,APAFNA - Agrupamento de Produtores Agrícolas e Florestais do Norte Alentejano,ESF,SF 01-182.2 AA,SF 01-182,1,Alto Alentejo,S_F_UM_PORTALEGRE,Ligado (DDI)
ESF,Viatura,6260601,ADSAICA-Associação de Desenvolvimento das Serras de Aire e Candeeiros,ESF,SF 01-163.2 OE,SF 01-163,1,Oeste,S_F_UM_PORTO_DE_MÓS,Ligado (DDI)
ESF,Viatura,6260602,Associação Florestal do Baixo Vouga,ESF,SF 01-161.2 RA,SF 01-161,1,Região de Aveiro,S_F_UM_ALBERGARIA_A_VELHA,Ligado (DDI)
VN,Viatura,6260603,Reserva Natural das Dunas de São Jacinto,VN,SF 2VN05 RA,SF 2VN05,1,Região de Aveiro,NULL,Ligado (DDI)
VN,Portatil,6260604,Parque Natural da Serra de São Mamede - PNSSM / Monumento Natural das Portas de Ródão,VN,SF 4VN01 AA,SF 4VN01,1,Alto Alentejo,NULL,Ligado (DDI)
VN,Portatil,6260605,Rede Natura Alto Alentejo,VN,SF 4VN04 AA,SF 4VN04,1,Alto Alentejo,NULL,Ligado (DDI)
CNAF,Portatil,6260606,Mata Nacional de Leiria (Aceiro I ao Aceiro Exterior Sul),CNAF,SF CNAF07 RL,CNAF 07,1,Região de Leiria,NULL,Ligado (DDI)
CNAF,Viatura,6260607,ICNF - Centro,CNAF,SF CNAF09 RL,CNAF 09,1,Região de Leiria,CNAF_NOVE_MARINHA_GRANDE,Ligado (DDI)
CNAF,Viatura,6260608,Mata Nacional do Valado,CNAF,SF CNAF12 RL,CNAF 12,1,Oeste,CNAF_DOZE_VALADO,Ligado (DDI)
CNAF,Portatil,6260609,Mata Nacional do Valado,CNAF,SF CNAF12.2 RL,CNAF 12,1,Oeste,CNAF_DOZE_VALADO,Ligado (DDI)
EGFR,Portatil,6260610,GFR - Centro,GFR,SF NSR RL1 RL,GFR RL,1,Região de Leiria,NULL,NÃO ligado
EGFR,Portatil,6260611,GFR - Centro,GFR,SF NSR RL2 RL,GFR RL,1,Região de Leiria,NULL,Ligado (DDI)
EGFR,Portatil,6260612,GFR - Centro,GFR,SF NSR RL3 RL ,GFR RL,1,Região de Leiria,NULL,Ligado (DDI)
EGFR,Portatil,6260613,GFR - Centro,GFR,SF NSR RL4 RL ,GFR RL,1,Região de Leiria,NULL,NÃO ligado
EGFR,Portatil,6260614,GFR - Centro,GFR,SF NSR RA1 RA ,GFR RA,1,Região de Aveiro,NULL,Ligado (DDI)
EGFR,Portatil,6260615,GFR - Centro,GFR,SF NSR RA2 RA ,GFR RA,1,Região de Aveiro,NULL,NÃO ligado
EGFR,Portatil,6260616,GFR - Centro,GFR,SF NSR RA3 RA ,GFR RA,1,Região de Coimbra,NULL,NÃO ligado
EGFR,Portatil,6260617,GFR - Centro,GFR,SF NSR RA4 RA ,GFR RA,1,Região de Coimbra,NULL,NÃO ligado
EGFR,Portatil,6260618,GFR - Alentejo,GFR,SF NSR AA1 AA,GFR AA,1,Alto Alentejo,NULL,NÃO ligado
EGFR,Portatil,6260619,GFR - Alentejo,GFR,SF NSR AA2 AA,GFR AA,1,Alto Alentejo,NULL,NÃO ligado
EGFR,Portatil,6260620,GFR - Alentejo,GFR,SF NSR AA3 AA,GFR AA,1,Alto Alentejo,NULL,NÃO ligado
EGFR,Portatil,6260621,GFR - Alentejo,GFR,SF NSR AA4 AA,GFR AA,1,Alto Alentejo,NULL,NÃO ligado
EGFR,Portatil,6260622,GFR - Lisboa e Vale do Tejo,GFR,SF NSR OE1 OE,GFR OE,1,Lezíria do Tejo,NULL,Ligado (DDI)
EGFR,Portatil,6260623,GFR - Lisboa e Vale do Tejo,GFR,SF NSR OE2 OE,GFR OE,1,Oeste,NULL,Ligado (DDI)
EGFR,Portatil,6260624,GFR - Lisboa e Vale do Tejo,GFR,SF NSR OE3 OE,GFR OE,1,Viseu Dão Lafões,NULL,NÃO ligado
EGFR,Portatil,6260625,GFR - Lisboa e Vale do Tejo,GFR,SF NSR OE4 OE,GFR OE,1,Baixo Alentejo,NULL,NÃO ligado
EGFR,Portatil,6260626,GFR - Alentejo,GFR,SF NSR_AA5 AA,GFR RL,1,Alto Alentejo,NULL,NÃO ligado
ESF,Portatil,6261097,Associação Florestal do Baixo Vouga,ESF,SF 05-161.2 AV,SF 05-161,1,Região de Aveiro,S_F_CINCO_ANADIA,NÃO ligado
CNAF,Viatura,6261149,PNSSM-Serra de São Mamede,CNAF,SF CNAF49.2 PG,CNAF 49,1,Alto Alentejo,CNAF_QUARENTA_E_NOVE_SÃO_MAMEDE,NÃO ligado
ESF,Viatura,6265012,Fundação Mata do Bussaco,ESF,SF 06-161 AV,SF 06-161,1,Região de Coimbra,S_F_SEIS_MEALHADA,NÃO ligado
ESF,Viatura,6265027,Associação Florestal do Baixo Vouga,ESF,SF 05-161 AV,SF 05-161,1,Região de Aveiro,S_F_CINCO_ANADIA,NÃO ligado
ESF,Portatil,7260500,Município de Ourique,ESF,SF 01-184 BA,SF 01-184,1,Baixo Alentejo,S_F_UM_OURIQUE,Ligado (COD_EQUIPA)
ESF,Portatil,7260501,Município de Almodôvar,ESF,SF 02-184 BA,SF 02-184,1,Baixo Alentejo,S_F_DOIS_ALMODÔVAR,Ligado (DDI)
ESF,Portatil,7260502,Município de Barrancos,ESF,SF 03-184 BA,SF 03-184,1,Baixo Alentejo,S_F_QUATRO_BARRANCOS,Ligado (COD_EQUIPA)
ESF,Portatil,7260503,ASPAFLOBAL-Associação de Produtores Florestais do Barlavento Algarvio,ESF,SF 04-150 AG,SF 04-150,1,Algarve,S_F_QUATRO_MONCHIQUE,Ligado (DDI)
ESF,Portatil,7260504,Município de Moura,ESF,SF 04-184 BA,SF 04-184,1,Baixo Alentejo,S_F_QUATRO_MOURA,Ligado (DDI)
ESF,Portatil,7260505,Município da Vidigueira,ESF,SF 05-184 BA,SF 05-184,1,Baixo Alentejo,S_F_CINCO_VIDIGUEIRA,Ligado (COD_EQUIPA)
ESF,Portatil,7260506,Município de Portimão,ESF,SF 07-150 AG,SF 07-150,1,Algarve,S_F_SETE_PORTIMÃO,Ligado (COD_EQUIPA)
ESF,Portatil,7260507,Município de Vila Real de Santo António,ESF,SF 09-150 AG,SF 09-150,1,Algarve,S_F_NOVE_VILA_REAL_SANTO_ANTÓNIO,Ligado (DDI)
ESF,Portatil,7260508,Associação de Municipios Terras do Infante,ESF,SF 10-150 AG,SF 10-150,1,Algarve,S_F_DEZ_LAGOS,Ligado (COD_EQUIPA)
ESF,Portatil,7260509,Associação de Municipios Terras do Infante,ESF,SF 11-150 AG,SF 11-150,1,Algarve,S_F_ONZE_VILA_DO_BISPO,Ligado (COD_EQUIPA)
ESF,Portatil,7260510,Associação dos Produtores Florestais da Serra do Caldeirão,ESF,SF 02-150 AG,SF 02-150,1,Algarve,S_F_DOIS_LOULÉ,Ligado (DDI)
ESF,Viatura,7260511,Associação dos Produtores Florestais da Serra do Caldeirão,ESF,SF 02-150.2 AG,SF 02-150,1,Algarve,S_F_DOIS_LOULÉ,Ligado (DDI)
ESF,Portatil,7260512,CUMEADAS - Associação de Proprietários Florestais das Cumeadas do Baixo Guadiana,ESF,SF 03-150 AG,SF 03-150,1,Algarve,S_F_TRES_ALCOUTIM,Ligado (DDI)
ESF,Viatura,7260513,CUMEADAS - Associação de Proprietários Florestais das Cumeadas do Baixo Guadiana,ESF,SF 03-150.2 AG,SF 03-150,1,Algarve,S_F_TRES_ALCOUTIM,Ligado (DDI)
ESF,Portatil,7260514,ASPAFLOBAL - Associação de Produtores Florestais do Barlavento Algarvio,ESF,SF 04-150.2 AG,SF 04-150,1,Algarve,S_F_QUATRO_MONCHIQUE,Ligado (COD_EQUIPA)
ESF,Portatil,7260515,Município de Silves,ESF,SF 05-150 AG,SF 05-150,1,Algarve,S_F_CINCO_SILVES,Ligado (DDI)
ESF,Viatura,7260516,Município de Silves,ESF,SF 05-150.2 AG,SF 05-150,1,Algarve,S_F_CINCO_SILVES,Ligado (DDI)
ESF,Portatil,7260517,Município de Portimão,ESF,SF 07-150.2 AG,SF 07-150,1,Algarve,S_F_SETE_PORTIMÃO,Ligado (DDI)
ESF,Portatil,7260518,Município de Vila Real de Santo António,ESF,SF 09-150.2 AG,SF 09-150,1,Algarve,S_F_NOVE_VILA_REAL_SANTO_ANTÓNIO,Ligado (COD_EQUIPA)
ESF,Portatil,7260519,Associação de Municipios Terras do Infante,ESF,SF 10-150.2 AG,SF 10-150,1,Algarve,S_F_DEZ_LAGOS,Ligado (DDI)
ESF,Portatil,7260520,Associação de Municipios Terras do Infante,ESF,SF 11-150.2 AG,SF 11-150,1,Algarve,S_F_ONZE_VILA_DO_BISPO,Ligado (DDI)
ESF,Portatil,7260521,ASPAFLOBAL - Associação de Produtores Florestais do Barlavento Algarvio,ESF,SF 12-150 AG,SF 12-150,1,Algarve,S_F_DOZE_MONCHIQUE,Ligado (DDI)
ESF,Viatura,7260522,ASPAFLOBAL - Associação de Produtores Florestais do Barlavento Algarvio,ESF,SF 12-150.2 AG,SF 12-150,1,Algarve,S_F_DOZE_MONCHIQUE,Ligado (DDI)
ESF,Portatil,7260523,Município de São Brás de Alportel,ESF,SF 13-150 AG,SF 13-150,1,Algarve,S_F_TREZE_ALPORTEL,Ligado (DDI)
ESF,Viatura,7260524,Município de São Brás de Alportel,ESF,SF 13-150.2 AG,SF 13-150,1,Algarve,S_F_TREZE_ALPORTEL,Ligado (DDI)
ESF,Viatura,7260525,Associação de Municipios Terra do Infante,ESF,SF 14-150.2 AG,SF 14-150,1,Algarve,S_F_CATORZE_ALJEZUR,Ligado (DDI)
ESF,Portatil,7260526,Terras do Infante,ESF,SF 14-150.3 AG,SF 14-150,1,Algarve,S_F_CATORZE_ALJEZUR,Ligado (DDI)
BSF,Viatura,7260527,Comunidade Intermunicipal do Algarve - BRIG-1-150,BSF,SF 15-150 AG,SF 15-150,1,Algarve,BRIGADA_UM_CIM_ALGARVE,Ligado (DDI)
BSF,Portatil,7260528,Comunidade Intermunicipal do Algarve - BRIG-1-150,BSF,SF 15-150.2 AG,SF 15-150,1,Algarve,BRIGADA_UM_CIM_ALGARVE,Ligado (DDI)
BSF,Viatura,7260529,Comunidade Intermunicipal do Algarve - BRIG-1-150,BSF,SF 16-150 AG,SF 16-150,1,Algarve,BRIGADA_UM_CIM_ALGARVE,Ligado (DDI)
BSF,Portatil,7260530,Comunidade Intermunicipal do Algarve - BRIG-1-150,BSF,SF 16-150.2 AG,SF 16-150,1,Algarve,BRIGADA_UM_CIM_ALGARVE,Ligado (DDI)
ESF,Portatil,7260531,Freguesia de São Bartlomeu de Messines,ESF,SF 18-150 AG,SF 18-150,1,Algarve,S_F_DEZOITO_SILVES,Ligado (DDI)
ESF,Viatura,7260532,Freguesia de São Bartlomeu de Messines,ESF,SF 18-150.2 AG,SF 18-150,1,Algarve,S_F_DEZOITO_SILVES,Ligado (DDI)
ESF,Portatil,7260533,Município de Loulé,ESF,SF 19-150 AG,SF 19-150,1,Algarve,S_F_DEZANOVE_LOULÉ,Ligado (DDI)
ESF,Portatil,7260534,Município de Loulé,ESF,SF 19-150.2 AG,SF 19-150,1,Algarve,S_F_DEZANOVE_LOULÉ,Ligado (COD_EQUIPA)
BSF,Portatil,7260535,Comunidade Intermunicipal do Algarve - BRIG-1-150 - Tecnico 1,BSF,SF BR1-150 AG,SF 15-150,1,Algarve,BRIGADA_UM_CIM_ALGARVE,Ligado (COD_EQUIPA)
ESF,Portatil,7260536,Município de Ourique,ESF,SF 01-184.2 BA,SF 01-184,1,Baixo Alentejo,S_F_UM_OURIQUE,Ligado (DDI)
ESF,Portatil,7260537,Município de Almodôvar,ESF,SF 02-184.2 BA,SF 02-184,1,Baixo Alentejo,S_F_DOIS_ALMODÔVAR,Ligado (COD_EQUIPA)
ESF,Portatil,7260538,Município de Barrancos,ESF,SF 03-184.2 BA,SF 03-184,1,Baixo Alentejo,S_F_QUATRO_BARRANCOS,Ligado (DDI)
ESF,Portatil,7260539,Município de Moura,ESF,SF 04-184.2 BA,SF 04-184,1,Baixo Alentejo,S_F_QUATRO_MOURA,Ligado (COD_EQUIPA)
ESF,Portatil,7260540,Município da Vidigueira,ESF,SF 05-184.2 BA,SF 05-184,1,Baixo Alentejo,S_F_CINCO_VIDIGUEIRA,Ligado (DDI)
CNAF,Portatil,7260541,Parque Natural do Sudoeste Alentejano e Costa Vicentina,CNAF,SF CNAF57 AG,CNAF 57,1,Algarve,CNAF_CINQUENTA_E_SETE_COSTA_VICENTINA,Ligado (DDI)
CNAF,Portatil,7260542,"Mata Nacional das Dunas de Vila Real de Santo António, M.N. Terras da Ordem e P.F. Conceição de Tavira",CNAF,SF CNAF40 AG,CNAF 40,1,Algarve,CNAF_QUARENTA_VILA_REAL_SANTO_ANTÓNIO,NÃO ligado
CNAF,Portatil,7260543,Parque Natural da Ria Formosa,CNAF,SF CNAF56 AG,CNAF 56,1,Algarve,CNAF_CINQUENTA_E_SEIS_RIA_FORMOSA,Ligado (DDI)
VN,Portatil,7260544,Parque Natural do Vale do Guadiana - PNVG,VN,SF 4VN03 BA,SF 4VN03,1,Baixo Alentejo,NULL,Ligado (DDI)
VN,Portatil,7260545,Rede Natura  Baixo Alentejo,VN,SF 4VN06 BA,SF 4VN06,1,Baixo Alentejo,NULL,Ligado (DDI)
VN,Viatura,7260546,Reserva Natural do Sapal de Castro Marim/MN_Dunas litorais de VRSA/MN Terras da Ordem/PF Conceição de Tavira,VN,SF 5VN01 AG,SF 5VN01,1,Algarve,NULL,Ligado (DDI)
VN,Viatura,7260547,Parque Natural do Sudoeste Alentejano e Costa Vicentina,VN,SF 5VN02 AG,SF 5VN02,1,Algarve,NULL,Ligado (DDI)
VN,Viatura,7260548,Parque Natural do Sudoeste Alentejano e Costa Vicentina,VN,SF 5VN03 AG,SF 5VN03,1,Algarve,NULL,Ligado (DDI)
VN,Viatura,7260549,Parque Natural da Ria Formosa/PF Conceição Tavira,VN,SF 5VN05 AG,SF 5VN05,1,Algarve,NULL,Ligado (DDI)
VN,Portatil,7260550,Parque Natural do Sudoeste Alentejano e Costa Vicentina,VN,SF 5VN04 AG,SF 5VN04,1,Algarve,NULL,Ligado (DDI)
VN,Portatil,7260551,Parque Natural do Sudoeste Alentejano e Costa Vicentina,VN,SF 5VN06 AG,SF 5VN06,1,Algarve,NULL,Ligado (DDI)
VN,Portatil,7260552,Parque Natural da Ria Formosa,VN,SF 5VN07 AG,SF 5VN07,1,Algarve,NULL,Ligado (DDI)
VN,Portatil,7260553,Parque Natural da Ria Formosa,VN,SF 5VN08 AG,SF 5VN08,1,Algarve,NULL,Ligado (DDI)
EGFR,Portatil,7260554,GFR - Alentejo,GFR,SF NSR BA2 BA,GFR BA,1,Baixo Alentejo,NULL,NÃO ligado
EGFR,Portatil,7260555,GFR - Alentejo,GFR,SF NSR BA1 BA,GFR BA,1,Alentejo Central,NULL,NÃO ligado
EGFR,Portatil,7260556,GFR - Alentejo,GFR,SF NSR BA3 BA,GFR BA,1,Área Metropolitana de Lisboa,NULL,NÃO ligado
EGFR,Portatil,7260557,GFR - Alentejo,GFR,SF NSR BA4 BA,GFR BA,1,Baixo Alentejo,NULL,NÃO ligado
EGFR,Portatil,7260558,GFR - Algarve,GFR,SF NSR ALG1 AG,GFR AG,1,Algarve,NULL,NÃO ligado
EGFR,Portatil,7260559,GFR - Algarve,GFR,SF NSR ALG2 AG,GFR AG,1,Algarve,NULL,NÃO ligado
EGFR,Portatil,7260560,GFR - Algarve,GFR,SF NSR ALG3 AG,GFR AG,1,Algarve,NULL,NÃO ligado
EGFR,Portatil,7260561,GFR - Algarve,GFR,SF NSR ALG4 AG,GFR AG,1,Algarve,NULL,NÃO ligado
BSF,Viatura,7265003,Comunidade Intermunicipal do Algarve - BRIG-1-150,BSF,SF 17-150 FA,SF 17-150,1,Algarve,BRIGADA_UM_CIM_ALGARVE,NÃO ligado
FSBF,Portatil,1260694,Comando Nacional da Força de Sapadores Bombeiros Florestais,FSBF,SF MR15 NC,MR15,1,NULL,NULL,NÃO ligado
VN,Portatil,1260726,chefe de DVPF - LVT,VN,SF VN LVT NC,SF VN LVT,2,NULL,NULL,NÃO ligado
FSBF,Portatil,1260785,Comando Nacional da Força de Sapadores Bombeiros Florestais (LVT - João Ribeiro),FSBF,SF COMAQ S3 NC,NULL,NULL,NULL,NULL,NÃO ligado
FSBF,Viatura,1260786,Comando Nacional da Força de Sapadores Bombeiros Florestais - Pedro Beguilhas,FSBF,SF VAFR 21 NC,FSBF VAFR 21,1,NULL,NULL,NÃO ligado
FSBF,Viatura,1260787,Comando Nacional da Força de Sapadores Bombeiros Florestais - VLCI11,FSBF,SF VLCI 11 NC,FSBF VLCI 11,1,NULL,NULL,NÃO ligado
ESF,Portatil,4260718,Município de Cabeceiras de Basto,ESF,SF 47-115.1 AV,SF 47-115,1,Ave,NULL,Ligado (DDI)
ESF,Portatil,4260719,Município de Cabeceiras de Basto,ESF,SF 47-115.2 AV,SF 47-115,1,Ave,NULL,Ligado (COD_EQUIPA)
CNAF,Viatura,6260627,PNSSM-Serra de São Mamede,CNAF,SF CNAF49 AA,SF CNAF49,1,Alto Alentejo,NULL,NÃO ligado
