MEGFR,Viatura_COD,TIPO_DECIR,ELEMENTO,COD_EQUIPA,CODIGO_ICNF,TIPOLOGIA,MODELO,MARCA,CHASSIS,MATRICULA,UO_DRCNF,BASE,ESTADO,AGFR,LAT_BASE,LONG_BASE,DDI_VIATURA,Ligada_Meios_v1
EGFR,VCOT AA-91-LV,VCOT,NULL,NULL,VASG 01 NRT,Veículo de Apoio de Fogo Rural,Outlander,Mitsubishi,NULL,AA-91-LV,Norte,Cabeceiras de Basto,NULL,NORTE,NULL,NULL,NULL,NÃO ligada
EGFR,VCOT 39-FA-74,VCOT,NULL,NULL,VAFR 03 NRT,Veículo de Apoio de Fogo Rural,L200 4WD,MITSUBISHI,NULL,39-FA-74,Norte,Ponte de Lima,NULL,NORTE,NULL,NULL,NULL,Ligada
EGFR,VCOT 55-VO-25,VCOT,NULL,NULL,VAFR 04 NRT,Veículo de Apoio de Fogo Rural,L200,Mitsubishi,NULL,55-VO-25,Norte,Braga,NULL,NORTE,NULL,NULL,NULL,Ligada
EGFR,VCOT 91-XJ-08,VCOT,NULL,NULL,VAFR 05 NRT,Veículo de Apoio de Fogo Rural,L200,Mitsubishi,NULL,91-XJ-08,Norte,Chaves,NULL,NORTE,NULL,NULL,NULL,Ligada
EGFR,VCOT 38-XF-56,VCOT,NULL,NULL,VAFR 07 NRT,Veículo de Apoio de Fogo Rural,L200,Mitsubishi,NULL,38-XF-56,Norte,Vila Real,NULL,NORTE,NULL,NULL,NULL,NÃO ligada
EGFR,VCOT 38-XF-63,VCOT,NULL,NULL,VAFR 09 NRT,Veículo de Apoio de Fogo Rural,L200,Mitsubishi,NULL,38-XF-63,Norte,Bragança,NULL,NORTE,NULL,NULL,NULL,NÃO ligada
EGFR,VCOT 55-VO-26,VCOT,NULL,NULL,VAFR 10 NRT,Veículo de Apoio de Fogo Rural,L200,Mitsubishi,NULL,55-VO-26,Norte,Chaves,NULL,NORTE,NULL,NULL,NULL,Ligada
EGFR,VCOT AA-92-LV,VCOT,NULL,NULL,VASG 01 CNT,Veículo de Apoio Serviço Geral,Outlander,Mitsubishi,NULL,AA-92-LV,Centro,Guarda,NULL,CENTRO,NULL,NULL,NULL,Ligada
EGFR,VCOT 55-VO-37,VCOT,NULL,NULL,VAFR 02 CNT,Veículo de Apoio de Fogo Rural,L200,Mitsubishi,NULL,55-VO-37,Centro,Lousã,NULL,CENTRO,NULL,NULL,NULL,Ligada
EGFR,VCOT 38-XF-68,VCOT,NULL,NULL,VAFR 03 CNT,Veículo de Apoio de Fogo Rural,L200,Mitsubishi,NULL,38-XF-68,Centro,Viseu,NULL,CENTRO,NULL,NULL,NULL,Ligada
EGFR,VCOT 38-XF-72,VCOT,NULL,NULL,VAFR 04 CNT,Veículo de Apoio de Fogo Rural,L200,Mitsubishi,NULL,38-XF-72,Centro,Guarda,NULL,CENTRO,NULL,NULL,NULL,Ligada
EGFR,VCOT 55-VO-35,VCOT,NULL,NULL,VAFR 05 CNT,Veículo de Apoio de Fogo Rural,L200,Mitsubishi,NULL,55-VO-35,Centro,Castelo Branco,NULL,CENTRO,NULL,NULL,NULL,Ligada
EGFR,VCOT 55-VO-36,VCOT,NULL,NULL,VAFR 06 CNT,Veículo de Apoio de Fogo Rural,L200,Mitsubishi,NULL,55-VO-36,Centro,Marinha Grande,NULL,LVT,NULL,NULL,NULL,Ligada
EGFR,VCOT 17-TX-31,VCOT,NULL,NULL,VGFR 01 LVT,Veículo de Gestão de Fogo Rural,Hilux,Toyota,NULL,17-TX-31,LVT,Porto de Mós,NULL,LVT,NULL,NULL,NULL,Ligada
EGFR,VCOT 17-TX-37,VCOT,NULL,NULL,VGFR 01 ALE,Veículo de Gestão de Fogo Rural,Hilux,Toyota,NULL,17-TX-37,Alentejo,Portalegre,NULL,ALENTEJO,NULL,NULL,NULL,NÃO ligada
EGFR,VCOT 17-TX-38,VCOT,NULL,NULL,VGFR 02 ALE,Veículo de Gestão de Fogo Rural,Hilux,Toyota,NULL,17-TX-38,Alentejo,Évora,NULL,ALENTEJO,NULL,NULL,NULL,NÃO ligada
EGFR,VCOT 38-XF-78,VCOT,NULL,NULL,VAFR 04 LVT,Veículo de Apoio de Fogo Rural,L200,Mitsubishi,NULL,38-XF-78,LVT,Alcochete,NULL,LVT,NULL,NULL,NULL,NÃO ligada
EGFR,VCOT 38-XF-79,VCOT,NULL,NULL,VAFR 05 LVT,Veículo de Apoio de Fogo Rural,L200,Mitsubishi,NULL,38-XF-79,LVT,Ourém,NULL,LVT,NULL,NULL,NULL,NÃO ligada
EGFR,VCOT 38-XF-84,VCOT,NULL,NULL,VAFR 06 LVT,Veículo de Apoio de Fogo Rural,L200,Mitsubishi,NULL,38-XF-84,LVT,Rio Maior,NULL,LVT,NULL,NULL,NULL,Ligada
EGFR,VCOT 39-FA-61,VCOT,NULL,NULL,VAFR 02 ALE,Veículo de Apoio de Fogo Rural,L200 4WD,MITSUBISHI,NULL,39-FA-61,Alentejo,Portalegre,NULL,ALENTEJO,NULL,NULL,NULL,NÃO ligada
EGFR,VCOT 39-XF-00,VCOT,NULL,NULL,VAFR 02 ALG,Veículo de Apoio de Fogo Rural,L200,Mitsubishi,NULL,39-XF-00,Algarve,Olhão,NULL,ALGARVE,NULL,NULL,NULL,NÃO ligada
EGFR,VCOT 55-VO-20,VCOT,NULL,NULL,VAFR 02 LVT,Veículo de Apoio de Fogo Rural,L200,Mitsubishi,NULL,55-VO-20,LVT,Santarém,NULL,LVT,NULL,NULL,NULL,Ligada
EGFR,VCOT 55-VO-24,VCOT,NULL,NULL,VAFR 03 ALG,Veículo de Apoio de Fogo Rural,L200,Mitsubishi,NULL,55-VO-24,Algarve,Olhão,NULL,ALGARVE,NULL,NULL,NULL,NÃO ligada
EGFR,VCOT 55-VO-30,VCOT,NULL,NULL,VAFR 03 LVT,Veículo de Apoio de Fogo Rural,L200,Mitsubishi,NULL,55-VO-30,LVT,Sintra,NULL,LVT,NULL,NULL,NULL,NÃO ligada
EGFR,VCOT 55-VO-32,VCOT,NULL,NULL,VAFR 03 ALE,Veículo de Apoio de Fogo Rural,L200,Mitsubishi,NULL,55-VO-32,Alentejo,Alcácer do Sal,NULL,ALENTEJO,NULL,NULL,NULL,NÃO ligada
EGFR,VCOT 17-TX-42,VCOT,NULL,NULL,VGFR 01 NRT,Veículo de Gestão de Fogo Rural,Hilux,Toyota,NULL,17-TX-42,Norte,Ponte de Lima,NULL,NORTE,NULL,NULL,NULL,Ligada
EGFR,VCOT 17-TX-41,VCOT,NULL,NULL,VGFR 02 NRT,Veículo de Gestão de Fogo Rural,Hilux,Toyota,NULL,17-TX-41,Norte,Porto,NULL,NORTE,NULL,NULL,NULL,Ligada
EGFR,VCOT 17-TX-40,VCOT,NULL,NULL,VGFR 03 NRT,Veículo de Gestão de Fogo Rural,Hilux,Toyota,NULL,17-TX-40,Norte,Chaves,NULL,NORTE,NULL,NULL,NULL,Ligada
EGFR,VCOT AR-72-ZJ,VCOT,NULL,NULL,VGFR 04 NRT,Veículo de Gestão de Fogo Rural,Hilux,Toyota,NULL,AR-72-ZJ,Norte,Vila Real,NULL,NORTE,NULL,NULL,NULL,Ligada
EGFR,VCOT AR-69-ZJ,VCOT,NULL,NULL,VGFR 05 NRT,Veículo de Gestão de Fogo Rural,Hilux,Toyota,NULL,AR-69-ZJ,Norte,Ponte de Lima,NULL,NORTE,NULL,NULL,NULL,Ligada
EGFR,VCOT AR-70-ZJ,VCOT,NULL,NULL,VGFR 06 NRT,Veículo de Gestão de Fogo Rural,Hilux,Toyota,NULL,AR-70-ZJ,Norte,Braga,NULL,NORTE,NULL,NULL,NULL,NÃO ligada
EGFR,VCOT AR-74-ZJ,VCOT,NULL,NULL,VGFR 07 NRT,Veículo de Gestão de Fogo Rural,Hilux,Toyota,NULL,AR-74-ZJ,Norte,Arouca,NULL,NORTE,NULL,NULL,NULL,Ligada
EGFR,VCOT AR-66-ZJ,VCOT,NULL,NULL,VGFR 08 NRT,Veículo de Gestão de Fogo Rural,Hilux,Toyota,NULL,AR-66-ZJ,Norte,Bragança,NULL,NORTE,NULL,NULL,NULL,NÃO ligada
EGFR,VCOT AR-62-ZJ,VCOT,NULL,NULL,VGFR 09 NRT,Veículo de Gestão de Fogo Rural,Hilux,Toyota,NULL,AR-62-ZJ,Norte,Chaves,NULL,NORTE,NULL,NULL,NULL,Ligada
EGFR,VCOT AR-71-ZJ,VCOT,NULL,NULL,VGFR 10 NRT,Veículo de Gestão de Fogo Rural,Hilux,Toyota,NULL,AR-71-ZJ,Norte,Porto,NULL,NORTE,NULL,NULL,NULL,Ligada
EGFR,VCOT 17-TX-30,VCOT,NULL,NULL,VGFR 01 CNT,Veículo de Gestão de Fogo Rural,Hilux,Toyota,NULL,17-TX-30,Centro,Castelo Branco,NULL,CENTRO,NULL,NULL,NULL,Ligada
EGFR,VCOT 17-TX-43,VCOT,NULL,NULL,VGFR 02 CNT,Veículo de Gestão de Fogo Rural,Hilux,Toyota,NULL,17-TX-43,Centro,Viseu,NULL,CENTRO,NULL,NULL,NULL,Ligada
EGFR,VCOT AR-60-ZJ,VCOT,NULL,NULL,VGFR 03 CNT,Veículo de Gestão de Fogo Rural,Hilux,Toyota,NULL,AR-60-ZJ,Centro,Viseu,NULL,CENTRO,NULL,NULL,NULL,Ligada
EGFR,VCOT AR-78-ZJ,VCOT,NULL,NULL,VGFR 04 CNT,Veículo de Gestão de Fogo Rural,Hilux,Toyota,NULL,AR-78-ZJ,Centro,Guarda,NULL,CENTRO,NULL,NULL,NULL,Ligada
EGFR,VCOT AR-56-ZJ,VCOT,NULL,NULL,VGFR 09 CNT,Veículo de Gestão de Fogo Rural,Hilux,Toyota,NULL,AR-56-ZJ,Centro,Guarda,NULL,CENTRO,NULL,NULL,NULL,Ligada
EGFR,VCOT AR-76-ZJ,VCOT,NULL,NULL,VGFR 05 CNT,Veículo de Gestão de Fogo Rural,Hilux,Toyota,NULL,AR-76-ZJ,Centro,Aveiro,NULL,CENTRO,NULL,NULL,NULL,Ligada
EGFR,VCOT AR-55-ZJ,VCOT,NULL,NULL,VGFR 06 CNT,Veículo de Gestão de Fogo Rural,Hilux,Toyota,NULL,AR-55-ZJ,Centro,Lousã,NULL,CENTRO,NULL,NULL,NULL,Ligada
EGFR,VCOT AR-68-ZJ,VCOT,NULL,NULL,VGFR 07 CNT,Veículo de Gestão de Fogo Rural,Hilux,Toyota,NULL,AR-68-ZJ,Centro,Marinha Grande,NULL,LVT,NULL,NULL,NULL,Ligada
EGFR,VCOT AR-79-ZJ,VCOT,NULL,NULL,VGFR 08 CNT,Veículo de Gestão de Fogo Rural,Hilux,Toyota,NULL,AR-79-ZJ,Centro,Castelo Branco,NULL,CENTRO,NULL,NULL,NULL,Ligada
EGFR,VCOT AA-93-LV,VCOT,NULL,NULL,VAFR 01 LVT,Veículo de Apoio de Fogo Rural,Outlander Diesel,Mitsubishi,NULL,AA-93-LV,LVT,Sintra,NULL,LVT,NULL,NULL,NULL,Ligada
EGFR,VCOT AA-94-LV,VCOT,NULL,NULL,VASG 01 ALE,Veículo de Apoio de Fogo Rural,Outlander,Mitsubishi,NULL,AA-94-LV,Alentejo,Alcácer do Sal,NULL,ALENTEJO,NULL,NULL,NULL,NÃO ligada
EGFR,VCOT AA-95-LV,VCOT,NULL,NULL,VASG 01 ALG,Veículo de Apoio de Fogo Rural,Outlander,Mitsubishi,NULL,AA-95-LV,Algarve,Olhão,NULL,ALGARVE,NULL,NULL,NULL,NÃO ligada
EGFR,VCOT AR-54-ZJ,VCOT,NULL,NULL,VGFR 05 ALE,Veículo de Gestão de Fogo Rural,Hilux,Toyota,NULL,AR-54-ZJ,Alentejo,Alcácer do Sal,NULL,ALENTEJO,NULL,NULL,NULL,NÃO ligada
EGFR,VCOT AR-57-ZJ,VCOT,NULL,NULL,VGFR 03 ALE,Veículo de Gestão de Fogo Rural,Hilux,Toyota,NULL,AR-57-ZJ,Alentejo,Portalegre,NULL,ALENTEJO,NULL,NULL,NULL,NÃO ligada
EGFR,VCOT AR-61-ZJ,VCOT,NULL,NULL,VGFR 02 LVT,Veículo de Gestão de Fogo Rural,Hilux,Toyota,NULL,AR-61-ZJ,LVT,Ourém,NULL,LVT,NULL,NULL,NULL,Ligada
EGFR,VCOT AR-63-ZJ,VCOT,NULL,NULL,VGFR 04 ALE,Veículo de Gestão de Fogo Rural,Hilux,Toyota,NULL,AR-63-ZJ,Alentejo,Évora,NULL,ALENTEJO,NULL,NULL,NULL,Ligada
EGFR,VCOT AR-64-ZJ,VCOT,NULL,NULL,VGFR 01 ALG,Veículo de Gestão de Fogo Rural,Hilux,Toyota,NULL,AR-64-ZJ,Algarve,Olhão,NULL,ALGARVE,NULL,NULL,NULL,NÃO ligada
EGFR,VCOT AR-65-ZJ,VCOT,NULL,NULL,VGFR 04 LVT,Veículo de Gestão de Fogo Rural,Hilux,Toyota,NULL,AR-65-ZJ,LVT,Santarém,NULL,LVT,NULL,NULL,NULL,NÃO ligada
EGFR,VCOT AR-67-ZJ,VCOT,NULL,NULL,VGFR 05 LVT,Veículo de Gestão de Fogo Rural,Hilux,Toyota,NULL,AR-67-ZJ,LVT,Sintra,NULL,LVT,NULL,NULL,NULL,Ligada
EGFR,VCOT AR-73-ZJ,VCOT,NULL,NULL,VGFR 03 LVT,Veículo de Gestão de Fogo Rural,Hilux,Toyota,NULL,AR-73-ZJ,LVT,Porto de Mós,NULL,LVT,NULL,NULL,NULL,Ligada
EGFR,VCOT 55-VO-31,VCOT,NULL,NULL,VAFR 02 NRT,Veículo de Apoio de Fogo Rural,L200 4WD,MITSUBISHI,NULL,55-VO-31,Norte,Ponte de Lima,NULL,NORTE,NULL,NULL,NULL,Ligada
ESF,VLCI 81-PC-06,VLCI,SF 01-111,SF 01-111 ,NULL,NULL,HILUX 4X4 CD CM,TOYOTA,NULL,81-PC-06,Conselho Directivo dos Baldios da Freguesia de Riba de Âncora,Caminha,NULL,NORTE,41.8578,-8.78606,3260639,Ligada
ESF,VLCI 67-TX-37,VLCI,SF 03-111,SF 03-111 ,NULL,NULL,HILUX 4X4 CD CM,TOYOTA,NULL,67-TX-37,Conselho Directivo dos Baldios de Carvoeiro,Viana do Castelo,NULL,NORTE,41.6547,-8.69662,NULL,Ligada
ESF,VLCI 67-TX-38,VLCI,SF 04-111,SF 04-111 ,NULL,NULL,HILUX 4X4 CD CM,TOYOTA,NULL,67-TX-38,Associação Florestal do Lima,Ponte de Lima,NULL,NORTE,41.7931,-8.59389,NULL,Ligada
ESF,VLCI 67-TX-48,VLCI,SF 05-111,SF 05-111 ,NULL,NULL,HILUX 4X4 CD CM,TOYOTA,NULL,67-TX-48,Associação Florestal do Lima,Arcos de Valdevez,NULL,NORTE,41.7931,-8.59389,NULL,Ligada
ESF,VLCI 67-TX-41,VLCI,SF 06-111,SF 06-111 ,NULL,NULL,HILUX 4X4 CD CM,TOYOTA,NULL,67-TX-41,Assembleia de Compartes dos Baldios da Freguesia de Merufe,Monção,NULL,NORTE,42.0167,-8.3885,NULL,Ligada
ESF,VLCI 17-TX-25,VLCI,SF 07-111,SF 07-111 ,NULL,NULL,HILUX 4X4 CD CM,TOYOTA,NULL,17-TX-25,Associação de Produtores Florestais do Vale do Minho,Paredes de Coura,NULL,NORTE,42.0224,-8.64061,NULL,Ligada
ESF,VLCI 53-VA-41,VLCI,SF 08-111,SF 08-111 ,NULL,NULL,L200 4WD,MITSUBISHI,NULL,53-VA-41,Associação Florestal do Lima,Viana do Castelo,NULL,NORTE,41.7931,-8.59389,3260536,Ligada
ESF,VLCI 57-XI-27,VLCI,SF 09-111,SF 09-111 ,NULL,NULL,L200 4WD,MITSUBISHI,NULL,57-XI-27,Associação Florestal do Lima,Ponte da Barca,NULL,NORTE,41.7931,-8.59389,3260539,Ligada
ESF,VLCI 38-XF-71,VLCI,SF 10-111,SF 10-111 ,NULL,NULL,L200 4WD,MITSUBISHI,NULL,38-XF-71,"ATLÂNTICA - Associação Florestal dos Vales do Minho, Coura, Âncora, Vez e Lima",Arcos de Valdevez,NULL,NORTE,41.9188,-8.35279,3260541,Ligada
ESF,VLCI 38-XF-87,VLCI,SF 11-111,SF 11-111 ,NULL,NULL,L200 4WD,MITSUBISHI,NULL,38-XF-87,Conselho Directivo dos Baldios da Freguesia de Lindoso,Ponte da Barca,NULL,NORTE,41.8599,-8.24551,3260543,Ligada
ESF,VLCI 39-XF-09,VLCI,SF 12-111,SF 12-111 ,NULL,NULL,L200 4WD,MITSUBISHI,NULL,39-XF-09,Assembleia de Compartes dos Baldios da Freguesia de Soajo,Arcos de Valdevez,NULL,NORTE,41.8745,-8.2627,3260545,Ligada
ESF,VLCI 38-XF-62,VLCI,SF 13-111,SF 13-111 ,NULL,NULL,L200 4WD,MITSUBISHI,NULL,38-XF-62,Assembleia de Compartes dos Baldios da Freguesia de Cabreiro,Arcos de Valdevez,NULL,NORTE,41.933,-8.41536,3260547,Ligada
ESF,VLCI 38-XF-76,VLCI,SF 14-111,SF 14-111 ,NULL,NULL,L200 4WD,MITSUBISHI,NULL,38-XF-76,Conselho Directivo dos Baldios da Freguesia de Entre Ambos-os-Rios,Ponte da Barca,NULL,NORTE,41.8147,-8.25038,3260549,Ligada
ESF,VLCI 38-XF-73,VLCI,SF 15-111,SF 15-111 ,NULL,NULL,L200 4WD,MITSUBISHI,NULL,38-XF-73,Assembleia de Compartes dos Baldios da Freguesia da Gavieira,Arcos de Valdevez,NULL,NORTE,41.9528,-8.24837,3260551,Ligada
ESF,VLCI AS-12-OG,VLCI,SF 16-111,SF 16-111 ,NULL,NULL,"HILUX AN1P(EU,N)",TOYOTA,NULL,AS-12-OG,Associação Florestal do Lima,Ponte de Lima,NULL,NORTE,41.7931,-8.59389,NULL,Ligada
ESF,VLCI AS-22-OG,VLCI,SF 17-111,SF 17-111 ,NULL,NULL,HILUX,TOYOTA,NULL,AS-22-OG,"ATLÂNTICA - Associação Florestal dos Vales do Minho, Coura, Âncora, Vez e Lima",Monção,NULL,NORTE,41.9188,-8.35279,NULL,Ligada
ESF,VLCI AS-14-OG,VLCI,SF 18-111,SF 18-111 ,NULL,NULL,"HILUX AN1P(EU,N)",TOYOTA,NULL,AS-14-OG,Associação Florestal do Lima,Ponte de Lima,NULL,NORTE,41.7931,-8.59389,NULL,Ligada
ESF,VLCI 39-FA-72,VLCI,SF 19-111,SF 19-111 ,NULL,NULL,HILUX,TOYOTA,NULL,39-FA-72,Associação de Produtores Florestais do Vale do Minho,Valença,NULL,NORTE,42.0224,-8.64061,NULL,Ligada
ESF,VLCI 96-FC-80,VLCI,SF 20-111,SF 20-111 ,NULL,NULL,L200 4WD,MITSUBISHI,NULL,96-FC-80,Associação de Produtores Florestais do Vale do Minho,Vila Nova de Cerveira,NULL,NORTE,42.0224,-8.64061,NULL,Ligada
ESF,VLCI AS-13-OG,VLCI,SF 21-111,SF 21-111,NULL,NULL,Hilux,Toyota,NULL,AS-13-OG,ACEB - Associação para a Cooperação Entre Baldios,Viana do Castelo,NULL,NORTE,41.6974,-8.82256,NULL,Ligada
ESF,VLCI AU-45-TG,VLCI,SF 22-111,SF 22-111 ,NULL,NULL,HILUX,TOYOTA,NULL,AU-45-TG,Conselho Directivo dos Baldios da Freguesia de Castro Laboreiro,Melgaço,NULL,NORTE,42.0324,-8.15835,NULL,Ligada
ESF,VLCI 35-JB-02,VLCI,SF 23-111,SF 23-111,NULL,NULL,L200 4WD,MITSUBISHI,NULL,35-JB-02,Associação de Produtores Florestais do Vale do Minho,Paredes de Coura,NULL,NORTE,42.0224,-8.64061,NULL,Ligada
ESF,VLCI 58-II-71,VLCI,SF 24-111,SF 24-111,NULL,NULL,L200 4WD,MITSUBISHI,NULL,58-II-71,Município de Melgaço,Melgaço,NULL,NORTE,42.113,-8.25882,NULL,Ligada
ESF,VLCI 13-ST-43,VLCI,SF 25-111,SF 25-111 ,NULL,NULL,HILUX 4X4 CD CM,TOYOTA,NULL,13-ST-43,Associação de Produtores Florestais do Vale do Minho,Caminha,NULL,NORTE,42.0224,-8.64061,NULL,Ligada
ESF,VLCI 13-ST-47,VLCI,SF 26-111,SF 26-111,NULL,NULL,HILUX 4X4 CD CM,TOYOTA,NULL,13-ST-47,Associação Florestal do Lima,Ponte de Lima,NULL,NORTE,41.7931,-8.59389,NULL,Ligada
ESF,VLCI 53-VA-60,VLCI,SF 27-111,SF 27-111,NULL,NULL,L200 4WD,MITSUBISHI,NULL,53-VA-60,Associação de Produtores Florestais do Vale do Minho,Monção,NULL,NORTE,42.0224,-8.64061,3260565,Ligada
ESF,VLCI 67-TX-43,VLCI,SF 01-112,SF 01-112 ,NULL,NULL,HILUX 4X4 CD CM,TOYOTA,NULL,67-TX-43,Associação Florestal do Cávado,Vila Verde,NULL,NORTE,41.5377,-8.4001,NULL,Ligada
ESF,VLCI 53-VA-23,VLCI,SF 02-112,SF 02-112 ,NULL,NULL,L200 4WD,MITSUBISHI,NULL,53-VA-23,Associação Florestal do Cávado,Amares,NULL,NORTE,41.5377,-8.4001,4260625,Ligada
ESF,VLCI 53-VA-24,VLCI,SF 03-112,SF 03-112 ,NULL,NULL,L200 4WD,MITSUBISHI,NULL,53-VA-24,Associação Florestal do Cávado,Terras de Bouro,NULL,NORTE,41.5377,-8.4001,4260627,Ligada
ESF,VLCI 16-XO-65,VLCI,SF 04-112,SF 04-112 ,NULL,NULL,L200 4WD,MITSUBISHI,NULL,16-XO-65,Associação Florestal do Cávado,Barcelos,NULL,NORTE,41.5377,-8.4001,4260630,Ligada
ESF,VLCI 90-XJ-92,VLCI,SF 05-112,SF 05-112 ,NULL,NULL,L200 4WD,MITSUBISHI,NULL,90-XJ-92,AFVH - Associação Florestal do Vale do Homem,Terras de Bouro,NULL,NORTE,41.7291,-8.13173,NULL,Ligada
ESF,VLCI AT-04-UT,VLCI,SF 05-113,SF 05-113 ,NULL,NULL,Hilux,Toyota,NULL,AT-04-UT,AFVH - Associação Florestal do Vale do Homem,Terras de Bouro,NULL,NORTE,41.7291,-8.13173,NULL,Ligada
ESF,VLCI BA-44-ID,VLCI,SF 06-112,SF 06-112,NULL,NULL,HILUX,Toyota,NULL,BA-44-ID,Associação Florestal do Cávado,Vila Verde,NULL,NORTE,41.5377,-8.4001,NULL,Ligada
ESF,VLCI BA-47-ID,VLCI,SF 07-112,SF 07-112,NULL,NULL,Hilux,Toyota,NULL,BA-47-ID,Associação Florestal do Cávado,Esposende,NULL,NORTE,41.5377,-8.4001,NULL,Ligada
ESF,VLCI 13-ST-62,VLCI,SF 08-112,SF 08-112,NULL,NULL,HILUX 4X4 CD CM,TOYOTA,NULL,13-ST-62,Associação Florestal do Cávado,Braga,NULL,NORTE,41.5377,-8.4001,NULL,Ligada
ESF,VLCI 53-VA-86,VLCI,SF 09-112,SF 09-112,NULL,NULL,L200 4WD,MITSUBISHI,NULL,53-VA-86,Associação Florestal do Cávado,Barcelos,NULL,NORTE,41.5377,-8.4001,4260641,Ligada
ESF,VLCI 67-TX-26,VLCI,SF 01-113,SF 01-113 ,NULL,NULL,HILUX 4X4 CD CM,TOYOTA,NULL,67-TX-26,ASVA - Associação de Silvicultores do Vale do Ave,Trofa,NULL,NORTE,41.3378,-8.55947,3260640,Ligada
ESF,VLCI 53-VA-63,VLCI,SF 02-113,SF 02-113 ,NULL,NULL,L200 4WD,MITSUBISHI,NULL,53-VA-63,APOSC - Associação para o Ordenamento da Serra da Cabreira,Vieira do Minho,NULL,NORTE,41.6339,-8.13938,4260587,Ligada
ESF,VLCI 90-XJ-87,VLCI,SF 04-113,SF 04-113 ,NULL,NULL,L200 4WD,MITSUBISHI,NULL,90-XJ-87,COFAFE - Cooperativa dos Produtores Agrícolas de Fafe,Fafe,NULL,NORTE,41.4565,-8.17206,NULL,Ligada
ESF,VLCI AT-10-UT,VLCI,SF 06-113,SF 06-113 ,NULL,NULL,"HILUX AN1P(EU,N)",TOYOTA,NULL,AT-10-UT,ASVA - Associação de Silvicultores do Vale do Ave,Santo Tirso,NULL,NORTE,41.3378,-8.55947,NULL,Ligada
ESF,VLCI AZ-91-OQ,VLCI,SF 07-113,SF 07-113,NULL,NULL,Hilux,Toyota,NULL,AZ-91-OQ,ASVA - Associação de Silvicultores do Vale do Ave,Vila Nova de Famalicão,NULL,NORTE,41.3378,-8.55947,NULL,Ligada
ESF,VLCI 13-ST-57,VLCI,SF 08-113,SF 08-113,NULL,NULL,HILUX 4X4 CD CM,TOYOTA,NULL,13-ST-57,ASVA - Associação de Silvicultores do Vale do Ave,Guimarães,NULL,NORTE,41.3378,-8.55947,NULL,Ligada
ESF,VLCI 53-VA-53,VLCI,SF 09-113,SF 09-113,NULL,NULL,L200 4WD,MITSUBISHI,NULL,53-VA-53,APOSC - Associação para o Ordenamento da Serra da Cabreira,Vieira do Minho,NULL,NORTE,41.6339,-8.13938,4260595,Ligada
ESF,VLCI 53-VA-83,VLCI,SF 10-113,SF 10-113,NULL,NULL,L200 4WD,MITSUBISHI,NULL,53-VA-83,APOSC - Associação para o Ordenamento da Serra da Cabreira,Vieira do Minho,NULL,NORTE,41.6339,-8.13938,4260597,Ligada
BSF,VLCI 18-VI-36,VLCI,SF 11-113,BRIG-1-113,NULL,NULL,L200 4WD,MITSUBISHI,NULL,18-VI-36,Comunidade Intermunicipal do Ave BRIG-1-113,Guimarães,NULL,NORTE,41.4481,-8.29347,4260599,Ligada
BSF,VLCI 18-VI-17,VLCI,SF 12-113,BRIG-1-113,NULL,NULL,L200 4WD,MITSUBISHI,NULL,18-VI-17,Comunidade Intermunicipal do Ave BRIG-1-113,Guimarães,NULL,NORTE,41.4481,-8.29347,4260601,Ligada
BSF,VLCI 18-VI-29,VLCI,SF 13-113,BRIG-1-113,NULL,NULL,L200 4WD,MITSUBISHI,NULL,18-VI-29,Comunidade Intermunicipal do Ave,Guimarães,NULL,NORTE,41.4481,-8.29347,4260603,Ligada
ESF,VLCI 81-PC-10,VLCI,SF 01-114,SF 01-114 ,NULL,NULL,HILUX 4X4 CD CM,TOYOTA,NULL,81-PC-10,PORTUCALEA - Associação Florestal do Grande Porto,Vila Nova de Gaia,NULL,NORTE,41.1573,-8.54907,3260641,Ligada
ESF,VLCI 67-TX-45,VLCI,SF 02-114,SF 02-114 ,NULL,NULL,HILUX 4X4 CD CM,TOYOTA,NULL,67-TX-45,PORTUCALEA - Associação Florestal do Grande Porto,Vila do Conde,NULL,NORTE,41.1573,-8.54907,NULL,Ligada
ESF,VLCI 53-VA-38,VLCI,SF 03-114,SF 03-114 ,NULL,NULL,L200 4WD,MITSUBISHI,NULL,53-VA-38,PORTUCALEA - Associação Florestal do Grande Porto,Valongo,NULL,NORTE,41.1573,-8.54907,3260570,Ligada
ESF,VLCI 57-XI-30,VLCI,SF 04-114,SF 04-114 ,NULL,NULL,L200 4WD,MITSUBISHI,NULL,57-XI-30,PORTUCALEA - Associação Florestal do Grande Porto,Gondomar,NULL,NORTE,41.1573,-8.54907,3260574,Ligada
ESF,VLCI 81-PC-13,VLCI,SF 12-115,SF 12-115 ,NULL,NULL,HILUX 4X4 CD CM,TOYOTA,NULL,81-PC-13,Conselho Directivo dos Baldios da Freguesia de Ansiães,Amarante,NULL,NORTE,41.2811,-8.12331,3260645,Ligada
ESF,VLCI 67-TX-34,VLCI,SF 13-115,SF 13-115 ,NULL,NULL,HILUX 4X4 CD CM,TOYOTA,NULL,67-TX-34,Conselho Directivo dos Baldios do Lugar de Ermelo,Mondim de Basto,NULL,NORTE,41.3585,-7.88821,4260606,Ligada
ESF,VLCI 67-TX-40,VLCI,SF 14-115,SF 14-115 ,NULL,NULL,HILUX 4X4 CD CM,TOYOTA,NULL,67-TX-40,Associação Florestal de Ribeira de Pena,Ribeira de Pena,NULL,NORTE,41.4724,-7.84658,4260535,Ligada
ESF,VLCI 67-TX-36,VLCI,SF 15-115,SF 15-115 ,NULL,NULL,HILUX 4X4 CD CM,TOYOTA,NULL,67-TX-36,Associação Florestal de Entre Douro e Tâmega,Amarante,NULL,NORTE,41.1769,-8.14544,NULL,Ligada
ESF,VLCI 67-TX-29,VLCI,SF 16-115,SF 16-115 ,NULL,NULL,HILUX 4X4 CD CM,TOYOTA,NULL,67-TX-29,RURALBASTO - Cooperativa de Desenvolvimento Agro-Florestal de Basto,Cabeceiras de Basto,NULL,NORTE,41.5151,-7.99081,NULL,Ligada
ESF,VLCI 67-TX-35,VLCI,SF 17-115,SF 17-115 ,NULL,NULL,HILUX 4X4 CD CM,TOYOTA,NULL,67-TX-35,Associação Florestal do Vale do Sousa,Felgueiras,NULL,NORTE,41.2073,-8.27341,NULL,Ligada
ESF,VLCI 53-VA-27,VLCI,SF 18-115,SF 18-115 ,NULL,NULL,L200 4WD,MITSUBISHI,NULL,53-VA-27,Associação Florestal de Ribeira de Pena,Ribeira de Pena,NULL,NORTE,41.4724,-7.84658,4260540,Ligada
ESF,VLCI 53-VA-62,VLCI,SF 19-115,SF 19-115 ,NULL,NULL,L200 4WD,MITSUBISHI,NULL,53-VA-62,Associação Florestal de Ribeira de Pena,Ribeira de Pena,NULL,NORTE,41.4724,-7.84658,4260544,Ligada
ESF,VLCI 53-VA-67,VLCI,SF 22-115,SF 22-115 ,NULL,NULL,L200 4WD,MITSUBISHI,NULL,53-VA-67,Associação Florestal de Ribeira de Pena,Ribeira de Pena,NULL,NORTE,41.4724,-7.84658,4260548,Ligada
ESF,VLCI 57-XI-26,VLCI,SF 23-115,SF 23-115 ,NULL,NULL,L200 4WD,MITSUBISHI,NULL,57-XI-26,Conselho Diretivo dos Baldios de Aboadela,Amarante,NULL,NORTE,41.2319,-8.09675,3260583,Ligada
ESF,VLCI AS-08-OG,VLCI,SF 24-115,SF 24-115 ,NULL,NULL,"HILUX AN1P(EU,N)",TOYOTA,NULL,AS-08-OG,Conselho Diretivo dos Baldios de Cabeceiras de Basto - S. Nicolau,Cabeceiras de Basto,NULL,NORTE,41.5558,-8.02119,NULL,Ligada
ESF,VLCI 16-XO-71,VLCI,SF 25-115,SF 25-115 ,NULL,NULL,L200 4WD,MITSUBISHI,NULL,16-XO-71,Associação Florestal de Compartes de Vilar de Ferreiros,Mondim de Basto,NULL,NORTE,41.4052,-7.90796,NULL,Ligada
ESF,VLCI AT-07-UT,VLCI,SF 26-115,SF 26-115 ,NULL,NULL,HILUX,TOYOTA,NULL,AT-07-UT,Associação Florestal de Entre Douro e Tâmega,Marco de Canaveses,NULL,NORTE,41.1769,-8.14544,NULL,Ligada
ESF,VLCI AS-21-OG,VLCI,SF 27-115,SF 27-115 ,NULL,NULL,"HILUX AN1P(EU,N)",TOYOTA,NULL,AS-21-OG,Município de Mondim de Basto,Mondim de Basto,NULL,NORTE,41.4108,-7.9523,NULL,Ligada
ESF,VLCI AU-46-TG,VLCI,SF 28-115,SF 28-115 ,NULL,NULL,HILUX,TOYOTA,NULL,AU-46-TG,Associação Florestal de Ribeira de Pena,Ribeira de Pena,NULL,NORTE,41.4724,-7.84658,4260555,Ligada
ESF,VLCI AS-02-OG,VLCI,SF 29-115,SF 29-115 ,NULL,NULL,"HILUX AN1P(EU,N)",TOYOTA,NULL,AS-02-OG,Conselho Directivo dos Baldios de Moimenta e Rabiçais,Cabeceiras de Basto,NULL,NORTE,41.5248,-7.88838,NULL,Ligada
ESF,VLCI AT-42-SZ,VLCI,SF 30-115,SF 30-115 ,NULL,NULL,Hilux,Toyota,NULL,AT-42-SZ,Conselho Directivo de Compartes dos Baldios da Freguesia de Bilhó,Mondim de Basto,NULL,NORTE,41.3931,-7.82758,NULL,Ligada
ESF,VLCI AX-42-RN,VLCI,SF 31-115,SF 31-115 ,NULL,NULL,HILUX,TOYOTA,NULL,AX-42-RN,Associação Florestal de Entre Douro e Tâmega,Marco de Canaveses,NULL,NORTE,41.1769,-8.14544,NULL,Ligada
ESF,VLCI 90-XJ-85,VLCI,SF 32-115,SF 32-115,NULL,NULL,L200 4WD,MITSUBISHI,NULL,90-XJ-85,Associação Florestal do Vale do Sousa,Vila Real,NULL,NORTE,41.3245,-7.74186,NULL,Ligada
ESF,VLCI AZ-79-OQ,VLCI,SF 34-115,SF 34-115,NULL,NULL,HILUX,TOYOTA,NULL,AZ-79-OQ,Associação Florestal de Entre Douro e Tâmega,Cinfães,NULL,NORTE,41.1769,-8.14544,NULL,Ligada
ESF,VLCI 13-ST-48,VLCI,SF 36-115,SF 36-115,NULL,NULL,HILUX 4X4 CD CM,TOYOTA,NULL,13-ST-48,Associação Florestal de Entre Douro e Tâmega,Cinfães,NULL,NORTE,41.1769,-8.14544,NULL,Ligada
ESF,VLCI 53-VA-28,VLCI,SF 37-115,SF 37-115,NULL,NULL,L200 4WD,MITSUBISHI,NULL,53-VA-28,Associação Florestal de Entre Douro e Tâmega,Amarante,NULL,NORTE,41.1769,-8.14544,3260589,Ligada
ESF,VLCI 53-VA-75,VLCI,SF 38-115,SF 38-115,NULL,NULL,L200 4WD,MITSUBISHI,NULL,53-VA-75,Freguesia de Santa Marinha,Ribeira de Pena,NULL,NORTE,41.5265,-7.78357,4260566,Ligada
BSF,VLCI 35-VL-22,VLCI,SF 39-115,BRIG-1-115,NULL,NULL,L200 4WD,MITSUBISHI,NULL,35-VL-22,Comunidade Intermunicipal Tâmega e Sousa - BRIG-1-115,Penafiel,NULL,NORTE,41.1691,-8.34005,3260591,Ligada
BSF,VLCI 35-VL-23,VLCI,SF 40-115,BRIG-1-115,NULL,NULL,L200 4WD,MITSUBISHI,NULL,35-VL-23,Comunidade Intermunicipal Tâmega e Sousa - BRIG-1-115,Penafiel,NULL,NORTE,41.1691,-8.34005,3260593,Ligada
BSF,VLCI 35-VL-14,VLCI,SF 41-115,BRIG-1-115,NULL,NULL,L200 4WD,MITSUBISHI,NULL,35-VL-14,Comunidade Intermunicipal Tâmega e Sousa - BRIG-1-115,Penafiel,NULL,NORTE,41.1691,-8.34005,3260595,Ligada
ESF,VLCI 35-VL-13,VLCI,SF 42-115,SF 42-115,NULL,NULL,L200 4WD,MITSUBISHI,NULL,35-VL-13,Conselho Diretivo dos Baldios da Freguesia de Rio Douro,Cabeceiras de Basto,NULL,NORTE,41.5442,-7.94917,4260620,Ligada
BSF,VLCI 55-VO-21,VLCI,SF 43-115,BRIG-2-115,NULL,NULL,L200 4WD,MITSUBISHI,NULL,55-VO-21,Comunidade Intermunicipal do Tâmega e Sousa - BRIG-2-115,Penafiel,NULL,NORTE,41.1691,-8.34005,3260598,Ligada
BSF,VLCI 55-VO-23,VLCI,SF 44-115,BRIG-2-115,NULL,NULL,L200 4WD,MITSUBISHI,NULL,55-VO-23,Comunidade Intermunicipal do Tâmega e Sousa - BRIG-2-115,Penafiel,NULL,NORTE,41.1691,-8.34005,3260600,Ligada
BSF,VLCI 55-VO-34,VLCI,SF 45-115,BRIG-2-115,NULL,NULL,L200 4WD,MITSUBISHI,NULL,55-VO-34,Comunidade Intermunicipal do Tâmega e Sousa - BRIG-2-115,Penafiel,NULL,NORTE,41.1691,-8.34005,NULL,Ligada
ESF,VLCI 81-PC-12,VLCI,SF 02-116,SF 02-116 ,NULL,NULL,HILUX 4X4 CD CM,TOYOTA,NULL,81-PC-12,Associação Florestal de Entre Douro e Vouga,Oliveira de Azeméis,NULL,NORTE,40.9292,-8.24898,3260642,Ligada
ESF,VLCI AS-11-OG,VLCI,SF 03-116,SF 03-116 ,NULL,NULL,"HILUX AN1P(EU,N)",TOYOTA,NULL,AS-11-OG,Associação Florestal de Entre Douro e Vouga,Vale de Cambra,NULL,NORTE,40.9292,-8.24898,NULL,Ligada
ESF,VLCI AZ-88-OQ,VLCI,SF 04-116,SF 04-116,NULL,NULL,Hilux,Toyota,NULL,AZ-88-OQ,Associação Florestal de Entre Douro e Vouga,Arouca,NULL,NORTE,40.9292,-8.24898,NULL,Ligada
ESF,VLCI AZ-92-OQ,VLCI,SF 05-116,SF 05-116,NULL,NULL,Hilux,Toyota,NULL,AZ-92-OQ,Associação Florestal de Entre Douro e Vouga,Santa Maria da Feira,NULL,NORTE,40.9292,-8.24898,NULL,Ligada
ESF,VLCI 13-ST-45,VLCI,SF 06-116,SF 06-116,NULL,NULL,HILUX 4X4 CD CM,TOYOTA,NULL,13-ST-45,Associação Florestal de Entre Douro e Vouga,Arouca,NULL,NORTE,40.9292,-8.24898,3260643,Ligada
ESF,VLCI 13-ST-55,VLCI,SF 07-116,SF 07-116,NULL,NULL,HILUX 4X4 CD CM,TOYOTA,NULL,13-ST-55,Município de Vale de Cambra,Vale de Cambra,NULL,NORTE,40.8423,-8.39807,3260644,Ligada
ESF,VLCI 67-TX-20,VLCI,SF 01-117,SF 01-117 ,NULL,NULL,HILUX 4X4 CD CM,TOYOTA,NULL,67-TX-20,FLORESTA 21 - Associação de Produtores Florestais do Perímetro de Leomil,Moimenta da Beira,NULL,CENTRO,40.9838,-7.65545,4260672,Ligada
ESF,VLCI 53-VA-25,VLCI,SF 03-117,SF 03-117 ,NULL,NULL,L200 4WD,MITSUBISHI,NULL,53-VA-25,AFLODOUNORTE - Associação Florestal do Vale do Douro Norte,Sabrosa,NULL,NORTE,41.46,-7.46914,4260645,Ligada
ESF,VLCI 38-XF-69,VLCI,SF 04-117,SF 04-117 ,NULL,NULL,L200 4WD,MITSUBISHI,NULL,38-XF-69,Cooperativa Agrícola de Penela da Beira,Penedono,NULL,CENTRO,41.0426,-7.41954,4260648,Ligada
ESF,VLCI 38-XF-85,VLCI,SF 06-117,SF 06-117 ,NULL,NULL,L200 4WD,MITSUBISHI,NULL,38-XF-85,RIBAFLOR - Associação Florestal das Terras de Ribadouro,Tabuaço,NULL,NORTE,41.0818,-7.82201,4260650,Ligada
ESF,VLCI AS-03-OG,VLCI,SF 07-117,SF 07-117 ,NULL,NULL,"HILUX AN1P(EU,N)",TOYOTA,NULL,AS-03-OG,Município de Vila Flor,Vila Flor,NULL,NORTE,41.3089,-7.15377,NULL,Ligada
ESF,VLCI 16-XO-79,VLCI,SF 08-117,SF 08-117 ,NULL,NULL,L200 4WD,MITSUBISHI,NULL,16-XO-79,Associação de Produtores Florestais do Vale da Campeã,Vila Real,NULL,NORTE,41.2951,-7.88591,NULL,Ligada
ESF,VLCI AT-11-UT,VLCI,SF 09-117,SF 09-117 ,NULL,NULL,HILUX,Toyota Hilux 2.4 D-4D 4WD CD CH,NULL,AT-11-UT,RIBAFLOR - Associação Florestal das Terras de Ribadouro,Lamego,NULL,CENTRO,41.0818,-7.82201,NULL,Ligada
ESF,VLCI AT-09-UT,VLCI,SF 10-117,SF 10-117 ,NULL,NULL,Toyota Hilux,Toyota,NULL,AT-09-UT,AFLODOUNORTE - Associação Florestal do Vale do Douro Norte,Alijó,NULL,NORTE,41.46,-7.46914,4260654,Ligada
ESF,VLCI AS-17-OG,VLCI,SF 11-117,SF 11-117 ,NULL,NULL,"HILUX AN1P(EU,N)",TOYOTA,NULL,AS-17-OG,NATURA VIVA - Associação Ambiental e Florestal de Vale de Nogueiras,Vila Real,NULL,NORTE,41.282,-7.68382,NULL,Ligada
ESF,VLCI 80-JQ-57,VLCI,SF 12-117,SF 12-117,NULL,NULL,NAVARA (CVLZD40) 3.5 T,NISSAN,NULL,80-JQ-57,SILVIDOURO - Associação Agro Florestal,Vila Flor,NULL,NORTE,41.4883,-7.18106,NULL,Ligada
ESF,VLCI 70-JI-08,VLCI,SF 13-117,SF 13-117,NULL,NULL,Defender 130 2.5 TD5,LAND ROVER,NULL,70-JI-08,Assembleia de Compartes dos Baldios de Várzea da Serra,Tarouca,NULL,NORTE,40.9951,-7.82449,NULL,Ligada
ESF,VLCI AZ-83-OQ,VLCI,SF 14-117,SF 14-117,NULL,NULL,Hilux,Toyota,NULL,AZ-83-OQ,Freguesia de São Martinho de Anta e Paradela de Guiães,Sabrosa,NULL,NORTE,41.2665,-7.61975,NULL,Ligada
ESF,VLCI 10-JR-99,VLCI,SF 15-117,SF 15-117,NULL,NULL,CVNVD22,NISSAN,NULL,10-JR-99,Município de Freixo de Espada à Cinta,Freixo de Espada À Cinta,NULL,NORTE,41.0932,-6.81072,NULL,Ligada
ESF,VLCI 21-IV-66,VLCI,SF 16-117 ,SF 16-117,NULL,NULL,Defender 130 2.5 TD5,LAND ROVER,NULL,21-IV-66,Município de São João da Pesqueira,São João da Pesqueira,NULL,NORTE,41.1481,-7.40896,NULL,Ligada
ESF,VLCI 13-ST-60,VLCI,SF 17-117,SF 17-117,NULL,NULL,HILUX 4X4 CD CM,TOYOTA,NULL,13-ST-60,Município de Sernancelhe,Sernancelhe,NULL,NORTE,40.8979,-7.49597,4260673,Ligada
ESF,VLCI 13-ST-61,VLCI,SF 18-117,SF 18-117,NULL,NULL,HILUX 4X4 CD CM,TOYOTA,NULL,13-ST-61,ADRLU - Associação de Desenvolvimento Rural Lobos Uivam,Moimenta da Beira,NULL,CENTRO,40.969,-7.63308,4260674,Ligada
ESF,VLCI 35-VL-26,VLCI,SF 19-117,SF 19-117,NULL,NULL,L200 4WD,MITSUBISHI,NULL,35-VL-26,Órgão de Gestão do Baldio da Serra do Reboredo - C. M. de Torre de Moncorvo,Torre de Moncorvo,NULL,NORTE,41.1772,-7.05147,4260660,Ligada
ESF,VLCI 80-PC-93,VLCI,SF 02-118,SF 02-118 ,NULL,NULL,HILUX 4X4 CD CM,TOYOTA,NULL,80-PC-93,Conselho Directivo dos Baldios de Couto de Dornelas,Boticas,NULL,NORTE,41.7,-7.71977,4260527,Ligada
ESF,VLCI 67-TX-33,VLCI,SF 04-118,SF 04-118 ,NULL,NULL,HILUX 4X4 CD CM,TOYOTA,NULL,67-TX-33,Conselho Directivo de Baldios de Covelães,Montalegre,NULL,NORTE,41.8075,-7.8888,4260529,Ligada
ESF,VLCI 81-PC-02,VLCI,SF 05-118,SF 05-118 ,NULL,NULL,HILUX 4X4 CD CM,TOYOTA,NULL,81-PC-02,Conselho Directivo dos Baldios de Pitões das Júnias,Montalegre,NULL,NORTE,41.8415,-7.95108,4260531,Ligada
ESF,VLCI 81-PC-05,VLCI,SF 06-118,SF 06-118 ,NULL,NULL,HILUX 4X4 CD CM,TOYOTA,NULL,81-PC-05,Conselho Directivo dos Baldios do Cabril,Montalegre,NULL,NORTE,41.7928,-7.71913,4260669,Ligada
ESF,VLCI 81-PC-00,VLCI,SF 07-118,SF 07-118 ,NULL,NULL,HILUX 4X4 CD CM,TOYOTA,NULL,81-PC-00,Conselho Directivo dos Baldios de Fafião,Montalegre,NULL,NORTE,41.6999,-8.08587,4260533,Ligada
ESF,VLCI 81-PC-08,VLCI,SF 08-118,SF 08-118 ,NULL,NULL,HILUX 4X4 CD CM,TOYOTA,NULL,81-PC-08,Conselho Directivo dos Baldios da Freguesia de Outeiro,Montalegre,NULL,NORTE,41.7874,-7.94431,4260670,Ligada
ESF,VLCI 67-TX-46,VLCI,SF 10-118,SF 10-118 ,NULL,NULL,HILUX 4X4 CD CM,TOYOTA,NULL,67-TX-46,ARBÓREA - Associação Florestal da Terra Fria Transmontana,Vinhais,NULL,NORTE,41.8269,-7.00964,NULL,Ligada
ESF,VLCI 67-TX-23,VLCI,SF 12-118,SF 12-118 ,NULL,NULL,HILUX 4X4 CD CM,TOYOTA,NULL,67-TX-23,AFACC - Associação Florestal e Ambiental do Concelho de Chaves,Chaves,NULL,NORTE,41.7382,-7.47837,4260671,Ligada
ESF,VLCI 17-28-TQ,VLCI,SF 14-118,SF 14-118 ,NULL,NULL,Defender 130 2.5 TD5,LAND ROVER,NULL,17-28-TQ,FLOREST'ÁGUA - Associação de Produtores Florestais e Regantes de S. Martinho,Miranda do Douro,NULL,NORTE,41.3406,-6.70913,NULL,Ligada
ESF,VLCI 57-XI-20,VLCI,SF 15-118,SF 15-118 ,NULL,NULL,L200 4WD,MITSUBISHI,NULL,57-XI-20,AGUIARFLORESTA - Associação Florestal e Ambiental do Concelho de Vila Pouca de Aguiar,Vila Pouca de Aguiar,NULL,NORTE,41.5025,-7.63847,4260537,Ligada
ESF,VLCI 38-XF-74,VLCI,SF 17-118,SF 17-118 ,NULL,NULL,L200 4WD,MITSUBISHI,NULL,38-XF-74,Associação Agro Florestal das Terras do Barroso,Montalegre,NULL,NORTE,41.6485,-7.94289,4260539,Ligada
ESF,VLCI 39-XF-03,VLCI,SF 18-118,SF 18-118 ,NULL,NULL,L200 4WD,MITSUBISHI,NULL,39-XF-03,CAPOLIB - Cooperativa dos Agricultores de Boticas,Boticas,NULL,NORTE,41.7097,-7.63851,4260543,Ligada
ESF,VLCI 16-XO-67,VLCI,SF 19-118,SF 19-118 ,NULL,NULL,L200 4WD,MITSUBISHI,NULL,16-XO-67,AFLOCAF - Associação de Produtores Florestais do Concelho de Alfândega da Fé,Alfândega da Fé,NULL,NORTE,41.3483,-7.04002,3260616,Ligada
ESF,VLCI 38-XF-80,VLCI,SF 20-118,SF 20-118 ,NULL,NULL,L200 4WD,MITSUBISHI,NULL,38-XF-80,AGUIARFLORESTA - Associação Florestal e Ambiental do Concelho de Vila Pouca de Aguiar,Vila Pouca de Aguiar,NULL,NORTE,41.5025,-7.63847,4260547,Ligada
ESF,VLCI 90-XJ-82,VLCI,SF 21-118,SF 21-118 ,NULL,NULL,L200,Mitsubishi,NULL,90-XJ-82,APFNT - Associação de Produtores Florestais do Nordeste Transmontano,Mogadouro,NULL,NORTE,41.3406,-6.70913,NULL,Ligada
ESF,VLCI AT-07-XE,VLCI,SF 22-118,SF 22-118 ,NULL,NULL,"HILUX AN1P(EU,N)",TOYOTA,NULL,AT-07-XE,AGUIARFLORESTA - Associação Florestal e Ambiental do Concelho de Vila Pouca de Aguiar,Vila Pouca de Aguiar,NULL,NORTE,41.5025,-7.63847,4260551,Ligada
ESF,VLCI AX-51-RN,VLCI,SF 23-118,SF 23-118 ,NULL,NULL,"AN1P(EU,N)",TOYOTA HILUX,NULL,AX-51-RN,ARBÓREA - Associação Florestal da Terra Fria Transmontana,Vinhais,NULL,NORTE,41.8269,-7.00964,NULL,Ligada
ESF,VLCI AX-40-RN,VLCI,SF 25-118,SF 25-118 ,NULL,NULL,Hylux,Toyota,NULL,AX-40-RN,Município de Boticas,Boticas,NULL,NORTE,41.6875,-7.66854,NULL,Ligada
ESF,VLCI 96-FC-76,VLCI,SF 26-118,SF 26-118 ,NULL,NULL,L200 4WD,MITSUBISHI,NULL,96-FC-76,AFLODOUNORTE - Associação Florestal do Vale do Douro Norte,Murça,NULL,NORTE,41.46,-7.46914,4260667,Ligada
ESF,VLCI 29-IU-26,VLCI,SF 27-118,SF 27-118,NULL,NULL,NAVARRA,NISSAN,NULL,29-IU-26,AFACC - Associação Florestal e Ambiental do Concelho de Chaves,Chaves,NULL,NORTE,41.7382,-7.47837,NULL,Ligada
ESF,VLCI 77-JS-54,VLCI,SF 28-118,SF 28-118,NULL,NULL,L200 4WD,MITSUBISHI,NULL,77-JS-54,Município de Mirandela,Mirandela,NULL,NORTE,41.4831,-7.17295,NULL,Ligada
ESF,VLCI 69-IU-89,VLCI,SF 29-118,SF 29-118,NULL,NULL,NAVARRA,NISSAN,NULL,69-IU-89,Município de Vimioso,Vimioso,NULL,NORTE,41.5845,-6.532,NULL,Ligada
ESF,VLCI 13-ST-46,VLCI,SF 30-118,SF 30-118,NULL,NULL,HILUX 4X4 CD CM,TOYOTA,NULL,13-ST-46,Município de Chaves,Chaves,NULL,NORTE,41.74,-7.47125,4260557,Ligada
ESF,VLCI 53-VA-51,VLCI,SF 31-118,SF 31-118,NULL,NULL,L200 4WD,MITSUBISHI,NULL,53-VA-51,Freguesia de Viade de Baixo e Fervidelas,Montalegre,NULL,NORTE,41.7606,-7.86366,4260558,Ligada
ESF,VLCI 18-VI-18,VLCI,SF 32-118,SF 32-118,NULL,NULL,L200 4WD,MITSUBISHI,NULL,18-VI-18,AGRO-LILA - Associação Agro-Florestal das Terras do Lila,Valpaços,NULL,NORTE,41.5232,-7.32484,4260560,Ligada
ESF,VLCI 53-VA-45,VLCI,SF 33-118,SF 33-118,NULL,NULL,L200 4WD,MITSUBISHI,NULL,53-VA-45,Junta de Freguesia de Ervedosa,Vinhais,NULL,NORTE,41.731,-7.10385,3260625,Ligada
ESF,VLCI 53-VA-92,VLCI,SF 34-118,SF 34-118,NULL,NULL,L200 4WD,MITSUBISHI,NULL,53-VA-92,APATA - Associação de Produtores Agrícolas Tradicionais e Ambientais,Bragança,NULL,NORTE,41.3454,-6.70556,3260627,Ligada
ESF,VLCI 53-VA-47,VLCI,SF 35-118,SF 35-118,NULL,NULL,L200 4WD,MITSUBISHI,NULL,53-VA-47,APATA - Associação de Produtores Agrícolas Tradicionais e Ambientais,Bragança,NULL,NORTE,41.3454,-6.70556,3260629,Ligada
BSF,VLCI 53-VA-46,VLCI,SF 36-118,BRIG-1-118,NULL,NULL,L200 4WD,MITSUBISHI,NULL,53-VA-46,Comunidade Intermunicipal do Alto Tâmega - BRIG-1-118,Chaves,NULL,NORTE,41.7433,-7.47133,4260562,Ligada
BSF,VLCI 53-VA-99,VLCI,SF 37-118,BRIG-1-118,NULL,NULL,L200 4WD,MITSUBISHI,NULL,53-VA-99,Comunidade Intermunicipal do Alto Tâmega - BRIG-1-118,Chaves,NULL,NORTE,41.7433,-7.47133,4260564,Ligada
BSF,VLCI 53-VA-42,VLCI,SF 38-118,BRIG-1-118,NULL,NULL,L200 4WD,MITSUBISHI,NULL,53-VA-42,Comunidade Intermunicipal do Alto Tâmega - BRIG-1-118,Chaves,NULL,NORTE,41.7433,-7.47133,4260568,Ligada
ESF,VLCI 53-VA-85,VLCI,SF 39-118,SF 39-118,NULL,NULL,L200 4WD,MITSUBISHI,NULL,53-VA-85,Aguiarfloresta - Associação Florestal e Ambiental de Vila Pouca de Aguiar,Vila Pouca de Aguiar,NULL,NORTE,41.5025,-7.63847,4260570,Ligada
ESF,VLCI 35-VL-11,VLCI,SF 40-118,SF 40-118,NULL,NULL,L200 4WD,MITSUBISHI,NULL,35-VL-11,"Coopbarroso - Coopertiva Agrícola do Barroso, CRL",Montalegre,NULL,NORTE,41.8226,-7.78903,4260573,Ligada
ESF,VLCI 34-QD-98,VLCI,SF 41-118,SF 41-118,NULL,NULL,HILUX 4X4 CD CM,TOYOTA,NULL,34-QD-98,Município de Valpaços,Valpaços,NULL,NORTE,41.6034,-7.31688,NULL,Ligada
ESF,VLCI AB-11-SO,VLCI,SF 42-118,SF 42-118,NULL,NULL,HILUX 4X4 CD CM,TOYOTA,NULL,AB-11-SO,Município de Valpaços,Valpaços,NULL,NORTE,41.6034,-7.31688,NULL,Ligada
ESF,VLCI 18-97-ZV,VLCI,SF 43-118,SF 43-118,NULL,NULL,L200,Mitsubishi,NULL,18-97-ZV,Município de Boticas,Boticas,NULL,NORTE,41.6875,-7.66854,NULL,Ligada
ESF,VLCI 53-VA-78,VLCI,SF 44-118,SF 44-118,NULL,NULL,L200 4WD,MITSUBISHI,NULL,53-VA-78,APATA - Associação de Produtores Agrícolas Tradicionais e Ambientais,Mogadouro,NULL,NORTE,41.3454,-6.70556,NULL,Ligada
ESF,VLCI 67-TX-42,VLCI,SF 02-150,SF 02-150 ,NULL,NULL,HILUX 4X4 CD CM,TOYOTA,NULL,67-TX-42,Associação dos Produtores Florestais da Serra do Caldeirão,Loulé,NULL,ALGARVE,37.2374,-7.93715,7260511,Ligada
ESF,VLCI 38-XF-99,VLCI,SF 03-150,SF 03-150 ,NULL,NULL,L200 4WD,MITSUBISHI,NULL,38-XF-99,CUMEADAS - Associação de Proprietários Florestais das Cumeadas do Baixo Guadiana,Alcoutim,NULL,ALGARVE,37.4468,-7.59477,7260513,Ligada
ESF,VLCI AS-36-OT,VLCI,SF 04-150,SF 04-150 ,NULL,NULL,"HILUX AN1P(EU,N)",TOYOTA,NULL,AS-36-OT,ASPAFLOBAL - Associação de Produtores Florestais do Barlavento Algarvio,Monchique,NULL,ALGARVE,37.3177,-8.5519,NULL,Ligada
ESF,VLCI AT-12-UT,VLCI,SF 05-150,SF 05-150 ,NULL,NULL,"AN1P(EU,N) Hilux",Toyota,NULL,AT-12-UT,Município de Silves,Silves,NULL,ALGARVE,37.189,-8.44012,7260516,Ligada
ESF,VLCI 01-IU-00,VLCI,SF 07-150,SF 07-150,NULL,NULL,L200 4WD,MITSUBISHI,NULL,01-IU-00,Município de Portimão,Portimão,NULL,ALGARVE,37.1375,-8.53728,NULL,Ligada
ESF,VLCI 59-IT-47,VLCI,SF 09-150,SF 09-150,NULL,NULL,L200 4WD,MITSUBISHI,NULL,59-IT-47,Município de Vila Real de Santo António,Vila Real de Santo António,NULL,ALGARVE,37.1945,-7.41596,NULL,Ligada
ESF,VLCI 11-AQ-29,VLCI,SF 10-150,SF 10-150,NULL,NULL,CVLUO22UQN35,NISSAN,NULL,11-AQ-29,TERRAS DO INFANTE - Associação de Municipios ,Lagos,NULL,ALGARVE,37.0992,-8.67499,NULL,Ligada
ESF,VLCI 88-JX-61,VLCI,SF 11-150,SF 11-150,NULL,NULL,L200 4WD,MITSUBISHI,NULL,88-JX-61,TERRAS DO INFANTE - Associação de Municipios ,Vila do Bispo,NULL,ALGARVE,37.0992,-8.67499,NULL,Ligada
ESF,VLCI 13-ST-44,VLCI,SF 12-150,SF 12-150,NULL,NULL,HILUX 4X4 CD CM,TOYOTA,NULL,13-ST-44,ASPAFLOBAL - Associação de Produtores Florestais do Barlavento Algarvio,Monchique,NULL,ALGARVE,37.3177,-8.5519,7260522,Ligada
ESF,VLCI 13-ST-53,VLCI,SF 13-150,SF 13-150,NULL,NULL,HILUX 4X4 CD CM,TOYOTA,NULL,13-ST-53,Município de São Brás de Alportel,São Brás de Alportel,NULL,ALGARVE,37.1515,-7.8884,7260524,Ligada
ESF,VLCI 13-ST-56,VLCI,SF 14-150,SF 14-150,NULL,NULL,HILUX 4X4 CD CM,TOYOTA,NULL,13-ST-56,TERRAS DO INFANTE - Associação de Municipios ,Aljezur,NULL,ALGARVE,37.0992,-8.67499,7260525,Ligada
ESF,VLCI 18-VI-16,VLCI,SF 15-150,SF 15-150,NULL,NULL,L200 4WD,MITSUBISHI,NULL,18-VI-16,Comunidade Intermunicipal do Algarve - BRIG-1-150 - CIM ALGARVE,Faro,NULL,ALGARVE,37.0192,-7.92578,7260527,Ligada
ESF,VLCI 18-VI-30,VLCI,SF 16-150,SF 16-150,NULL,NULL,L200 4WD,MITSUBISHI,NULL,18-VI-30,Comunidade Intermunicipal do Algarve - BRIG-1-150 - CIM ALGARVE,Faro,NULL,ALGARVE,37.0192,-7.92578,7260529,Ligada
ESF,VLCI 35-VL-25,VLCI,SF 18-150,SF 18-150,NULL,NULL,L200 4WD,MITSUBISHI,NULL,35-VL-25,Freguesia de SãoBartolomeu de Messines,Silves,NULL,ALGARVE,37.258,-8.29177,7260532,Ligada
ESF,VLCI 17-TX-20,VLCI,SF 01-161,SF 01-161 ,NULL,NULL,HILUX 4X4 CD CM,TOYOTA,NULL,17-TX-20,Associação Florestal do Baixo Vouga,Albergaria-A-Velha,NULL,CENTRO,40.6899,-8.47456,6260602,Ligada
ESF,VLCI 16-XO-54,VLCI,SF 02-161,SF 02-161 ,NULL,NULL,L200 4WD,MITSUBISHI,NULL,16-XO-54,Cooperativa Agrícola de Sanfins C.R.L.,Sever do Vouga,NULL,CENTRO,40.7625,-8.33137,NULL,Ligada
ESF,VLCI 38-XF-75,VLCI,SF 03-161,SF 03-161 ,NULL,NULL,L200 4WD,MITSUBISHI,NULL,38-XF-75,Associação Florestal do Baixo Vouga,Águeda,NULL,CENTRO,40.6899,-8.47456,NULL,Ligada
ESF,VLCI AX-43-RN,VLCI,SF 04-161,SF 04-161 ,NULL,NULL,HILUX 2.4D 4X4,TOYOTA,NULL,AX-43-RN,Município de Águeda,Águeda,NULL,CENTRO,40.5731,-8.44557,NULL,Ligada
ESF,VLCI 67-TX-52,VLCI,SF 01-162,SF 01-162 ,NULL,NULL,HILUX 4X4 CD CM,TOYOTA,NULL,67-TX-52,Município de Penacova,Penacova,NULL,CENTRO,40.27,-8.2812,NULL,Ligada
ESF,VLCI AS-20-OG,VLCI,SF 02-162,SF 02-162 ,NULL,NULL,"HILUX AN1P(EU,N)",TOYOTA,NULL,AS-20-OG,Município da Figueira da Foz,Figueira da Foz,NULL,CENTRO,40.1473,-8.85362,NULL,Ligada
ESF,VLCI AT-13-UT,VLCI,SF 03-162,SF 03-162 ,NULL,NULL,HILUX,Toyota,NULL,AT-13-UT,Município de Mira,Mira,NULL,CENTRO,40.4284,-8.73627,NULL,Ligada
ESF,VLCI AT-37-SZ,VLCI,SF 04-162,SF 04-162 ,NULL,NULL,Hilux,Toyota,NULL,AT-37-SZ,SAURIUM FLORESTAL - Associação Prá Floresta do Concelho de Soure,Soure,NULL,CENTRO,40.0603,-8.62613,NULL,Ligada
ESF,VLCI AS-18-OG,VLCI,SF 05-162,SF 05-162 ,NULL,NULL,"HILUX AN1P(EU,N)",TOYOTA,NULL,AS-18-OG,Município da Figueira da Foz,Figueira da Foz,NULL,CENTRO,40.1473,-8.85362,NULL,Ligada
ESF,VLCI AX-46-RN,VLCI,SF 06-162,SF 06-162 ,NULL,NULL,Hilux 4X4,Toyota,NULL,AX-46-RN,Freguesia de Tocha,Cantanhede,NULL,CENTRO,40.3134,-8.75455,NULL,Ligada
ESF,VLCI AZ-84-OQ,VLCI,SF 07-162,SF 07-162,NULL,NULL,HILUX,TOYOTA,NULL,AZ-84-OQ,CAULE - Associação Florestal da Beira Serra,Penacova,NULL,CENTRO,40.3141,-7.89035,NULL,Ligada
ESF,VLCI 41-JC-16,VLCI,SF 10-162,SF 10-162,NULL,NULL,L200 4WD,MITSUBISHI,NULL,41-JC-16,Município de Montemor-o-Velho,Montemor-O-Velho,NULL,CENTRO,40.1728,-8.68445,NULL,Ligada
ESF,VLCI 53-VA-19,VLCI,SF 11-162,SF 11-162,NULL,NULL,L200 4WD,MITSUBISHI,NULL,53-VA-19,Organização Florestal Atlantis - Associação de Desenvolvimento Florestal,Cantanhede,NULL,CENTRO,40.3837,-8.49258,5260674,Ligada
ESF,VLCI 99-UQ-11,VLCI,SF 12-162,SF 12-162,NULL,NULL,HILUX 4X4 CD CM,TOYOTA,NULL,99-UQ-11,Município de Penacova,Penacova,NULL,CENTRO,40.27,-8.2812,NULL,Ligada
ESF,VLCI 81-PC-04,VLCI,SF 01-163,SF 01-163 ,NULL,NULL,HILUX 4X4 CD CM,TOYOTA,NULL,81-PC-04,ADSAICA - Associação de Desenvolvimento das Serras de Aire e Candeeiros,Porto de Mós,NULL,LVT,39.646,-8.61978,6260601,Ligada
ESF,VLCI AS-27-PG,VLCI,SF 03-163,SF 03-163 ,NULL,NULL,"HILUX AN1P(EU,N)",TOYOTA,NULL,AS-27-PG,APFP - Associação de Produtores Florestais de Pombal,Pombal,NULL,CENTRO,39.8892,-8.58648,6260575,Ligada
ESF,VLCI AX-41-RN,VLCI,SF 06-163,SF 06-163 ,NULL,NULL,HILUX,TOYOTA,NULL,AX-41-RN,Município de Pombal,Pombal,NULL,CENTRO,39.9153,-8.62842,6260577,Ligada
ESF,VLCI 13-ST-58,VLCI,SF 07-163,SF 07-163 ,NULL,NULL,HILUX 4X4 CD CM,TOYOTA,NULL,13-ST-58,APFP - Associação de Produtores Florestais de Pombal,Pombal,NULL,CENTRO,39.8892,-8.58648,NULL,Ligada
ESF,VLCI 53-VA-69,VLCI,SF 08-163,SF 08-163,NULL,NULL,L200 4WD,MITSUBISHI,NULL,53-VA-69,APFCAN - Associação de Produtores Florestais dos Concelhos de Alcobaça e Nazaré,Alcobaça,NULL,LVT,39.665,-8.98842,6260559,Ligada
ESF,VLCI 53-VA-80,VLCI,SF 09-163,SF 09-163,NULL,NULL,L200 4WD,MITSUBISHI,NULL,53-VA-80,APFP - Associação de Produtores Florestais de Pombal,Pombal,NULL,CENTRO,39.8892,-8.58648,6260584,Ligada
ESF,VLCI 53-VA-55,VLCI,SF 10-163,SF 10-163,NULL,NULL,L200,MITSUBISHI,NULL,53-VA-55,Associação Florestal do Concelho de Ansião,Pombal,NULL,CENTRO,39.9153,-8.62842,6260586,Ligada
ESF,VLCI 67-TX-14,VLCI,SF 01-164,SF 01-164 ,NULL,NULL,HILUX 4X4 CD CM,TOYOTA,NULL,67-TX-14,"Cooperativa dos Agricultores de Alvoco das Várzeas, CRL",Oliveira do Hospital,NULL,CENTRO,40.3032,-7.83412,NULL,Ligada
ESF,VLCI 67-TX-25,VLCI,SF 02-164,SF 02-164 ,NULL,NULL,HILUX 4X4 CD CM,TOYOTA,NULL,67-TX-25,Associação Florestal do Concelho de Ansião,Ansião,NULL,CENTRO,39.909,-8.43381,NULL,Ligada
ESF,VLCI 67-TX-16,VLCI,SF 03-164,SF 03-164 ,NULL,NULL,HILUX 4X4 CD CM,TOYOTA,NULL,67-TX-16,Associação Florestal do Concelho de Góis,Góis,NULL,CENTRO,40.1021,-8.11412,NULL,Ligada
ESF,VLCI 67-TX-19,VLCI,SF 04-164,SF 04-164 ,NULL,NULL,HILUX 4X4 CD CM,TOYOTA,NULL,67-TX-19,CAULE - Associação Florestal da Beira Serra,Oliveira do Hospital,NULL,CENTRO,40.3141,-7.89035,NULL,Ligada
ESF,VLCI 67-TX-21,VLCI,SF 06-164,SF 06-164 ,NULL,NULL,HILUX 4X4 CD CM,TOYOTA,NULL,67-TX-21,Conselho Directivo dos Baldios de Castanheira de Pêra,Castanheira de Pêra,NULL,CENTRO,40.0271,-8.20168,NULL,Ligada
ESF,VLCI 67-TX-18,VLCI,SF 07-164,SF 07-164 ,NULL,NULL,HILUX 4X4 CD CM,TOYOTA,NULL,67-TX-18,Conselho Directivo dos Baldios da Freguesia de Vilarinho,Lousã,NULL,CENTRO,40.1069,-8.20312,NULL,Ligada
ESF,VLCI 67-TX-24,VLCI,SF 08-164,SF 08-164 ,NULL,NULL,HILUX 4X4 CD CM,TOYOTA,NULL,67-TX-24,APFLOR - Associação de Produtores e Proprietários Florestais do Concelho de Pedrógão Grande,Pedrógão Grande,NULL,CENTRO,39.9185,-8.14539,NULL,Ligada
ESF,VLCI 67-TX-27,VLCI,SF 09-164,SF 09-164 ,NULL,NULL,HILUX 4X4 CD CM,TOYOTA,NULL,67-TX-27,Associação de Produtores Florestais de Pampilhosa da Serra,Pampilhosa da Serra,NULL,CENTRO,40.0456,-7.95235,NULL,Ligada
ESF,VLCI 53-VA-44,VLCI,SF 10-164,SF 10-164 ,NULL,NULL,L200 4WD,MITSUBISHI,NULL,53-VA-44,Associação Florestal do Concelho de Góis,Góis,NULL,CENTRO,40.1021,-8.11412,5260672,Ligada
ESF,VLCI 53-VA-13,VLCI,SF 11-164,SF 11-164 ,NULL,NULL,L200 4WD,MITSUBISHI,NULL,53-VA-13,Conselho Directivo dos Baldios da Freguesia de Coentral,Castanheira de Pêra,NULL,CENTRO,40.0644,-8.17771,6260588,Ligada
ESF,VLCI 17-TX-24,VLCI,SF 12-164,SF 12-164 ,NULL,NULL,HILUX 4X4 CD CM,TOYOTA,NULL,17-TX-24,Associação de Produtores Florestais do Concelho de Alvaiázere,Alvaiázere,NULL,LVT,39.8211,-8.37953,NULL,Ligada
ESF,VLCI 17-TX-22,VLCI,SF 13-164,SF 13-164 ,NULL,NULL,HILUX 4X4 CD CM,TOYOTA,NULL,17-TX-22,Conselho Directivo dos Baldios da Lousã,Lousã,NULL,CENTRO,40.111,-8.25296,NULL,Ligada
ESF,VLCI 17-TX-21,VLCI,SF 14-164,SF 14-164 ,NULL,NULL,HILUX 4X4 CD CM,TOYOTA,NULL,17-TX-21,CAULE - Associação Florestal da Beira Serra,Tábua,NULL,CENTRO,40.3141,-7.89035,NULL,Ligada
ESF,VLCI 53-VA-87,VLCI,SF 15-164,SF 15-164 ,NULL,NULL,L200 4WD,MITSUBISHI,NULL,53-VA-87,Associação Florestal do Concelho de Ansião,Ansião,NULL,CENTRO,39.909,-8.43381,6260592,Ligada
ESF,VLCI 53-VA-34,VLCI,SF 16-164,SF 16-164 ,NULL,NULL,L200 4WD,MITSUBISHI,NULL,53-VA-34,Associação de Produtores Florestais do Concelho de Arganil,Arganil,NULL,CENTRO,40.2156,-8.05234,5260684,Ligada
ESF,VLCI 53-VA-54,VLCI,SF 17-164,SF 17-164 ,NULL,NULL,L200 4WD,MITSUBISHI,NULL,53-VA-54,Associação de Produtores Agro-Florestais do Concelho de Figueiró dos Vinhos,Figueiró dos Vinhos,NULL,CENTRO,39.9071,-8.2739,6260594,Ligada
ESF,VLCI 53-VA-16,VLCI,SF 18-164,SF 18-164 ,NULL,NULL,L200 4WD,MITSUBISHI,NULL,53-VA-16,CAULE - Associação Florestal da Beira Serra,Oliveira do Hospital,NULL,CENTRO,40.3141,-7.89035,5260686,Ligada
ESF,VLCI 53-VA-93,VLCI,SF 19-164,SF 19-164 ,NULL,NULL,L200 4WD,MITSUBISHI,NULL,53-VA-93,AFLOPINHAL - Associação Florestal do Pinhal,Lousã,NULL,CENTRO,40.1382,-8.22538,5260688,Ligada
ESF,VLCI 57-XI-28,VLCI,SF 20-164,SF 20-164 ,NULL,NULL,L200 4WD,MITSUBISHI,NULL,57-XI-28,FLOPEN - Associação de Produtores e Proprietários Florestais do Concelho de Penela,Penela,NULL,CENTRO,40.0123,-8.34892,5260691,Ligada
ESF,VLCI 38-XF-82,VLCI,SF 22-164,SF 22-164 ,NULL,NULL,L200 4WD,MITSUBISHI,NULL,38-XF-82,Associação de Produtores Florestais do Concelho de Alvaiázere,Alvaiázere,NULL,LVT,39.8211,-8.37953,6260597,Ligada
ESF,VLCI 53-VA-37,VLCI,SF 23-164,SF 23-164 ,NULL,NULL,L200 4WD,MITSUBISHI,NULL,53-VA-37,APFLOR - Associação de Produtores e Proprietários Florestais do Concelho de Pedrógão Grande,Pedrógão Grande,NULL,CENTRO,39.9185,-8.14539,6260598,Ligada
ESF,VLCI 16-XO-61,VLCI,SF 25-164,SF 25-164 ,NULL,NULL,L200 4WD,MITSUBISHI,NULL,16-XO-61,Freguesia de Fajão-Vidual,Pampilhosa da Serra,NULL,CENTRO,40.1491,-7.9222,NULL,Ligada
ESF,VLCI 16-XO-64,VLCI,SF 26-164,SF 26-164 ,NULL,NULL,L200 4WD,MITSUBISHI,NULL,16-XO-64,Freguesia de Cadafaz e Colmeal,Góis,NULL,CENTRO,40.1429,-8.00329,NULL,Ligada
ESF,VLCI AS-23-OG,VLCI,SF 27-164,SF 27-164 ,NULL,NULL,"AN1P(EU,N)",TOYOTA,NULL,AS-23-OG,Conselho Directivo dos Baldios da Freguesia de Vila Nova,Miranda do Corvo,NULL,CENTRO,40.0494,-8.2795,NULL,Ligada
ESF,VLCI AT-40-SZ,VLCI,SF 28-164,SF 28-164 ,NULL,NULL,"HILUX AN1P(EU,N)",TOYOTA,NULL,AT-40-SZ,CAULE - Associação Florestal da Beira Serra,Tábua,NULL,CENTRO,40.3141,-7.89035,NULL,Ligada
ESF,VLCI 59-TQ-92,VLCI,SF 30-164 ,SF 30-164,NULL,NULL,HILUX 4X4 CD CM,TOYOTA,NULL,59-TQ-92,Município de Vila Nova de Poiares,Vila Nova de Poiares,NULL,CENTRO,40.2101,-8.25915,NULL,Ligada
ESF,VLCI 53-VA-29,VLCI,SF 31-164,SF 31-164,NULL,NULL,L200 4WD,MITSUBISHI,NULL,53-VA-29,Associação Florestal do Pinhal,Vila Nova de Poiares,NULL,CENTRO,40.1382,-8.22538,5260698,Ligada
BSF,VLCI 18-VI-38,VLCI,SF 32-164,BRIG-1-164,NULL,NULL,L200 4WD,MITSUBISHI,NULL,18-VI-38,Comunidade Intermunicipal da Região de Coimbra - BRIG-1-164,Coimbra,NULL,CENTRO,40.2006,-8.4064,5260700,Ligada
BSF,VLCI 18-VI-26,VLCI,SF 33-164,BRIG-1-164,NULL,NULL,L200 4WD,MITSUBISHI,NULL,18-VI-26,Comunidade Intermunicipal da Região de Coimbra - BRIG-1-164,Coimbra,NULL,CENTRO,40.2006,-8.4064,5260702,Ligada
BSF,VLCI 18-VI-42,VLCI,SF 34-164,BRIG-1-164,NULL,NULL,L200 4WD,MITSUBISHI,NULL,18-VI-42,Comunidade Intermunicipal da Região de Coimbra - BRIG-1-164,Coimbra,NULL,CENTRO,40.2006,-8.4064,5260704,Ligada
ESF,VLCI 53-VA-94,VLCI,SF 35-164,SF 35-164,NULL,NULL,L200 4WD,MITSUBISHI,NULL,53-VA-94,"Litocoop - Cooperativa Agro-Florestal da Beira, CRL",Miranda do Corvo,NULL,CENTRO,40.1276,-8.33183,5260707,Ligada
ESF,VLCI 35-VL-16,VLCI,SF 37-164,SF 37-164,NULL,NULL,L200 4WD,MITSUBISHI,NULL,35-VL-16,Comunidade Intermunicipal da Região de Coimbra - BRIG-2-164,Coimbra,NULL,CENTRO,40.2006,-8.4064,5260709,Ligada
ESF,VLCI 81-PC-01,VLCI,SF 01-165,SF 01-165 ,NULL,NULL,HILUX 4X4 CD CM,TOYOTA,NULL,81-PC-01,ADRL - Associação de Desenvolvimento Rural de Lafões,Vouzela,NULL,CENTRO,40.7237,-8.11165,5260776,Ligada
ESF,VLCI 67-TX-28,VLCI,SF 06-165,SF 06-165 ,NULL,NULL,HILUX 4X4 CD CM,TOYOTA,NULL,67-TX-28,"Freguesia de Parada de Ester e Ester, em representação do Conselho Directivo dos Baldios de Parada, Ilha e Corgo d’Água ",Castro Daire,NULL,CENTRO,40.9317,-8.0591,5260716,Ligada
ESF,VLCI 67-TX-22,VLCI,SF 07-165,SF 07-165 ,NULL,NULL,HILUX 4X4 CD CM,TOYOTA,NULL,67-TX-22,Associação de Produtores Florestais de Mortágua,Mortágua,NULL,CENTRO,40.3965,-8.22981,5260775,Ligada
ESF,VLCI 67-TX-44,VLCI,SF 08-165,SF 08-165 ,NULL,NULL,HILUX 4X4 CD CM,TOYOTA,NULL,67-TX-44,ADRL - Associação de Desenvolvimento Rural de Lafões,Vouzela,NULL,CENTRO,40.7237,-8.11165,5260777,Ligada
ESF,VLCI 53-VA-39,VLCI,SF 10-165,SF 10-165 ,NULL,NULL,L200 4WD,MITSUBISHI,NULL,53-VA-39,Assembleia de Compartes dos Baldios da Freguesia de Ferreira de Aves,Sátão,NULL,CENTRO,40.8089,-7.66522,5260717,Ligada
ESF,VLCI 38-XF-92,VLCI,SF 11-165,SF 11-165 ,NULL,NULL,L200 4WD,MITSUBISHI,NULL,38-XF-92,VERDE LAFÕES - Associação de Produtores Florestais,Oliveira de Frades,NULL,CENTRO,38.5596,-9.03704,5260720,Ligada
ESF,VLCI 57-XI-31,VLCI,SF 12-165,SF 12-165 ,NULL,NULL,L200 4WD,MITSUBISHI,NULL,57-XI-31,BIOSFERA - Associação Florestal de Caça e Pesca dos Compartes de Ribeiradio,Oliveira de Frades,NULL,CENTRO,40.7343,-8.17615,5260722,Ligada
ESF,VLCI 53-VA-56,VLCI,SF 13-165,SF 13-165 ,NULL,NULL,L200 4WD,MITSUBISHI,NULL,53-VA-56,"Assembleia de Compartes dos Baldios de Mioma, Meã, Afonsim, Fontainhas e Quinta do Monte",Sátão,NULL,CENTRO,40.7521,-7.71096,5260723,Ligada
ESF,VLCI 39-XF-12,VLCI,SF 14-165,SF 14-165 ,NULL,NULL,L200 4WD,MITSUBISHI,NULL,39-XF-12,Associação de Produtores Florestais da Serra Lapa e Dão,Aguiar da Beira,NULL,CENTRO,40.8592,-7.52892,5260726,Ligada
ESF,VLCI 39-XF-07,VLCI,SF 15-165,SF 15-165 ,NULL,NULL,L200 4WD,MITSUBISHI,NULL,39-XF-07,Associação de Produtores Florestais do Planalto Beirão,Carregal do Sal,NULL,CENTRO,40.4369,-8.0021,5260728,Ligada
ESF,VLCI 38-XF-94,VLCI,SF 16-165,SF 16-165 ,NULL,NULL,L200 4WD,MITSUBISHI,NULL,38-XF-94,"Freguesia de São Pedro do Sul, Várzea e Baiões",São Pedro do Sul,NULL,CENTRO,40.7625,-8.06539,5260730,Ligada
ESF,VLCI 57-XI-25,VLCI,SF 17-165,SF 17-165 ,NULL,NULL,L200 4WD,MITSUBISHI,NULL,57-XI-25,Freguesia do Sul,São Pedro do Sul,NULL,CENTRO,40.7655,-8.06683,5260732,Ligada
ESF,VLCI 38-XF-95,VLCI,SF 18-165,SF 18-165 ,NULL,NULL,L200 4WD,MITSUBISHI,NULL,38-XF-95,Agrupamento de Produtores Florestais de São Cristóvão de Lafões,São Pedro do Sul,NULL,CENTRO,40.7699,-8.1744,5260734,Ligada
ESF,VLCI 38-XF-90,VLCI,SF 19-165,SF 19-165 ,NULL,NULL,L200 4WD,MITSUBISHI,NULL,38-XF-90,"Freguesia de Pindelo dos Milagres, em representação da Assembleia de Compartes dos Baldios da Freguesia de Pindelo dos Milagres",São Pedro do Sul,NULL,CENTRO,40.8054,-7.96242,5260736,Ligada
ESF,VLCI 57-XI-35,VLCI,SF 20-165,SF 20-165 ,NULL,NULL,L200 4WD,MITSUBISHI,NULL,57-XI-35,"Freguesia de Santa Cruz de Trapa e São Cristóvão de Lafões, em representação da Assembleia de Compartes de Santa Cruz da Trapa ",São Pedro do Sul,NULL,CENTRO,40.7941,-8.07339,5260738,Ligada
ESF,VLCI 39-FA-54,VLCI,SF 21-165,SF 21-165 ,NULL,NULL,L200,Mitsubishi,NULL,39-FA-54,Freguesia de Santiago de Besteiros,Tondela,NULL,CENTRO,40.5842,-8.12613,NULL,Ligada
ESF,VLCI 91-XJ-12,VLCI,SF 22-165,SF 22-165 ,NULL,NULL,L200 4WD,MITSUBISHI,NULL,91-XJ-12,Associação de Produtores Florestais de Montemuro e Paiva,Castro Daire,NULL,CENTRO,40.9007,-7.92988,NULL,Ligada
ESF,VLCI AT-52-SZ,VLCI,SF 24-165,SF 24-165 ,NULL,NULL,Hilux 2.4D,Toyota,NULL,AT-52-SZ,DÃO FLORA - Associação de Produtores Florestais,Penalva do Castelo,NULL,CENTRO,40.6759,-7.70071,NULL,Ligada
ESF,VLCI AS-15-OG,VLCI,SF 25-165,SF 25-165 ,NULL,NULL,Hilux,Toyota,NULL,AS-15-OG,Freguesia de Parada de Gonta,Tondela,NULL,CENTRO,40.5809,-7.99433,NULL,Ligada
ESF,VLCI AT-49-SZ,VLCI,SF 26-165,SF 26-165 ,NULL,NULL,"HILUX AN1P(EU,N)",TOYOTA,NULL,AT-49-SZ,Município de Vila Nova de Paiva,Vila Nova de Paiva,NULL,CENTRO,40.8521,-7.72994,NULL,Ligada
ESF,VLCI 00-IS-96,VLCI,SF 28-165,SF 28-165,NULL,NULL,L200 4WD,MITSUBISHI,NULL,00-IS-96,CEDRUS - Associação de Produtores Florestais de Viseu,Viseu,NULL,CENTRO,40.6628,-7.90859,5260746,Ligada
ESF,VLCI 13-ST-50,VLCI,SF 29-165,SF 29-165,NULL,NULL,HILUX 4X4 CD CM,TOYOTA,NULL,13-ST-50,Associação de Freguesias da Serra do Caramulo,Tondela,NULL,CENTRO,40.5696,-8.17078,5260778,Ligada
ESF,VLCI 53-VA-58,VLCI,SF 30-165,SF 30-165,NULL,NULL,L200 4WD,MITSUBISHI,NULL,53-VA-58,Associação de Produtores Florestais do Planalto Beirão - APFPB,Nelas,NULL,CENTRO,40.4369,-8.0021,5260747,Ligada
ESF,VLCI 53-VA-15,VLCI,SF 31-165,SF 31-165,NULL,NULL,L200 4WD,MITSUBISHI,NULL,53-VA-15,CEDRUS - Associação Produtores Florestais de Viseu,Mangualde,NULL,CENTRO,40.6628,-7.90859,5260749,Ligada
ESF,VLCI 53-VA-61,VLCI,SF 32-165,SF 32-165,NULL,NULL,L200 4WD,MITSUBISHI,NULL,53-VA-61,CEDRUS - Associação Produtores Florestais de Viseu,Mangualde,NULL,CENTRO,40.6628,-7.90859,5260751,Ligada
ESF,VLCI 53-VA-96,VLCI,SF 33-165,SF 33-165,NULL,NULL,L200 4WD,MITSUBISHI,NULL,53-VA-96,DÃO FLORA - Associação de Produtores Florestais,Sátão,NULL,CENTRO,40.6759,-7.70071,5260753,Ligada
ESF,VLCI 53-VA-79,VLCI,SF 34-165,SF 34-165,NULL,NULL,L200 4WD,MITSUBISHI,NULL,53-VA-79,Comunidade Intermunicipal Viseu Dão Lafões - BRIG-1-165 - CIM VISEU DÃO LAFÕES ,Tondela,NULL,CENTRO,40.5212,-8.0877,5260755,Ligada
ESF,VLCI 51-FA-40,VLCI,SF 37-165,SF 37-165,NULL,NULL,NAVARRA,NISSAN,NULL,51-FA-40,Município de Mortágua,Mortágua,NULL,CENTRO,40.3965,-8.22981,NULL,Ligada
ESF,VLCI 35-VL-09,VLCI,SF 38-165,SF 38-165,NULL,NULL,L200 4WD,MITSUBISHI,NULL,35-VL-09,Associação de Produtores Florestais de Montemuro e Paiva,Castro Daire,NULL,CENTRO,40.9007,-7.92988,5260757,Ligada
BSF,VLCI 35-VL-02,VLCI,SF 39-165,BRIG-2-165,NULL,NULL,L200 4WD,MITSUBISHI,NULL,35-VL-02,Comunidade Intermunicipal Viseu Dão Lafões - BRIG-2-165,Tondela,NULL,CENTRO,40.5212,-8.0877,5260760,Ligada
BSF,VLCI 35-VL-03,VLCI,SF 40-165,BRIG-2-165,NULL,NULL,L200 4WD,MITSUBISHI,NULL,35-VL-03,Comunidade Intermunicipal Viseu Dão Lafões - BRIG-2-165,Tondela,NULL,CENTRO,40.5212,-8.0877,5260762,Ligada
BSF,VLCI 35-VL-04,VLCI,SF 41-165,BRIG-2-165,NULL,NULL,L200 4WD,MITSUBISHI,NULL,35-VL-04,Comunidade Intermunicipal Viseu Dão Lafões - BRIG-2-165,Tondela,NULL,CENTRO,40.5212,-8.0877,5260764,Ligada
ESF,VLCI 81-PC-03,VLCI,SF 01-166,SF 01-166 ,NULL,NULL,HILUX 4X4 CD CM,TOYOTA,NULL,81-PC-03,Associação de Produtores Florestais e Agrícolas do Concelho de Proença-a-Nova,Proença-A-Nova,NULL,CENTRO,39.7514,-7.9251,5260770,Ligada
ESF,VLCI 53-VA-76,VLCI,SF 03-166,SF 03-166 ,NULL,NULL,L200 4WD,MITSUBISHI,NULL,53-VA-76,Município de Vila de Rei,Vila de Rei,NULL,LVT,39.6735,-8.14645,5260781,Ligada
ESF,VLCI 67-TX-31,VLCI,SF 04-166,SF 04-166 ,NULL,NULL,HILUX 4X4 CD CM,TOYOTA,NULL,67-TX-31,APROFLORA - Associação de Produtores Florestais e Agrícolas da Zona do Pinhal,Sertã,NULL,CENTRO,39.8624,-8.01841,NULL,Ligada
ESF,VLCI 53-VA-30,VLCI,SF 07-166,SF 07-166 ,NULL,NULL,L200 4WD,MITSUBISHI,NULL,53-VA-30,Associação de Produtores Florestais e Agrícolas do Concelho de Proença-a-Nova,Proença-A-Nova,NULL,CENTRO,39.7514,-7.9251,5260539,Ligada
ESF,VLCI AX-49-RN,VLCI,SF 09-166,SF 09-166 ,NULL,NULL,"AN1P(EU,N)",Toyota Hilux,NULL,AX-49-RN,APROFLORA - Associação de Produtores Florestais e Agrícolas da Zona do Pinhal,Sertã,NULL,CENTRO,39.8624,-8.01841,NULL,Ligada
ESF,VLCI 00-IU-39,VLCI,SF 10-166,SF 10-166,NULL,NULL,HILUX 4X4 CD CM,TOYOTA,NULL,00-IU-39,APFAM - Associação de Produtores Florestais de Alvelos e Muradal,Oleiros,NULL,CENTRO,39.9315,-7.88,NULL,Ligada
ESF,VLCI 13-ST-49,VLCI,SF 11-166,SF 11-166,NULL,NULL,HILUX 4X4 CD CM,TOYOTA,NULL,13-ST-49,APFAM - Associação de Produtores Florestais de Alvelos e Muradal,Oleiros,NULL,CENTRO,39.9315,-7.88,NULL,Ligada
ESF,VLCI 13-ST-51,VLCI,SF 12-166,SF 12-166,NULL,NULL,HILUX 4X4 CD CM,TOYOTA,NULL,13-ST-51,APROFLORA - Associação de Produtores Florestais e Agrícolas da Zona do Pinhal,Idanha-A-Nova,NULL,CENTRO,40.0259,-7.23982,NULL,Ligada
ESF,VLCI 53-VA-98,VLCI,SF 01-167,SF 01-167 ,NULL,NULL,L200 4WD,MITSUBISHI,NULL,53-VA-98,URZE - Associação Florestal da Encosta da Serra da Estrela,Gouveia,NULL,CENTRO,40.499,-7.58987,5260567,Ligada
ESF,VLCI 53-VA-74,VLCI,SF 04-167,SF 04-167 ,NULL,NULL,L200 4WD,MITSUBISHI,NULL,53-VA-74,APROFFAL - Associação de Produtores Florestais de Fornos de Algodres,Fornos de Algodres,NULL,CENTRO,40.6189,-7.53919,5260573,Ligada
ESF,VLCI 16-XO-60,VLCI,SF 06-167,SF 06-167 ,NULL,NULL,L200 4WD,MITSUBISHI,NULL,16-XO-60,Município de Gouveia,Gouveia,NULL,CENTRO,40.4945,-7.59231,5260582,Ligada
ESF,VLCI 85-CT-37,VLCI,SF 07-167,SF 07-167 ,NULL,NULL,L200 4WD,MITSUBISHI,NULL,85-CT-37,Conselho Directivo do Baldio de Folgosinho,Gouveia,NULL,CENTRO,40.5095,-7.51391,5260586,Ligada
ESF,VLCI AU-47_TG,VLCI,SF 08-167,SF 08-167 ,NULL,NULL,Hilux2.4D4x4Cabina Dupla Caixa Metálica,Toyota Hilux,NULL,AU-47_TG,Município de Seia,Seia,NULL,CENTRO,40.4208,-7.70417,NULL,Ligada
ESF,VLCI 53-VA-50,VLCI,SF 09-167,SF 09-167,NULL,NULL,L200 4WD,MITSUBISHI,NULL,53-VA-50,CAULE - Associação Florestal da Beira Serra,Seia,NULL,CENTRO,40.3141,-7.89035,5260594,Ligada
ESF,VLCI 69-HL-75,VLCI,SF 10-167,SF 10-167,NULL,NULL,L200 4WD,MITSUBISHI,NULL,69-HL-75,Município de Seia,Seia,NULL,CENTRO,40.4208,-7.70417,NULL,Ligada
ESF,VLCI 80-PC-90,VLCI,SF 02-168,SF 02-168 ,NULL,NULL,HILUX 4X4 CD CM,TOYOTA,NULL,80-PC-90,CELFLOR - Associação de Produtores Florestais,Celorico da Beira,NULL,CENTRO,40.6272,-7.33957,NULL,Ligada
ESF,VLCI 67-TX-39,VLCI,SF 03-168,SF 03-168 ,NULL,NULL,HILUX 4X4 CD CM,TOYOTA,NULL,67-TX-39,ACRISABUGAL - Associação de Criadores de Ruminantes e de Produtores Florestais do Concelho do Sabugal,Sabugal,NULL,CENTRO,40.5086,-6.94868,NULL,Ligada
ESF,VLCI 67-TX-51,VLCI,SF 04-168,SF 04-168 ,NULL,NULL,HILUX 4X4 CD CM,TOYOTA,NULL,67-TX-51,CELFLOR - Associação de Produtores Florestais,Celorico da Beira,NULL,CENTRO,40.6272,-7.33957,NULL,Ligada
ESF,VLCI 67-TX-49,VLCI,SF 05-168,SF 05-168 ,NULL,NULL,HILUX 4X4 CD CM,TOYOTA,NULL,67-TX-49,ACRISABUGAL - Associação de Criadores de Ruminantes e de Produtores Florestais do Concelho do Sabugal,Sabugal,NULL,CENTRO,40.5086,-6.94868,NULL,Ligada
ESF,VLCI 67-TX-50,VLCI,SF 06-168,SF 06-168 ,NULL,NULL,HILUX 4X4 CD CM,TOYOTA,NULL,67-TX-50,Associação de Produtores Florestais do Concelho de Figueira de Castelo Rodrigo,Figueira de Castelo Rodrigo,NULL,CENTRO,40.8951,-6.96395,NULL,Ligada
ESF,VLCI 53-VA-49,VLCI,SF 07-168,SF 07-168 ,NULL,NULL,L200 4WD,MITSUBISHI,NULL,53-VA-49,Associação Floresta Viva de Fernão Joanes,Guarda,NULL,CENTRO,40.4852,-7.35576,5260587,Ligada
ESF,VLCI 53-VA-65,VLCI,SF 08-168,SF 08-168 ,NULL,NULL,L200 4WD,MITSUBISHI,NULL,53-VA-65,Conselho Directivo dos Baldios da Freguesia de Santa Maria de Manteigas,Manteigas,NULL,CENTRO,40.4018,-7.53805,5260592,Ligada
ESF,VLCI 53-VA-72,VLCI,SF 09-168,SF 09-168 ,NULL,NULL,L200 4WD,MITSUBISHI,NULL,53-VA-72,Conselho Directivo dos Baldios da Freguesia de São Pedro de Manteigas,Manteigas,NULL,CENTRO,40.4009,-7.53944,5260596,Ligada
ESF,VLCI 53-VA-90,VLCI,SF 10-168,SF 10-168 ,NULL,NULL,L200 4WD,MITSUBISHI,NULL,53-VA-90,CROFLOR - Associação de Produtores Florestais do Cró,Almeida,NULL,CENTRO,40.7114,-6.90899,5260602,Ligada
ESF,VLCI 57-XI-36,VLCI,SF 11-168,SF 11-168 ,NULL,NULL,L200 4WD,MITSUBISHI,NULL,57-XI-36,ALTO DA BROCA - Associação de Produtores Florestais,Trancoso,NULL,CENTRO,40.7175,-7.2929,5260607,Ligada
ESF,VLCI 39-XF-06,VLCI,SF 13-168,SF 13-168 ,NULL,NULL,L200 4WD,MITSUBISHI,NULL,39-XF-06,COOPCÔA - Cooperativa Agrícola do Concelho do Sabugal,Sabugal,NULL,CENTRO,40.4832,-7.04015,5260613,Ligada
ESF,VLCI 39-XF-11,VLCI,SF 14-168,SF 14-168 ,NULL,NULL,L200 4WD,MITSUBISHI,NULL,39-XF-11,PISCOTÁVORA - Associação de Produtores Florestais,Trancoso,NULL,CENTRO,40.7784,-7.34956,5260617,Ligada
ESF,VLCI 57-XI-32,VLCI,SF 15-168,SF 15-168 ,NULL,NULL,L200 4WD,MITSUBISHI,NULL,57-XI-32,"Freguesia de Sameiro, em representação da Assembleia de Compartes dos Baldios da Freguesia de Sameiro ",Manteigas,NULL,CENTRO,40.3915,-7.5366,5260621,Ligada
ESF,VLCI 57-XI-22,VLCI,SF 16-168,SF 16-168 ,NULL,NULL,L200 4WD,MITSUBISHI,NULL,57-XI-22,Conselho Directivo dos Baldios de Aldeia Velha,Sabugal,NULL,CENTRO,40.3434,-6.86749,5260625,Ligada
ESF,VLCI 39-XF-01,VLCI,SF 17-168,SF 17-168 ,NULL,NULL,L200 4WD,MITSUBISHI,NULL,39-XF-01,Associação de Agricultores da Ribeira Teja e Vale do Côa,Mêda,NULL,CENTRO,40.9628,-7.26398,5260628,Ligada
ESF,VLCI 57-XI-21,VLCI,SF 18-168,SF 18-168 ,NULL,NULL,L200 4WD,MITSUBISHI,NULL,57-XI-21,Assembleia de Compartes da Freguesia de Malcata,Sabugal,NULL,CENTRO,40.3016,-7.07016,5260630,Ligada
ESF,VLCI 39-XF-04,VLCI,SF 19-168,SF 19-168 ,NULL,NULL,L200 4WD,MITSUBISHI,NULL,39-XF-04,Conselho Directivo dos Baldios de Fóios,Sabugal,NULL,CENTRO,40.2867,-6.89236,5260632,Ligada
ESF,VLCI 38-XF-67,VLCI,SF 20-168,SF 20-168 ,NULL,NULL,L200 4WD,MITSUBISHI,NULL,38-XF-67,Municipio de Celorico da Beira,Celorico da Beira,NULL,CENTRO,40.635,-7.39363,5260634,Ligada
ESF,VLCI AT-05-UT,VLCI,SF 21-168,SF 21-168 ,NULL,NULL,"HILUX AN1P(EU,N)",TOYOTA,NULL,AT-05-UT,Freguesia de Valhelhas,Guarda,NULL,CENTRO,40.4108,-7.4014,NULL,Ligada
ESF,VLCI AX-47-RN,VLCI,SF 22-168,SF 22-168 ,NULL,NULL,HILUX,TOYOTA,NULL,AX-47-RN,CROFLOR - Associação de Produtores Florestais do Cró,Almeida,NULL,CENTRO,40.7114,-6.90899,NULL,Ligada
ESF,VLCI 69-IU-85,VLCI,SF 23-168,SF 23-168,NULL,NULL,CVNVD22,NISSAN,NULL,69-IU-85,COVICÔA - Associação de Produtores de Pequenos Ruminantes da Bacia Hidrográfica do Côa,Pinhel,NULL,CENTRO,40.7746,-7.05836,NULL,Ligada
ESF,VLCI 80-JQ-56,VLCI,SF 24-168,SF 24-168,NULL,NULL,NAVARA,NISSAN,NULL,80-JQ-56,Associação Floresta Viva de Fernão Joanes,Guarda,NULL,CENTRO,40.4852,-7.35576,5260640,Ligada
ESF,VLCI 53-VA-32,VLCI,SF 25-168,SF 25-168,NULL,NULL,L200 4WD,MITSUBISHI,NULL,53-VA-32,ACRIGUARDA - Associação de Criadores de Ruminantes e Produtores Florestais do Concelho da Guarda,Guarda,NULL,CENTRO,40.5328,-7.23448,5260641,Ligada
BSF,VLCI 18-VI-25,VLCI,SF 26-168,BRIG-1-168,NULL,NULL,L200 4WD,MITSUBISHI,NULL,18-VI-25,Comunidade Intermunicipal das Beiras e Serra da Estrela - BRIG-1-168,Guarda,NULL,CENTRO,40.5386,-7.26955,5260643,Ligada
BSF,VLCI 18-VI-34,VLCI,SF 27-168,BRIG-1-168,NULL,NULL,L200 4WD,MITSUBISHI,NULL,18-VI-34,Comunidade Intermunicipal das Beiras e Serra da Estrela - BRIG-1-168,Guarda,NULL,CENTRO,40.5386,-7.26955,5260645,Ligada
BSF,VLCI 18-VI-21,VLCI,SF 28-168,BRIG-1-168,NULL,NULL,L200 4WD,MITSUBISHI,NULL,18-VI-21,Comunidade Intermunicipal das Beiras e Serra da Estrela - BRIG-1-168,Guarda,NULL,CENTRO,40.5386,-7.26955,5260647,Ligada
ESF,VLCI 35-VL-05,VLCI,SF 29-168,SF 29-168,NULL,NULL,L200 4WD,MITSUBISHI,NULL,35-VL-05,PISCOTÁVORA - Associação de Produtores Florestais,Trancoso,NULL,CENTRO,40.7784,-7.34956,5260649,Ligada
ESF,VLCI 80-PC-98,VLCI,SF 01-169,SF 01-169 ,NULL,NULL,HILUX 4X4 CD CM,TOYOTA,NULL,80-PC-98,AFLOBEI - Associação de Produtores Florestais da Beira Interior,Idanha-A-Nova,NULL,CENTRO,39.8251,-7.48421,5260771,Ligada
ESF,VLCI 80-PC-99,VLCI,SF 02-169,SF 02-169 ,NULL,NULL,HILUX 4X4 CD CM,TOYOTA,NULL,80-PC-99,FLORA - Associação de Agricultores e Silvicultores da Partida,Castelo Branco,NULL,CENTRO,40.0055,-7.66148,5260772,Ligada
ESF,VLCI 67-TX-30,VLCI,SF 03-169,SF 03-169 ,NULL,NULL,HILUX 4X4 CD CM,TOYOTA,NULL,67-TX-30,MAGAREFA - Associação de Produtores Florestais ,Castelo Branco,NULL,CENTRO,39.8503,-7.68735,5260773,Ligada
ESF,VLCI 01-95-TR,VLCI,SF 04-169,SF 04-169 ,NULL,NULL,Defender 130 2.5 TD5,LAND ROVER,NULL,01-95-TR,Assembleia de Compartes dos Baldios de Louriçal do Campo,Castelo Branco,NULL,CENTRO,39.9629,-7.40352,5260535,Ligada
ESF,VLCI 53-VA-26,VLCI,SF 05-169,SF 05-169 ,NULL,NULL,L200 4WD,MITSUBISHI,NULL,53-VA-26,FLORA - Associação de Agricultores e Silvicultores da Partida,Castelo Branco,NULL,CENTRO,40.0055,-7.66148,5260537,Ligada
ESF,VLCI 53-VA-81,VLCI,SF 07-169,SF 07-169 ,NULL,NULL,L200 4WD,MITSUBISHI,NULL,53-VA-81,Associação de Produtores Florestais e Agrícolas do Concelho de Proença-a-Nova,Vila Velha de Ródão,NULL,CENTRO,39.7514,-7.9251,5260541,Ligada
ESF,VLCI 57-XI-37,VLCI,SF 08-169,SF 08-169 ,NULL,NULL,L200 4WD,MITSUBISHI,NULL,57-XI-37,AFLOBEI - Associação de Produtores Florestais da Beira Interior,Castelo Branco,NULL,CENTRO,39.8251,-7.48421,5260544,Ligada
ESF,VLCI 16-XO-58,VLCI,SF 09-169,SF 09-169 ,NULL,NULL,L200 4WD,MITSUBISHI,NULL,16-XO-58,OPAFLOR - Associação de Produtores Florestais da Serra de Opa,Penamacor,NULL,CENTRO,40.1683,-7.16961,5260546,Ligada
ESF,VLCI AT-56-SZ,VLCI,SF 10-169,SF 10-169 ,NULL,NULL,HILUX,TOYOTA,NULL,AT-56-SZ,Município de Idanha-a-Nova,Idanha-A-Nova,NULL,CENTRO,40.0259,-7.23982,NULL,Ligada
BSF,VLCI 53-VA-70,VLCI,SF 11-169,BRIG-1-169,NULL,NULL,L200 4WD,MITSUBISHI,NULL,53-VA-70,Comunidade Intermunicipal Beira Baixa ,Castelo Branco,NULL,CENTRO,39.8152,-7.49441,5260551,Ligada
BSF,VLCI 53-VA-91,VLCI,SF 12-169,BRIG-1-169,NULL,NULL,L200 4WD,MITSUBISHI,NULL,53-VA-91,Comunidade Intermunicipal Beira Baixa ,Castelo Branco,NULL,CENTRO,39.8152,-7.49441,5260555,Ligada
BSF,VLCI 53-VA-95,VLCI,SF 13-169,BRIG-1-169,NULL,NULL,L200 4WD,MITSUBISHI,NULL,53-VA-95,Comunidade Intermunicipal Beira Baixa,Castelo Branco,NULL,CENTRO,39.8152,-7.49441,5260557,Ligada
BSF,VLCI 35-VL-06,VLCI,SF 14-169,BRIG-2-169,NULL,NULL,L200 4WD,MITSUBISHI,NULL,35-VL-06,Comunidade Intermunicipal Beira Baixa - BRIG-2-169,Castelo Branco,NULL,CENTRO,39.8199,-7.49633,5260560,Ligada
BSF,VLCI 35-VL-07,VLCI,SF 15-169,BRIG-2-169,NULL,NULL,L200 4WD,MITSUBISHI,NULL,35-VL-07,Comunidade Intermunicipal Beira Baixa - BRIG-2-169,Castelo Branco,NULL,CENTRO,39.8199,-7.49633,5260562,Ligada
BSF,VLCI 35-VL-08,VLCI,SF 16-169,BRIG-2-169,NULL,NULL,L200 4WD,MITSUBISHI,NULL,35-VL-08,Comunidade Intermunicipal Beira Baixa - BRIG-2-169,Castelo Branco,NULL,CENTRO,39.8199,-7.49633,5260564,Ligada
ESF,VLCI 81-PC-07,VLCI,SF 01-171,SF 01-171 ,NULL,NULL,HILUX 4X4 CD CM,TOYOTA,NULL,81-PC-07,"Tapada Nacional de Mafra, CIPRL",Mafra,NULL,LVT,38.9667,-9.3,NULL,Ligada
ESF,VLCI 38-XF-59,VLCI,SF 02-171,SF 02-171 ,NULL,NULL,L200 4WD,MITSUBISHI,NULL,38-XF-59,Município de Mafra,Mafra,NULL,LVT,38.5551,-9.08104,1260516,Ligada
ESF,VLCI 38-XF-60,VLCI,SF 04-171,SF 04-171 ,NULL,NULL,L200 4WD,MITSUBISHI,NULL,38-XF-60,Município de Cascais,Cascais,NULL,LVT,38.6967,-9.41997,1260518,Ligada
ESF,VLCI 35-JB-03,VLCI,SF 05-171,SF 05-171 ,NULL,NULL,L200 4WD,MITSUBISHI,NULL,35-JB-03,Município de Loures,Loures,NULL,LVT,38.8326,-9.16777,NULL,Ligada
ESF,VLCI 93-XN-68,VLCI,SF 06-171,SF 06-171,NULL,NULL,HILUX 4X4 CD CM,TOYOTA,NULL,93-XN-68,Município de Sintra,Sintra,NULL,LVT,38.7988,-9.3882,1260521,Ligada
ESF,VLCI 77-JH-01,VLCI,SF 04-181,SF 04-181,NULL,NULL,L200 4WD,MITSUBISHI,NULL,77-JH-01,Município de Odemira,Odemira,NULL,ALENTEJO,37.5961,-8.64317,NULL,Ligada
ESF,VLCI AT-46-SZ,VLCI,SF 05-181,SF 05-181,NULL,NULL,"HILUX AN1P(EU,N)",TOYOTA,NULL,AT-46-SZ,Município de Grândola,Grândola,NULL,ALENTEJO,38.1768,-8.57017,NULL,Ligada
ESF,VLCI 53-VA-73,VLCI,SF 06-181,SF 06-181,NULL,NULL,L200 4WD,MITSUBISHI,NULL,53-VA-73,AMFALA - Associação de Manutenção Florestal dos Amigos do Litoral Alentejano,Santiago do Cacém,NULL,ALENTEJO,37.9646,-8.86762,2260512,Ligada
ESF,VLCI 67-TX-17,VLCI,SF 01-182,SF 01-182 ,NULL,NULL,HILUX 4X4 CD CM,TOYOTA,NULL,67-TX-17,APAFNA - Agrupamento de Produtores Agrícolas e Florestais do Norte Alentejano,Portalegre,NULL,ALENTEJO,39.2715,-7.42148,6260600,Ligada
ESF,VLCI AS-07-0G,VLCI,SF 02-182,SF 02-182 ,NULL,NULL,HILUX,TOYOTA,NULL,AS-07-0G,APFDP - Associação de Produtores Florestais do Distrito de Portalegre,Portalegre,NULL,ALENTEJO,39.2715,-7.42148,NULL,Ligada
ESF,VLCI AS-06-OG,VLCI,SF 03-182,SF 03-182 ,NULL,NULL,"HILUX AN1P(EU,N)",TOYOTA,NULL,AS-06-OG,Município de Castelo Vide,Castelo de Vide,NULL,ALENTEJO,39.4158,-7.45521,NULL,Ligada
ESF,VLCI AT-06-UT,VLCI,SF 04-182,SF 04-182 ,NULL,NULL,"HILUX AN1P(EU,N)",TOYOTA,NULL,AT-06-UT,APFLOGAV - Associação de Produtores Florestais do Município de Gavião,Gavião,NULL,ALENTEJO,39.4653,-7.93339,NULL,Ligada
ESF,VLCI 52-IZ-79,VLCI,SF 05-182,SF 05-182,NULL,NULL,HILUX 4X4 CD CM,TOYOTA,NULL,52-IZ-79,Município de Alter do Chão,Alter do Chão,NULL,LVT,39.1998,-7.65834,NULL,Ligada
ESF,VLCI 77-JS-32,VLCI,SF 06-182,SF 06-182,NULL,NULL,HILUX 4X4 CD CM,TOYOTA,NULL,77-JS-32,Município de Avis,Avis,NULL,ALENTEJO,39.0558,-7.89063,NULL,Ligada
ESF,VLCI AZ-85-OQ,VLCI,SF 07-182,SF 07-182,NULL,NULL,Hilux,Toyota,NULL,AZ-85-OQ,Município do Crato,Crato,NULL,ALENTEJO,39.287,-7.64471,NULL,Ligada
ESF,VLCI BA-45-ID,VLCI,SF 08-182,SF 08-182,NULL,NULL,"AN1P (EU,N)",Toyota Hilux,NULL,BA-45-ID,Município de Elvas,Elvas,NULL,ALENTEJO,38.8806,-7.16429,NULL,Ligada
ESF,VLCI AZ-86-OQ,VLCI,SF 09-182,SF 09-182,NULL,NULL,"AN1P (EU,N)",TOYOTA HILUX,NULL,AZ-86-OQ,Município de Fronteira,Fronteira,NULL,ALENTEJO,39.0567,-7.64759,NULL,Ligada
ESF,VLCI BA-46-ID,VLCI,SF 10-182 ,SF 10-182,NULL,NULL,Hilux,Toyota,NULL,BA-46-ID,Município de Marvão,Marvão,NULL,ALENTEJO,39.3946,-7.37788,NULL,Ligada
ESF,VLCI 98-JR-52,VLCI,SF 11-182 ,SF 11-182,NULL,NULL,L200 4WD,MITSUBISHI,NULL,98-JR-52,Município de Nisa,Nisa,NULL,ALENTEJO,39.5158,-7.64959,NULL,Ligada
ESF,VLCI BA-43-ID,VLCI,SF 12-182,SF 12-182,NULL,NULL,"HILUX AN1P(EU,N)",TOYOTA,NULL,BA-43-ID,Município de Sousel,Sousel,NULL,ALENTEJO,38.9526,-7.67536,NULL,Ligada
ESF,VLCI AZ-87-OQ,VLCI,SF 13-182 ,SF 13-182,NULL,NULL,HILUX,TOYOTA,NULL,AZ-87-OQ,Município de Portalegre,Portalegre,NULL,ALENTEJO,39.2948,-7.42925,NULL,Ligada
ESF,VLCI 53-VA-88,VLCI,SF 14-182,SF 14-182,NULL,NULL,L200 4WD,MITSUBISHI,NULL,53-VA-88,"Associação dos Agricultores dos Concelhos de Abrantes, Constância, Sardoal e Mação",Ponte de Sor,NULL,ALENTEJO,39.4235,-8.20971,6260533,Ligada
BSF,VLCI 53-VA-82,VLCI,SF 15-182,BRIG-1-182,NULL,NULL,L200 4WD,MITSUBISHI,NULL,53-VA-82,Comunidade Intermunicipal do Alto Alentejo - BRIG-1-182,Portalegre,NULL,ALENTEJO,39.2974,-7.43016,6260535,Ligada
BSF,VLCI 53-VA-68,VLCI,SF 16-182,BRIG-1-182,NULL,NULL,L200 4WD,MITSUBISHI,NULL,53-VA-68,Comunidade Intermunicipal do Alto Alentejo - BRIG-1-182,Portalegre,NULL,ALENTEJO,39.2974,-7.43016,6260537,Ligada
BSF,VLCI 53-VA-31,VLCI,SF 17-182,BRIG-1-182,NULL,NULL,L200 4WD,MITSUBISHI,NULL,53-VA-31,Comunidade Intermunicipal do Alto Alentejo - BRIG-1-182,Portalegre,NULL,ALENTEJO,39.2974,-7.43016,6260539,Ligada
BSF,VLCI 35-VL-12,VLCI,SF 18-182,BRIG-2-182,NULL,NULL,L200 4WD,MITSUBISHI,NULL,35-VL-12,Comunidade Intermunicipal do Alto Alentejo - BRIG-2-182,Portalegre,NULL,ALENTEJO,39.2974,-7.43016,6260542,Ligada
BSF,VLCI 35-VL-19,VLCI,SF 19-182,BRIG-2-182,NULL,NULL,L200 4WD,MITSUBISHI,NULL,35-VL-19,Comunidade Intermunicipal do Alto Alentejo - BRIG-2-182,Portalegre,NULL,ALENTEJO,39.2974,-7.43016,6260544,Ligada
BSF,VLCI 35-VL-10,VLCI,SF 20-182,BRIG-2-182,NULL,NULL,L200 4WD,MITSUBISHI,NULL,35-VL-10,Comunidade Intermunicipal do Alto Alentejo - BRIG-2-182,Portalegre,NULL,ALENTEJO,39.2974,-7.43016,6260546,Ligada
ESF,VLCI 35-VL-17,VLCI,SF 21-182,SF 21-182,NULL,NULL,L200 4WD,MITSUBISHI,NULL,35-VL-17,APFLOBEV - Associação dos Produtores Florestais da Freguesia de Belver,Gavião,NULL,ALENTEJO,39.4633,-7.92107,6260548,Ligada
ESF,VLCI AS-24-OG,VLCI,SF 01-183,SF 01-183 ,NULL,NULL,"HILUX AN1P(EU,N)",TOYOTA,NULL,AS-24-OG,Município de Estremoz,Estremoz,NULL,ALENTEJO,38.8429,-7.58521,NULL,Ligada
ESF,VLCI AT-35-SZ,VLCI,SF 02-183,SF 02-183 ,NULL,NULL,"AN1P(EU,N)",Toyota,NULL,AT-35-SZ,Município de Portel,Portel,NULL,ALENTEJO,38.31,-7.7032,NULL,Ligada
ESF,VLCI AS-10-OG,VLCI,SF 03-183,SF 03-183,NULL,NULL,HILUX,TOYOTA,NULL,AS-10-OG,Município de Borba,Borba,NULL,ALENTEJO,38.78,-7.48711,NULL,Ligada
ESF,VLCI AS-09-OG,VLCI,SF 01-184,SF 01-184 ,NULL,NULL,"HILUX AN1P(EU,N)",TOYOTA,NULL,AS-09-OG,Município de Ourique,Ourique,NULL,ALENTEJO,37.6524,-8.22609,NULL,Ligada
ESF,VLCI 48-JD-65,VLCI,SF 02-184,SF 02-184,NULL,NULL,HILUX 4X4 CD CM,TOYOTA,NULL,48-JD-65,Município de Almodôvar,Almodôvar,NULL,ALENTEJO,37.5142,-8.06461,NULL,Ligada
ESF,VLCI 13-JA-38,VLCI,SF 03-184,SF 03-184,NULL,NULL,HILUX 4X4 CD CM,TOYOTA,NULL,13-JA-38,Município de Barrancos,Barrancos,NULL,ALENTEJO,38.1293,-6.97577,NULL,Ligada
ESF,VLCI AS-16-OG,VLCI,SF 04-184,SF 04-184,NULL,NULL,"HILUX AN1P(EU,N)",TOYOTA,NULL,AS-16-OG,Município de Moura,Moura,NULL,ALENTEJO,38.1428,-7.45142,NULL,Ligada
ESF,VLCI AZ-80-OQ,VLCI,SF 05-184,SF 05-184,NULL,NULL,"AN1P(EU, N)",TOYOTA HILUX,NULL,AZ-80-OQ,Município de Vidigueira,Vidigueira,NULL,ALENTEJO,38.1178,-7.64723,NULL,Ligada
ESF,VLCI 81-PC-09,VLCI,SF 01-185,SF 01-185 ,NULL,NULL,HILUX 4X4 CD CM,TOYOTA,NULL,81-PC-09,Associação de Produtores Florestais do Concelho de Coruche e Limítrofes,Coruche,NULL,LVT,38.9594,-8.5224,1260577,Ligada
ESF,VLCI 81-PC-91,VLCI,SF 02-185,SF 02-185 ,NULL,NULL,HILUX 4X4 CD CM,TOYOTA,NULL,81-PC-91,ACHAR - Associação dos Agricultores da Charneca,Chamusca,NULL,LVT,39.3573,-8.48289,1260578,Ligada
ESF,VLCI 80-PC-92,VLCI,SF 03-185,SF 03-185 ,NULL,NULL,HILUX 4X4 CD CM,TOYOTA,NULL,80-PC-92,"Freguesia de Alcobertas, em representação da Assembleia de Compartes da Freguesia de Alcobertas ",Rio Maior,NULL,LVT,39.4186,-8.90746,1260579,Ligada
ESF,VLCI AZ-73-OQ,VLCI,SF 04-185,SF 04-185 ,NULL,NULL,"HILUX AN1P(EU,N)",TOYOTA,NULL,AZ-73-OQ,"Assembleia de Compartes dos Baldios de Valverde, Pé da Pedreira, Barreirinhas e Murteira",Santarém,NULL,LVT,39.4513,-8.83011,NULL,Ligada
ESF,VLCI 20-LF-75,VLCI,SF 05-185 ,SF 05-185 ,NULL,NULL,HILUX 4X4 CD CM,TOYOTA,NULL,20-LF-75,Município de Azambuja,Azambuja,NULL,LVT,39.0674,-8.87407,NULL,Ligada
BSF,VLCI 53-VA-17,VLCI,SF 06-185,BRIG-1-185,NULL,NULL,L200 4WD,MITSUBISHI,NULL,53-VA-17,Comunidade Intermunicipal da Lezíria do Tejo - BRIG-1-185,Santarém,NULL,LVT,39.2171,-8.70114,1260524,Ligada
BSF,VLCI 53-VA-33,VLCI,SF 07-185,BRIG-1-185,NULL,NULL,L200 4WD,MITSUBISHI,NULL,53-VA-33,Comunidade Intermunicipal da Lezíria do Tejo - BRIG-1-185,Santarém,NULL,LVT,39.2171,-8.70114,1260526,Ligada
BSF,VLCI 53-VA-22,VLCI,SF 08-185,BRIG-1-185,NULL,NULL,L200 4WD,MITSUBISHI,NULL,53-VA-22,Comunidade Intermunicipal da Lezíria do Tejo - BRIG-1-185,Santarém,NULL,LVT,39.2171,-8.70114,1260528,Ligada
ESF,VLCI 81-PC-11,VLCI,SF 01-16A,SF 01-16A ,NULL,NULL,HILUX 4X4 CD CM,TOYOTA,NULL,81-PC-11,PINUS VERDE - Associação de Desenvolvimento Integrado da Floresta,Fundão,NULL,CENTRO,40.1377,-7.5007,5260774,Ligada
ESF,VLCI 67-TX-32,VLCI,SF 05-16A,SF 05-16A ,NULL,NULL,HILUX 4X4 CD CM,TOYOTA,NULL,67-TX-32,Conselho Directivo dos Baldios da Freguesia de Cortes do Meio,Covilhã,NULL,CENTRO,40.257,-7.57718,NULL,Ligada
ESF,VLCI 67-TX-15,VLCI,SF 07-16A,SF 07-16A ,NULL,NULL,HILUX 4X4 CD CM,TOYOTA,NULL,67-TX-15,PINUS VERDE - Associação de Desenvolvimento Integrado da Floresta,Fundão,NULL,CENTRO,40.0764,-7.71362,NULL,Ligada
ESF,VLCI 53-VA-21,VLCI,SF 09-16A,SF 09-16A ,NULL,NULL,L200 4WD,MITSUBISHI,NULL,53-VA-21,"QUEIRÓ - Associação para a Floresta, Caça e Pesca",Covilhã,NULL,CENTRO,40.2553,-7.58036,5260598,Ligada
ESF,VLCI 57-XI-24,VLCI,SF 10-16A,SF 10-16A ,NULL,NULL,L200 4WD,MITSUBISHI,NULL,57-XI-24,Conselho Directivo dos Baldios de Erada,Covilhã,NULL,CENTRO,40.2259,-7.64811,5260605,Ligada
ESF,VLCI 13-ST-54,VLCI,SF 11-16A,SF 11-16A,NULL,NULL,HILUX 4X4 CD CM,TOYOTA,NULL,13-ST-54,PINUS VERDE - Associação de Desenvolvimento Integrado da Floresta,Fundão,NULL,CENTRO,40.0764,-7.71362,NULL,Ligada
ESF,VLCI 13-ST-59,VLCI,SF 12-16A,SF 12-16A,NULL,NULL,HILUX 4X4 CD CM,TOYOTA,NULL,13-ST-59,Assembleia de Compartes da Povoação da Atalaia da Freguesia do Teixoso,Covilhã,NULL,CENTRO,40.3074,-7.45979,NULL,Ligada
ESF,VLCI 53-VA-64,VLCI,SF 13-16A,SF 13-16A,NULL,NULL,L200 4WD,MITSUBISHI,NULL,53-VA-64,"QUEIRÓ - Associação para a Floresta, Caça e Pesca",Covilhã,NULL,CENTRO,40.2553,-7.58036,5260614,Ligada
ESF,VLCI 53-VA-43,VLCI,SF 14-16A,SF 14-16A,NULL,NULL,L200 4WD,MITSUBISHI,NULL,53-VA-43,Serras e Povoados - Associação,Belmonte,NULL,CENTRO,40.3074,-7.45979,5260618,Ligada
ESF,VLCI 57-XI-34,VLCI,SF 02-16B,SF 02-16B ,NULL,NULL,L200 4WD,MITSUBISHI,NULL,57-XI-34,APFCAN - Associação de Produtores Florestais dos Concelhos de Alcobaça e Nazaré,Alcobaça,NULL,LVT,39.665,-8.98842,6260552,Ligada
ESF,VLCI AT-08-UT,VLCI,SF 03-16B,SF 03-16B ,NULL,NULL,Hilux,Toyota,NULL,AT-08-UT,APAS Floresta - Associação de Produtores Florestais,Cadaval,NULL,LVT,39.1962,-9.09864,NULL,Ligada
ESF,VLCI 02-IT-32,VLCI,SF 06-16B,SF 06-16B,NULL,NULL,L200 4WD,MITSUBISHI,NULL,02-IT-32,Município de Peniche,Peniche,NULL,LVT,39.3566,-9.37875,NULL,Ligada
ESF,VLCI AZ-82-OQ,VLCI,SF 07-16B,SF 07-16B,NULL,NULL,Toyota Hilux,Toyota,NULL,AZ-82-OQ,Município de Torres Vedras,Torres Vedras,NULL,LVT,39.0918,-9.25682,NULL,Ligada
BSF,VLCI 18-VI-35,VLCI,SF 08-16B,BRIG-1-16B,NULL,NULL,L200 4WD,MITSUBISHI,NULL,18-VI-35,Comunidade Intermunicipal do Oeste - BRIG-1-16B,Caldas da Rainha,NULL,LVT,39.4113,-9.1358,6260561,Ligada
BSF,VLCI 18-VI-45,VLCI,SF 09-16B,BRIG-1-16B,NULL,NULL,L200 4WD,MITSUBISHI,NULL,18-VI-45,Comunidade Intermunicipal do Oeste - BRIG-1-16B,Caldas da Rainha,NULL,LVT,39.4113,-9.1358,6260563,Ligada
ESF,VLCI 80-PC-96,VLCI,SF 01-16C,SF 01-16C,NULL,NULL,HILUX 4X4 CD CM,TOYOTA,NULL,80-PC-96,"Associação dos Agricultores dos Concelhos de Abrantes, Constância, Sardoal e Mação",Abrantes,NULL,LVT,39.4235,-8.20971,1260580,Ligada
ESF,VLCI 53-VA-84,VLCI,SF 03-16C,SF 03-16C ,NULL,NULL,L200 4WD,MITSUBISHI,NULL,53-VA-84,"Associação dos Agricultores dos Concelhos de Abrantes, Constância, Sardoal e Mação",Abrantes,NULL,LVT,39.4235,-8.20971,1260533,Ligada
ESF,VLCI 53-VA-66,VLCI,SF 04-16C,SF 04-16C ,NULL,NULL,L200 4WD,MITSUBISHI,NULL,53-VA-66,"Associação dos Agricultores dos Concelhos de Abrantes, Constância, Sardoal e Mação",Abrantes,NULL,LVT,39.4235,-8.20971,1260537,Ligada
ESF,VLCI 53-VA-97,VLCI,SF 05-16C,SF 05-16C ,NULL,NULL,L200 4WD,MITSUBISHI,NULL,53-VA-97,ADSAICA - Associação de Desenvolvimento das Serras de Aire e Candeeiros,Alcanena,NULL,LVT,39.646,-8.61978,6260554,Ligada
ESF,VLCI 57-XI-29,VLCI,SF 07-16C,SF 07-16C ,NULL,NULL,L200 4WD,MITSUBISHI,NULL,57-XI-29,FLORZÊZERE - Associação de Desenvolvimento Florestal do Concelho de Ferreira do Zêzere,Ferreira do Zêzere,NULL,LVT,39.7704,-8.26895,1260540,Ligada
ESF,VLCI AS-05-OG,VLCI,SF 08-16C,SF 08-16C ,NULL,NULL,AN1P GUN125L-DNFSXW,Toyota Hilux,NULL,AS-05-OG,FLORZÊZERE - Associação de Desenvolvimento Florestal do Concelho de Ferreira do Zêzere,Ferreira do Zêzere,NULL,LVT,39.7704,-8.26895,NULL,Ligada
ESF,VLCI AU-44-TG,VLCI,SF 09-16C,SF 09-16C ,NULL,NULL,"HILUX AN1P(EU,N)",TOYOTA,NULL,AU-44-TG,Município de Constância,Constância,NULL,LVT,39.4757,-8.33945,NULL,Ligada
ESF,VLCI 98-JN-38,VLCI,SF 11-16C,SF 11-16C,NULL,NULL,Defender 130 2.5 TD5,LAND ROVER,NULL,98-JN-38,Município de Alcanena,Alcanena,NULL,LVT,39.4587,-8.66999,NULL,Ligada
ESF,VLCI 96-FC-88,VLCI,SF 12-16C,SF 12-16C,NULL,NULL,KB4TNJNBZL6 - L200,MITSUBISHI L200,NULL,96-FC-88,Município de Sardoal,Sardoal,NULL,LVT,39.5351,-8.1613,NULL,Ligada
ESF,VLCI 38-XF-65,VLCI,SF 14-16C,SF 14-16C ,NULL,NULL,L200 4WD,MITSUBISHI,NULL,38-XF-65,AFLOMAÇÃO - Associação Florestal do Concelho de Mação,Mação,NULL,LVT,39.5539,-7.99799,NULL,Ligada
ESF,VLCI 57-XI-23,VLCI,SF 15-16C,SF 15-16C,NULL,NULL,L200 4WD,MITSUBISHI,NULL,57-XI-23,AFLOMAÇÃO - Associação Florestal do Concelho de Mação,Mação,NULL,LVT,39.5539,-7.99799,1260550,Ligada
ESF,VLCI 13-ST-52,VLCI,SF 16-16C,SF 16-16C,NULL,NULL,HILUX 4X4 CD CM,TOYOTA,NULL,13-ST-52,AFLOMAÇÃO - Associação Florestal do Concelho de Mação,Mação,NULL,LVT,39.5539,-7.99799,1260760,Ligada
ESF,VLCI 53-VA-36,VLCI,SF 19-16C,SF 19-16C,NULL,NULL,L200 4WD,MITSUBISHI,NULL,53-VA-36,"Associação dos Agricultores dos Concelhos de Abrantes, Constância, Sardoal e Mação",Vila Nova da Barquinha,NULL,LVT,39.4235,-8.20971,1260553,Ligada
BSF,VLCI 53-VA-71,VLCI,SF 20-16C,BRIG-1-16C,NULL,NULL,L200 4WD,MITSUBISHI,NULL,53-VA-71,Comunidade Intermunicipal Médio Tejo - BRIG-1-16C,Tomar,NULL,LVT,39.6001,-8.41385,1260555,Ligada
BSF,VLCI 53-VA-52,VLCI,SF 21-16C,BRIG-1-16C,NULL,NULL,L200 4WD,MITSUBISHI,NULL,53-VA-52,Comunidade Intermunicipal Médio Tejo - BRIG-1-16C,Tomar,NULL,LVT,39.6001,-8.41385,1260557,Ligada
BSF,VLCI 53-VA-20,VLCI,SF 22-16C,BRIG-1-16C,NULL,NULL,L200 4WD,MITSUBISHI,NULL,53-VA-20,Comunidade Intermunicipal Médio Tejo - BRIG-1-16C,Tomar,NULL,LVT,39.6001,-8.41385,1260559,Ligada
ESF,VLCI 53-VA-77,VLCI,SF 23-16C,SF 23-16C,NULL,NULL,L200 4WD,MITSUBISHI,NULL,53-VA-77,Freguesia de Urqueira,Ourém,NULL,LVT,39.7303,-8.59688,1260562,Ligada
ESF,VLCI 53-VA-40,VLCI,SF 24-16C,SF 24-16C,NULL,NULL,L200 4WD,MITSUBISHI,NULL,53-VA-40,"Associação dos Agricultores dos Concelhos de Abrantes, Constância, Sardoal e Mação",Abrantes,NULL,LVT,39.4235,-8.20971,1260564,Ligada
BSF,VLCI 35-VL-20,VLCI,SF 25-16C,BRIG-2-16C,NULL,NULL,L200 4WD,MITSUBISHI,NULL,35-VL-20,Comunidade Intermunicipal do Médio Tejo - BRIG-2-16C,Tomar,NULL,LVT,39.6001,-8.41385,1260566,Ligada
BSF,VLCI 35-VL-21,VLCI,SF 26-16C,BRIG-2-16C,NULL,NULL,L200 4WD,MITSUBISHI,NULL,35-VL-21,Comunidade Intermunicipal do Médio Tejo - BRIG-2-16C,Tomar,NULL,LVT,39.6001,-8.41385,1260568,Ligada
BSF,VLCI 35-VL-24,VLCI,SF 27-16C,BRIG-2-16C,NULL,NULL,L200 4WD,MITSUBISHI,NULL,35-VL-24,Comunidade Intermunicipal do Médio Tejo - BRIG-2-16C,Tomar,NULL,LVT,39.6001,-8.41385,1260570,Ligada
ESF,VLCI 53-VA-35,VLCI,SF 28-16C,SF 28-16C,NULL,NULL,L200 4WD,MITSUBISHI,NULL,53-VA-35,FLORZÊZERE - Associação de Desenvolvimento Florestal do Concelho de Ferreira do Zêzere,Ferreira do Zêzere,NULL,LVT,39.7704,-8.26895,1260572,Ligada
ESF,VLCI 53-VA-14,VLCI,SF 29-16C,SF 29-16C,NULL,NULL,L200 4WD,MITSUBISHI,NULL,53-VA-14,"Associação dos Agricultores dos Concelhos de Abrantes, Constância, Sardoal e Mação",Sardoal,NULL,LVT,39.4235,-8.20971,1260574,Ligada
ESF,VLCI 16-XO-48,VLCI,SF 07-181,SF 07-181,NULL,NULL,L200 4WD,MITSUBISHI,NULL,16-XO-48,AMFALA - Associação de Manutenção Florestal dos Amigos do Litoral Alentejano,Sines,NULL,ALENTEJO,37.964621,-8.867615,NULL,Ligada
ESF,VLCI 91-XJ-11,VLCI,SF 09-181,SF 09-181,NULL,NULL,L200 4WD,MITSUBISHI,NULL,91-XJ-11,APIFLORA - Associação Agro-Florestal,Odemira,NULL,ALENTEJO,39.247923,-8.008585,NULL,Ligada
FSBF,MR M04,MR,NULL,NULL,M04,Máquina de Rastos D65EX,KOMATSU,D 65 EX-18E0,91896,NULL,NULL,NULL,NULL,NACIONAL,NULL,NULL,NULL,Ligada
ESF,VLCI 16-XO-52,VLCI,SF 10-112,SF 10-112,NULL,NULL,L200 4WD,MITSUBISHI,NULL,16-XO-52,Associação Florestal do Cávado,Braga,NULL,NORTE,41.537683,-8.400096,4260644,Ligada
FSBF,MR M01,MR,NULL,NULL,M01,Máquina de Rastos D65EX,KOMATSU,D 65 EX-18E0,92295,NULL,NULL,NULL,NULL,NACIONAL,NULL,NULL,NULL,Ligada
FSBF,MR M03,MR,NULL,NULL,M03,Máquina de Rastos D65EX,KOMATSU,D 65 EX-18E0,92379,NULL,NULL,NULL,NULL,NACIONAL,NULL,NULL,NULL,Ligada
FSBF,MR M10,MR,NULL,NULL,M10,Máquina de Rastos D65EX,KOMATSU,D 65 EX-18E0,92399,NULL,NULL,NULL,NULL,NACIONAL,NULL,NULL,NULL,Ligada
BSF,VLCI 38-XF-88,VLCI,SF 50-118,BRIG-2-118,NULL,NULL,L200 4WD,MITSUBISHI,NULL,38-XF-88,Comunidade Intermunicipal do Alto Tâmega - BRIG-2-118,Chaves,NULL,NORTE,41.743268,-7.471331,NULL,Ligada
BSF,VLCI 38-XF-91,VLCI,SF 51-118,BRIG-2-118,NULL,NULL,L200 4WD,MITSUBISHI,NULL,38-XF-91,Comunidade Intermunicipal do Alto Tâmega - BRIG-2-118,Chaves,NULL,NORTE,41.743268,-7.471331,NULL,Ligada
BSF,VLCI 57-XI-33,VLCI,SF 52-118,BRIG-2-118,NULL,NULL,L200 4WD,MITSUBISHI,NULL,57-XI-33,Comunidade Intermunicipal do Alto Tâmega - BRIG-2-118,Chaves,NULL,NORTE,41.743268,-7.471331,NULL,Ligada
FSBF,MR M02,MR,NULL,NULL,M02,Máquina de Rastos D65EX,KOMATSU,D 65 EX-18E0,92400,NULL,NULL,NULL,NULL,NACIONAL,NULL,NULL,NULL,Ligada
FSBF,MR M08,MR,NULL,NULL,M08,Máquina de Rastos D65EX,KOMATSU,D 65 EX-18E0,92403,NULL,NULL,NULL,NULL,NACIONAL,NULL,NULL,NULL,Ligada
CNAF,VLCI 09-FH-61,VLCI,CNAF 15,CNAF 15,NULL,NULL,L200 4WD,MITSUBISHI,NULL,09-FH-61,ICNF - Norte,NULL,NULL,NORTE,NULL,NULL,NULL,Ligada
CNAF,VLCI 16-XO-25,VLCI,CNAF 49,CNAF 49,NULL,NULL,L200 4WD,MITSUBISHI,NULL,16-XO-25,ICNF - Alentejo,NULL,NULL,ALENTEJO,NULL,NULL,6261149,Ligada
CNAF,VLCI 16-XO-28,VLCI,CNAF 48,CNAF 48,NULL,NULL,L200 4WD,MITSUBISHI,NULL,16-XO-28,ICNF - Lisboa e Vale do Tejo,NULL,NULL,LVT,NULL,NULL,NULL,Ligada
CNAF,VLCI 16-XO-30,VLCI,CNAF 47,CNAF 47,NULL,NULL,L200 4WD,MITSUBISHI,NULL,16-XO-30,ICNF - Lisboa e Vale do Tejo,NULL,NULL,LVT,NULL,NULL,NULL,Ligada
CNAF,VLCI 16-XO-37,VLCI,CNAF 52,CNAF 52,NULL,NULL,L200 4WD,MITSUBISHI,NULL,16-XO-37,ICNF - Alentejo,NULL,NULL,ALENTEJO,NULL,NULL,NULL,Ligada
CNAF,VLCI 16-XO-43,VLCI,CNAF 56,CNAF 56,NULL,NULL,L200 4WD,MITSUBISHI,NULL,16-XO-43,ICNF - Algarve,NULL,NULL,ALGARVE,NULL,NULL,NULL,Ligada
CNAF,VLCI 16-XO-44,VLCI,CNAF 57,CNAF 57,NULL,NULL,L200 4WD,MITSUBISHI,NULL,16-XO-44,ICNF - Algarve,NULL,NULL,ALGARVE,NULL,NULL,NULL,Ligada
CNAF,VLCI 16-XO-68,VLCI,CNAF 53 ,CNAF 53 ,NULL,NULL,L200 4WD,MITSUBISHI,NULL,16-XO-68,ICNF - Alentejo,NULL,NULL,ALENTEJO,NULL,NULL,2261025,Ligada
CNAF,VLCI 16-XO-72,VLCI,CNAF 54,CNAF 54,NULL,NULL,L200 4WD,MITSUBISHI,NULL,16-XO-72,ICNF - Centro,NULL,NULL,CENTRO,NULL,NULL,NULL,Ligada
CNAF,VLCI 17-TX-26,VLCI,CNAF 30,CNAF 30,NULL,NULL,HILUX 4X4 CD CM,TOYOTA,NULL,17-TX-26,ICNF - Norte,NULL,NULL,NORTE,NULL,NULL,4265028,Ligada
CNAF,VLCI 17-TX-27,VLCI,CNAF 35,CNAF 35,NULL,NULL,HILUX 4X4 CD CM,TOYOTA,NULL,17-TX-27,ICNF - Norte,NULL,NULL,NORTE,NULL,NULL,NULL,Ligada
CNAF,VLCI 17-TX-28,VLCI,CNAF 37,CNAF 37,NULL,NULL,HILUX 4X4 CD CM,TOYOTA,NULL,17-TX-28,ICNF - Centro,NULL,NULL,CENTRO,NULL,NULL,NULL,Ligada
CNAF,VLCI 17-TX-29,VLCI,CNAF 29,CNAF 29,NULL,NULL,HILUX 4X4 CD CM,TOYOTA,NULL,17-TX-29,ICNF - Norte,NULL,NULL,NORTE,NULL,NULL,4265027,Ligada
CNAF,VLCI 17-TX-32,VLCI,CNAF 32,CNAF 32,NULL,NULL,HILUX 4X4 CD CM,TOYOTA,NULL,17-TX-32,ICNF - Norte,NULL,NULL,NORTE,NULL,NULL,4265030,Ligada
CNAF,VLCI 17-TX-33,VLCI,CNAF 31,CNAF 31,NULL,NULL,HILUX 4X4 CD CM,TOYOTA,NULL,17-TX-33,ICNF - Norte,NULL,NULL,NORTE,NULL,NULL,4265029,Ligada
CNAF,VLCI 17-TX-34,VLCI,CNAF 28,CNAF 28,NULL,NULL,HILUX 4X4 CD CM,TOYOTA,NULL,17-TX-34,ICNF - Norte,NULL,NULL,NORTE,NULL,NULL,4265026,Ligada
CNAF,VLCI 17-TX-35,VLCI,CNAF 34,CNAF 34,NULL,NULL,HILUX 4X4 CD CM,TOYOTA,NULL,17-TX-35,ICNF - Norte,NULL,NULL,NORTE,NULL,NULL,NULL,Ligada
CNAF,VLCI 17-TX-36,VLCI,CNAF 27,CNAF 27,NULL,NULL,HILUX 4X4 CD CM,TOYOTA,NULL,17-TX-36,ICNF - Norte,NULL,NULL,NORTE,NULL,NULL,NULL,Ligada
CNAF,VLCI 17-TX-39,VLCI,CNAF 36,CNAF 36,NULL,NULL,HILUX 4X4 CD CM,TOYOTA,NULL,17-TX-39,ICNF - Centro,NULL,NULL,CENTRO,NULL,NULL,NULL,Ligada
CNAF,VLCI 18-VI-19,VLCI,CNAF 18,CNAF 18,NULL,NULL,L200 4WD,MITSUBISHI,NULL,18-VI-19,ICNF - Norte,NULL,NULL,NORTE,NULL,NULL,3260651,Ligada
CNAF,VLCI 18-VI-20,VLCI,CNAF 06,CNAF 06,NULL,NULL,L200 4WD,MITSUBISHI,NULL,18-VI-20,ICNF - Centro,NULL,NULL,CENTRO,NULL,NULL,5265036,Ligada
CNAF,VLCI 18-VI-22,VLCI,CNAF 14,CNAF 14,NULL,NULL,L200 4WD,MITSUBISHI,NULL,18-VI-22,ICNF - Norte,NULL,NULL,NORTE,NULL,NULL,3260652,Ligada
CNAF,VLCI 18-VI-23,VLCI,CNAF 22,CNAF 22,NULL,NULL,L200 4WD,MITSUBISHI,NULL,18-VI-23,ICNF - Norte,NULL,NULL,NORTE,NULL,NULL,326081,Ligada
CNAF,VLCI 18-VI-27,VLCI,CNAF 05,CNAF 05,NULL,NULL,L200 4WD,MITSUBISHI,NULL,18-VI-27,ICNF - Centro,NULL,NULL,CENTRO,NULL,NULL,5265028,Ligada
CNAF,VLCI 18-VI-31,VLCI,CNAF 01,CNAF 01,NULL,NULL,L200 4WD,MITSUBISHI,NULL,18-VI-31,ICNF - Centro,NULL,NULL,CENTRO,NULL,NULL,5265027,Ligada
CNAF,VLCI 18-VI-33,VLCI,CNAF 40,CNAF 40,NULL,NULL,L200 4WD,MITSUBISHI,NULL,18-VI-33,ICNF - Algarve,NULL,NULL,ALGARVE,NULL,NULL,NULL,Ligada
CNAF,VLCI 18-VI-37,VLCI,CNAF 39,CNAF 39,NULL,NULL,L200 4WD,MITSUBISHI,NULL,18-VI-37,ICNF - Alentejo,NULL,NULL,ALENTEJO,NULL,NULL,NULL,Ligada
CNAF,VLCI 18-VI-39,VLCI,CNAF 18A,CNAF 18A,NULL,NULL,L200 4WD,MITSUBISHI,NULL,18-VI-39,ICNF - Norte,NULL,NULL,NORTE,NULL,NULL,3260650,Ligada
CNAF,VLCI 18-VI-40,VLCI,CNAF 14A,CNAF 14A,NULL,NULL,L200 4WD,MITSUBISHI,NULL,18-VI-40,ICNF - Norte,NULL,NULL,NORTE,NULL,NULL,3260648,Ligada
CNAF,VLCI 18-VI-43,VLCI,CNAF 33,CNAF 33,NULL,NULL,L200 4WD,MITSUBISHI,NULL,18-VI-43,ICNF - Norte,NULL,NULL,NORTE,NULL,NULL,NULL,Ligada
CNAF,VLCI 18-VI-44,VLCI,CNAF 12,CNAF 12,NULL,NULL,L200 4WD,MITSUBISHI,NULL,18-VI-44,ICNF - Lisboa e Vale do Tejo,NULL,NULL,LVT,NULL,NULL,6260608,Ligada
CNAF,VLCI 32-11-OP,VLCI,CNAF 17,CNAF 17,NULL,NULL,Defender 130 2.5 TD5,LAND ROVER,NULL,32-11-OP,ICNF - Norte,NULL,NULL,NORTE,NULL,NULL,NULL,Ligada
CNAF,VLCI 37-14-XA,VLCI,CNAF 43,CNAF 43,NULL,NULL,Defender 130 2.5 TD5,LAND ROVER,NULL,37-14-XA,ICNF - Norte,NULL,NULL,NORTE,NULL,NULL,NULL,Ligada
CNAF,VLCI 41-FH-34,VLCI,CNAF 19,CNAF 19,NULL,NULL,L200 4WD,MITSUBISHI,NULL,41-FH-34,ICNF - Norte,NULL,NULL,NORTE,NULL,NULL,NULL,Ligada
CNAF,VLCI 41-FH-35,VLCI,CNAF 07,CNAF 07,NULL,NULL,L200 4WD,MITSUBISHI,NULL,41-FH-35,ICNF - Centro,NULL,NULL,CENTRO,NULL,NULL,NULL,Ligada
CNAF,VLCI 41-FH-36,VLCI,CNAF 08,CNAF 08,NULL,NULL,L200 4WD,MITSUBISHI,NULL,41-FH-36,ICNF - Centro,NULL,NULL,CENTRO,NULL,NULL,NULL,Ligada
CNAF,VLCI 41-FH-37,VLCI,CNAF 11,CNAF 11,NULL,NULL,L200 4WD,MITSUBISHI,NULL,41-FH-37,ICNF - Centro,NULL,NULL,CENTRO,NULL,NULL,NULL,Ligada
CNAF,VLCI 41-FH-53,VLCI,CNAF 51,CNAF 51,NULL,NULL,L200 4WD,MITSUBISHI,NULL,41-FH-53,ICNF - Norte,NULL,NULL,NORTE,NULL,NULL,NULL,Ligada
CNAF,VLCI 42-DA-17,VLCI,CNAF 16,CNAF 16,NULL,NULL,L200 4WD,MITSUBISHI,NULL,42-DA-17,ICNF - Norte,NULL,NULL,NORTE,NULL,NULL,NULL,Ligada
CNAF,VLCI 43-61-RU,VLCI,CNAF 42,CNAF 42,NULL,NULL,Defender 130 2.5 TD5,LAND ROVER,NULL,43-61-RU,ICNF - Norte,NULL,NULL,NORTE,NULL,NULL,NULL,Ligada
CNAF,VLCI 64-TE-38,VLCI,CNAF 23,CNAF 23,NULL,NULL,HILUX 4X4 CD CM,TOYOTA,NULL,64-TE-38,ICNF - Norte,NULL,NULL,NORTE,NULL,NULL,NULL,Ligada
CNAF,VLCI 64-TE-39,VLCI,CNAF 24,CNAF 24,NULL,NULL,HILUX 4X4 CD CM,TOYOTA,NULL,64-TE-39,ICNF - Norte,NULL,NULL,NORTE,NULL,NULL,5260799,Ligada
CNAF,VLCI 64-TE-40,VLCI,CNAF 25,CNAF 25,NULL,NULL,HILUX 4X4 CD CM,TOYOTA,NULL,64-TE-40,ICNF - Norte,NULL,NULL,NORTE,NULL,NULL,2260522,Ligada
CNAF,VLCI 64-TE-41,VLCI,CNAF 26,CNAF 26,NULL,NULL,HILUX 4X4 CD CM,TOYOTA,NULL,64-TE-41,ICNF - Norte,NULL,NULL,NORTE,NULL,NULL,NULL,Ligada
CNAF,VLCI 81-AO-85,VLCI,CNAF 55,CNAF 55,NULL,NULL,L200 4WD,MITSUBISHI,NULL,81-AO-85,ICNF - Alentejo,NULL,NULL,ALENTEJO,NULL,NULL,NULL,Ligada
CNAF,VLCI 84-11-ZH,VLCI,CNAF 41,CNAF 41,NULL,NULL,Defender 130 2.5 TD5,LAND ROVER,NULL,84-11-ZH,ICNF - Norte,NULL,NULL,NORTE,NULL,NULL,NULL,Ligada
CNAF,VLCI 90-XJ-97,VLCI,CNAF 46,CNAF 46,NULL,NULL,L200 4WD,MITSUBISHI,NULL,90-XJ-97,ICNF - Lisboa e Vale do Tejo,NULL,NULL,LVT,NULL,NULL,NULL,Ligada
CNAF,VLCI 91-XJ-15,VLCI,CNAF 45,CNAF 45,NULL,NULL,L200 4WD,MITSUBISHI,NULL,91-XJ-15,ICNF - Lisboa e Vale do Tejo,NULL,NULL,LVT,NULL,NULL,1260732,Ligada
CNAF,VLCI 91-XJ-25,VLCI,CNAF 38,CNAF 38,NULL,NULL,L200 4WD,MITSUBISHI,NULL,91-XJ-25,ICNF - Lisboa e Vale do Tejo,NULL,NULL,LVT,NULL,NULL,NULL,Ligada
CNAF,VLCI 93-AG-06,VLCI,CNAF 50,CNAF 50,NULL,NULL,L200 4WD,MITSUBISHI,NULL,93-AG-06,ICNF - Norte,NULL,NULL,NORTE,NULL,NULL,NULL,Ligada
CNAF,VLCI 96-FC-84,VLCI,CNAF 09,CNAF 09,NULL,NULL,L200 4WD,MITSUBISHI,NULL,96-FC-84,ICNF - Centro,NULL,NULL,CENTRO,NULL,NULL,6260607,Ligada
CNAF,VLCI 96-FC-86,VLCI,CNAF 20,CNAF 20,NULL,NULL,L200 4WD,MITSUBISHI,NULL,96-FC-86,ICNF - Norte,NULL,NULL,NORTE,NULL,NULL,NULL,Ligada
CNAF,VLCI 96-FC-91,VLCI,CNAF 03,CNAF 03,NULL,NULL,L200 4WD,MITSUBISHI,NULL,96-FC-91,ICNF - Centro,NULL,NULL,CENTRO,NULL,NULL,NULL,Ligada
CNAF,VLCI 96-FC-92,VLCI,CNAF 13,CNAF 13,NULL,NULL,L200 4WD,MITSUBISHI,NULL,96-FC-92,ICNF - Centro,NULL,NULL,CENTRO,NULL,NULL,NULL,Ligada
CNAF,VLCI 96-FC-93,VLCI,CNAF 10,CNAF 10,NULL,NULL,L200 4WD,MITSUBISHI,NULL,96-FC-93,ICNF - Centro,NULL,NULL,CENTRO,NULL,NULL,5260796,Ligada
CNAF,VLCI 96-FC-94,VLCI,CNAF 21,CNAF 21,NULL,NULL,L200 4WD,MITSUBISHI,NULL,96-FC-94,ICNF - Norte,NULL,NULL,NORTE,NULL,NULL,NULL,Ligada
CNAF,VLCI 96-FC-95,VLCI,CNAF 04,CNAF 04,NULL,NULL,L200 4WD,MITSUBISHI,NULL,96-FC-95,ICNF - Centro,NULL,NULL,CENTRO,NULL,NULL,NULL,Ligada
FSBF,MR M09,MR,NULL,NULL,M09,Máquina de Rastos D65EX,KOMATSU,D 65 EX-18E0,92404,NULL,NULL,NULL,NULL,NACIONAL,NULL,NULL,NULL,Ligada
FSBF,MR M07,MR,NULL,NULL,M07,Máquina de Rastos D65EX,KOMATSU,D 65 EX-18E0,92407,NULL,NULL,NULL,NULL,NACIONAL,NULL,NULL,NULL,Ligada
FSBF,MR M05,MR,NULL,NULL,M05,Máquina de Rastos D65EX,KOMATSU,D 65 EX-18E0,92408,NULL,NULL,NULL,NULL,NACIONAL,NULL,NULL,NULL,Ligada
FSBF,MR M06,MR,NULL,NULL,M06,Máquina de Rastos D65EX,KOMATSU,D 65 EX-18E0,92409,NULL,NULL,NULL,NULL,NACIONAL,NULL,NULL,NULL,Ligada
FSBF,TR TL01,NULL,NULL,NULL,TL01,Trator Rastos New Holland TK4.100,NEW HOLLAND,TK4 100 M,ZKJK00762,762,NULL,NULL,NULL,NACIONAL,NULL,NULL,NULL,Ligada
FSBF,TR TL02,NULL,NULL,NULL,TL02,Trator Rastos New Holland TK4.100,NEW HOLLAND,TK4 100 M,ZKJK00763,763,NULL,NULL,NULL,NACIONAL,NULL,NULL,NULL,Ligada
FSBF,TR TL03,NULL,NULL,NULL,TL03,Trator Rastos New Holland TK4.100,NEW HOLLAND,TK4 100 M,ZKJK00709,709,NULL,NULL,NULL,NACIONAL,NULL,NULL,NULL,Ligada
FSBF,GR GG01,NULL,NULL,NULL,GG01,Máquina Giratória de Rastos Doosan DX235,DOOSAN,DX 235 NLC-5,DHKCEBBVVK0001601,NULL,NULL,NULL,NULL,NACIONAL,NULL,NULL,NULL,Ligada
FSBF,GR GG02,NULL,NULL,NULL,GG02,Máquina Giratória de Rastos Doosan DX235,DOOSAN,DX 235 NLC-5,DHKCEBBVAJ0001484,NULL,NULL,NULL,NULL,NACIONAL,NULL,NULL,NULL,Ligada
FSBF,GR GG03,NULL,NULL,NULL,GG03,Máquina Giratória de Rastos Doosan DX235,DOOSAN,DX 235 NLC-5,DHKCEBBVAK0001602,NULL,NULL,NULL,NULL,NACIONAL,NULL,NULL,NULL,Ligada
FSBF,DR DR01,NULL,NULL,NULL,DR01,Destroçador Frontal de Rastos,PRINOTH,RAPTOR 300,10318413,NULL,NULL,NULL,NULL,NACIONAL,NULL,NULL,NULL,Ligada
ESF,VLCI 91-XJ-03,VLCI,SF 08-181,SF 08-181,NULL,NULL,L200 4WD,MITSUBISHI,NULL,91-XJ-03,APIFLORA - Associação Agro-Florestal,Odemira,NULL,ALENTEJO,"39,247923","-8,008585",NULL,Ligada
ESF,VLCI 00-UN-81,VLCI,SF 07-161,SF 07-161,NULL,NULL,HILUX 4X4 CD CM,TOYOTA,NULL,00-UN-81,Município da Mealhada,Mealhada,NULL,CENTRO,40.379725,-8.451862,NULL,Ligada
ESF,VLCI AB-98-UZ,VLCI,SF 11-16B,SF 11-16B,NULL,NULL,HILUX 4X4 CD CM,TOYOTA,NULL,AB-98-UZ,Município de Torres Vedras,Torres Vedras,NULL,LVT,39.091819,-9.256816,NULL,Ligada
ESF,VLCI 91-XJ-22,VLCI,SF 13-162,SF 13-162,NULL,NULL,L200 4WD,MITSUBISHI,NULL,91-XJ-22,"NÚMERO SENSAÇÃO, LDA",Coimbra,NULL,CENTRO,40.1777,-8.422551,5260679,Ligada
ESF,VLCI 90-XJ-99,VLCI,SF 13-166,SF 13-166,NULL,NULL,L200 4WD,MITSUBISHI,NULL,90-XJ-99,FLORZÊZERE - Associação de Desenvolvimento Florestal do Concelho de Ferreira do Zêzere,Vila de Rei,NULL,LVT,39.770353,-8.268952,5260787,Ligada
ESF,VLCI 91-XJ-13,VLCI,SF 14-113,SF 14-113,NULL,NULL,L200 4WD,MITSUBISHI,NULL,91-XJ-13,APOSC - Associação para o Ordenamento da Serra da Cabreira,Vieira do Minho,NULL,NORTE,41.633924,-8.139378,4260607,Ligada
ESF,VLCI 16-XO-23,VLCI,SF 15-113,SF 15-113,NULL,NULL,L200 4WD,MITSUBISHI,NULL,16-XO-23,ASVA - Associação de Silvicultores do Vale do Ave,Guimarães,NULL,NORTE,41.337842,-8.559472,4260610,Ligada
ESF,VLCI 91-XJ-00,VLCI,SF 15-16A,SF 15-16A,NULL,NULL,L200 4WD,MITSUBISHI,NULL,91-XJ-00,Associação de Agrupamentos de Baldios Estrela Sul,Covilhã,NULL,CENTRO,40.256502,-7.577687,5260622,Ligada
ESF,VLCI 16-XO-46,VLCI,SF 16-16A,SF 16-16A,NULL,NULL,L200 4WD,MITSUBISHI,NULL,16-XO-46,Serras e Povoados - Associação,Fundão,NULL,CENTRO,40.307429,-7.459792,NULL,Ligada
ESF,VLCI AF-11-RC,VLCI,SF 19-150,SF 19-150,NULL,NULL,HILUX 4X4 CD CM,TOYOTA,NULL,AF-11-RC,Município de Loulé,Loulé,NULL,ALGARVE,37.139122,-8.022375,NULL,Ligada
ESF,VLCI 91-XJ-04,VLCI,SF 20-117,SF 20-117,NULL,NULL,L200 4WD,MITSUBISHI,NULL,91-XJ-04,Freguesia de Mouçós e Lamares,Vila Real,NULL,NORTE,41.293404,-7.703644,4260663,Ligada
ESF,VLCI BC-41-QH,VLCI,SF 20-150,SF 20-150,NULL,NULL,Hilux Tracker 2.4 4x4 CD,Toyota,NULL,BC-41-QH,Município de Silves,Silves,NULL,ALGARVE,37.189039,-8.440116,NULL,Ligada
ESF,VLCI 91-XJ-17,VLCI,SF 21-117,SF 21-117,NULL,NULL,L200 4WD,MITSUBISHI,NULL,91-XJ-17,AFLODOUNORTE - Associação Florestal do Vale do Douro Norte,Carrazeda de Ansiães,NULL,NORTE,41.46002,-7.469137,4260664,Ligada
ESF,VLCI 42-DA-15,VLCI,SF 22-117,SF 22-117,NULL,NULL,KB4TNJNBZL6 (L200),MITSUBISHI,NULL,42-DA-15,Município de Vila Flor,Vila Flor,NULL,NORTE,41.308855,-7.153771,NULL,Ligada
ESF,VLCI 16-XO-29,VLCI,SF 39-164,SF 39-164,NULL,NULL,L200 4WD,MITSUBISHI,NULL,16-XO-29,Associação de Produtores Florestais de Pampilhosa da Serra - APFPS,Pampilhosa da Serra,NULL,CENTRO,40.045624,-7.952348,5260712,Ligada
ESF,VLCI 91-XJ-10,VLCI,SF 42-165,SF 42-165,NULL,NULL,L200 4WD,MITSUBISHI,NULL,91-XJ-10,Freguesia do Touro,Vila Nova de Paiva,NULL,CENTRO,40.894519,-7.744499,NULL,Ligada
ESF,VLCI 16-XO-38,VLCI,SF 43-165,SF 43-165,NULL,NULL,L200 4WD,MITSUBISHI,NULL,16-XO-38,CEDRUS - Asociação de Produtores Florestai de Viseu,Viseu,NULL,CENTRO,40.662758,-7.908585,5260766,Ligada
ESF,VLCI 16-XO-41,VLCI,SF 44-165,SF 44-165,NULL,NULL,L200 4WD,MITSUBISHI,NULL,16-XO-41,Associação de Produtores Florestais do Planalto Beirão,Nelas,NULL,CENTRO,40.436945,-8.002095,NULL,Ligada
ESF,VLCI 91-XJ-02,VLCI,SF 45-118,SF 45-118,,NULL,L200 4WD,MITSUBISHI,NULL,91-XJ-02,Comunidade Local dos Baldios de Covas do Barroso,Boticas,NULL,NORTE,41.635456,-7.783215,4260577,Ligada
ESF,VLCI 16-XO-31,VLCI,SF 46-115,SF 46-115,NULL,NULL,L200 4WD,MITSUBISHI,NULL,16-XO-31,Associação Florestal de Entre Douro e Tâmega,Resende,NULL,NORTE,41.176913,-8.145437,3260603,Ligada
ESF,VLCI 91-XJ-06,VLCI,SF 46-118,SF 46-118,NULL,NULL,L200 4WD,MITSUBISHI,NULL,91-XJ-06,Freguesia de Algoso Campo de Víboras e Uva,Vimioso,NULL,NORTE,41.470412,-6.575553,3260634,Ligada
ESF,VLCI 16-XO-47,VLCI,SF 47-118,SF 47-118,NULL,NULL,L200 4WD,MITSUBISHI,NULL,16-XO-47,Freguesia de Venda Nova e Pondras,Montalegre,NULL,NORTE,41.680737,-7.94663,NULL,Ligada
ESF,VLCI 91-XJ-16,VLCI,SF 48-118,SF 48-118,NULL,NULL,L200 4WD,MITSUBISHI,NULL,91-XJ-16,AGBATA - Associação do Agrupamento dos Baldios de Terras de Aguiar,Vila Pouca de Aguiar,NULL,NORTE,41.496572,-7.643447,4260581,Ligada
ESF,VLCI 16-XO-40,VLCI,SF 49-118,SF 49-118,NULL,NULL,L200 4WD,MITSUBISHI,NULL,16-XO-40,APATA - Associação de Produtores Agrícolas Tradicionais e Ambientais,Mogadouro,NULL,NORTE,41.345388,-6.705556,3260635,Ligada
ESF,VLCI 97-OF-92,VLCI,SF 53-118,SF 53-118,NULL,NULL,L200 4WD,MITSUBISHI,NULL,97-OF-92,APATA - Associação de Produtores Agrícolas Tradicionais e Ambientais,Macedo de Cavaleiros,NULL,NORTE,41.345388,-6.705556,NULL,Ligada
ESF,VLCI AV-50-LM,VLCI,SF 54-118,SF 54-118,NULL,NULL,L2000 4WD DC Invite,MITSUBISHI,NULL,AV-50-LM,APATA - Associação de Produtores Agrícolas Tradicionais e Ambientais,Vimioso,NULL,NORTE,41.345388,-6.705556,NULL,Ligada
ESF,VLCI 97-MP-97,VLCI,SF 55-118,SF 55-118,NULL,NULL,L200,MITSUBISHI,NULL,97-MP-97,Junta de Freguesia de Mirandela,Mirandela,NULL,NORTE,41.458859,-7.185982,NULL,Ligada
ESF,VLCI BC-11-AN,VLCI,SF 56-118,SF 56-118,NULL,NULL,HILUX 2.5D D-4D 2WC CD,Toyota Hilux,NULL,BC-11-AN,Junta de Freguesia de Miranda do Douro,Miranda do Douro,NULL,NORTE,41.496094,-6.273368,NULL,Ligada
ESF,VLCI BF-92-GI,VLCI,SF 57-118,SF 57-118,NULL,NULL,L200,MITSUBISHI,NULL,BF-92-GI,Junta de Freguesia de Mirandela,Mirandela,NULL,NORTE,41.458859,-7.185982,NULL,Ligada
ESF,VLCI 77-AA-35,VLCI,SF 58-118,SF 58-118,NULL,NULL,L200,MITSUBISHI,NULL,77-AA-35,AFACC - Associação Florestal e Ambiental do Concelho de Chaves,Chaves,NULL,NORTE,41.73822,-7.478369,NULL,Ligada
FSBF,DR DR02,NULL,NULL,NULL,DR02,Destroçador Frontal de Rastos,PRINOTH,RAPTOR 300,10318414,NULL,NULL,NULL,NULL,NACIONAL,NULL,NULL,NULL,Ligada
FSBF,PM VT01,NULL,NULL,NULL,VT01,Porta Máquinas MAN TGS 33.460 6x4,MAN,TGS 33.460 6x4 BLS,WMA30SZZ8LM838688,34-ZE-45,NULL,NULL,NULL,NACIONAL,NULL,NULL,NULL,Ligada
FSBF,PM VT02,NULL,NULL,NULL,VT02,Porta Máquinas MAN TGS 33.460 6x4,MAN,TGS 33.460 6x4 BLS,WMA30SZZ8LM838514,34-ZE-46,NULL,NULL,NULL,NACIONAL,NULL,NULL,NULL,Ligada
FSBF,PM VT03,NULL,NULL,NULL,VT03,Porta Máquinas MAN TGS 33.460 6x4,MAN,TGS 33.460 6x4 BLS,WMA30SZZ7LM838682,34-ZE-47,NULL,NULL,NULL,NACIONAL,NULL,NULL,NULL,Ligada
FSBF,TB TFA1,NULL,NULL,NULL,TFA1,Trator Valtra Serie A (114cv),Serie A (114CV),VALTRA,YK5A114H0LS323027,AE-03-NH,NULL,NULL,NULL,NACIONAL,NULL,NULL,NULL,Ligada
FSBF,TB TFF1,NULL,NULL,NULL,TFF1,Trator Valtra Serie F (105cv),VALTRA,SÉRIE F (105cv),ZPJ542ACCMRF00164,AE-88-NG,NULL,NULL,NULL,NACIONAL,NULL,NULL,NULL,Ligada
FSBF,TR TL04,NULL,NULL,NULL,TL04,Trator Rastos New Holland TK4.100,NEW HOLLAND,TK4 100 M,ZLJK00953,953,NULL,NULL,NULL,NACIONAL,NULL,NULL,NULL,Ligada
FSBF,TR TL05,NULL,NULL,NULL,TL05,Trator Rastos New Holland TK4.100,NEW HOLLAND,TK4 100 M,ZLJK00866,866,NULL,NULL,NULL,NACIONAL,NULL,NULL,NULL,Ligada
FSBF,TR TL06,NULL,NULL,NULL,TL06,Trator Rastos New Holland TK4.100,TK4 100 M,New Holland,ZLJK00889,889,NULL,NULL,NULL,NACIONAL,NULL,NULL,NULL,Ligada
FSBF,TB TFF2,NULL,NULL,NULL,TFF2,Trator Valtra Serie F (105cv),VALTRA,SÉRIE F (105cv),ZPJ542ACTMRF00165,AE-86-NG,NULL,NULL,NULL,NACIONAL,NULL,NULL,NULL,Ligada
FSBF,TB TFA2,NULL,NULL,NULL,TFA2,Trator Valtra Serie A (114cv),Serie A (114CV),VALTRA,YK5A114H0LS322013,AE-02-NH,NULL,NULL,NULL,NACIONAL,NULL,NULL,NULL,Ligada
FSBF,TB TFA3,NULL,NULL,NULL,TFA3,Trator Valtra Serie A (114cv),Serie A (114CV),VALTRA,YK5A114H0LS323025,AE-96-NG,NULL,NULL,NULL,NACIONAL,NULL,NULL,NULL,Ligada
FSBF,TB TFA4,NULL,NULL,NULL,TFA4,Trator Valtra Serie A (114cv),Serie A (114CV),VALTRA,YK5A114H0LS324013,AE-01-NH,NULL,NULL,NULL,NACIONAL,NULL,NULL,NULL,Ligada
FSBF,TB TFA5,NULL,NULL,NULL,TFA5,Trator Valtra Serie A (114cv),Serie A (114CV),VALTRA,YK5A114H0LS322034,AE-97-NG,NULL,NULL,NULL,NACIONAL,NULL,NULL,NULL,Ligada
FSBF,TB TFA6,NULL,NULL,NULL,TFA6,Trator Valtra Serie A (114cv),Serie A (114CV),VALTRA,YK5A114H0LS323035,AE-99-NG,NULL,NULL,NULL,NACIONAL,NULL,NULL,NULL,Ligada
FSBF,TB TFA7,NULL,NULL,NULL,TFA7,Trator Valtra Serie A (114cv),Serie A (114CV),VALTRA,YK5A114H0LS324010,AE-00-NH,NULL,NULL,NULL,NACIONAL,NULL,NULL,NULL,Ligada
FSBF,TB TFA8,NULL,NULL,NULL,TFA8,Trator Valtra Serie A (114cv),Serie A (114CV),Valtra,YK5A114H0LS322018,AE-98-NG,NULL,NULL,NULL,NACIONAL,NULL,NULL,NULL,Ligada
FSBF,TB TFA9,NULL,NULL,NULL,TFA9,Trator Valtra Serie A (114cv),Série A (114cv),Valtra,YK5A114H0LS325020,AE-05-NH,NULL,NULL,NULL,NACIONAL,NULL,NULL,NULL,Ligada
FSBF,TB TFA10,NULL,NULL,NULL,TFA10,Trator Valtra Serie A (114cv),Serie A (114CV),VALTRA,YK5A114H0LS325008,AE-04-NH,NULL,NULL,NULL,NACIONAL,NULL,NULL,NULL,Ligada
FSBF,MR M11,NULL,NULL,NULL,M11,Máquina de Rastos D37,KOMATSU,D37EX,85448,NULL,NULL,NULL,NULL,NACIONAL,NULL,NULL,NULL,Ligada
FSBF,MR M12,NULL,NULL,NULL,M12,Máquina de Rastos D37,KOMATSU,D37EX,85501,NULL,NULL,NULL,NULL,NACIONAL,NULL,NULL,NULL,Ligada
FSBF,MR M13,NULL,NULL,NULL,M13,Máquina de Rastos D37,KOMATSU,D37EX,85507,NULL,NULL,NULL,NULL,NACIONAL,NULL,NULL,NULL,Ligada
FSBF,TB TF1,NULL,NULL,NULL,TF1,Trator Valtra Série T (214cv),Serie T (214CV),Valtra,YK5T214HOKS149017,21-ZD-16,NULL,NULL,NULL,NACIONAL,NULL,NULL,NULL,Ligada
FSBF,TB TF2,NULL,NULL,NULL,TF2,Trator Valtra Série T (214cv),Série T (214cv),Valtra,YK5T214HOKS150014,21-ZD-15,NULL,NULL,NULL,NACIONAL,NULL,NULL,NULL,Ligada
FSBF,TB TF3,NULL,NULL,NULL,TF3,Trator Valtra Série T (214cv),VALTRA,SÉRIE T (214cv),YK5T214HOKS151020,21-ZD-18,NULL,NULL,NULL,NACIONAL,NULL,NULL,NULL,Ligada
FSBF,TB TF4,NULL,NULL,NULL,TF4,Trator Valtra Série T (214cv),VALTRA,SÉRIE T (214cv),YK5T214HOKS151036,21-ZD-14,NULL,NULL,NULL,NACIONAL,NULL,NULL,NULL,Ligada
FSBF,TB TF5,NULL,NULL,NULL,TF5,Trator Valtra Série T (214cv),Serie T (214CV),VALTRA,YK5T214HOKS154014,21-ZD-17,NULL,NULL,NULL,NACIONAL,NULL,NULL,NULL,Ligada
FSBF,TB TF6,NULL,NULL,NULL,TF6,Trator Valtra Série T (214cv),Serie T (214CV),VALTRA,YK5T214HOKS154022,21-ZD-24,NULL,NULL,NULL,NACIONAL,NULL,NULL,NULL,Ligada
FSBF,TB TF7,NULL,NULL,NULL,TF7,Trator Valtra Série T (214cv),Serie T (214CV),VALTRA,YK5T214HOKS155020,21-ZD-23,NULL,NULL,NULL,NACIONAL,NULL,NULL,NULL,Ligada
FSBF,TB TF8,NULL,NULL,NULL,TF8,Trator Valtra Série T (214cv),Serie T (214CV),VALTRA,YK5T214HOKS156005,21-ZD-21,NULL,NULL,NULL,NACIONAL,NULL,NULL,NULL,Ligada
FSBF,TB TF9,NULL,NULL,NULL,TF9,Trator Valtra Série T (214cv),Serie T (214CV),VALTRA,YK5T214HOKS156021,21-ZD-19,NULL,NULL,NULL,NACIONAL,NULL,NULL,NULL,Ligada
FSBF,TB TF10,NULL,NULL,NULL,TF10,Trator Valtra Série T (214cv),VALTRA,SÉRIE T (214cv),YK5T214HOKS157034,21-ZD-20,NULL,NULL,NULL,NACIONAL,NULL,NULL,NULL,Ligada
FSBF,TB TF11,NULL,NULL,NULL,TF11,Trator Valtra Série T (214cv),VALTRA,SÉRIE T (214cv),YK5T214HOKS158018,21-ZD-22,NULL,NULL,NULL,NACIONAL,NULL,NULL,NULL,Ligada
FSBF,TB TF12,NULL,NULL,NULL,TF12,Trator Valtra Série T (214cv),VALTRA,SÉRIE T (214cv),YK5T214HOKS158038,21-ZD-25,NULL,NULL,NULL,NACIONAL,NULL,NULL,NULL,Ligada
FSBF,TR TL07,NULL,NULL,NULL,TL07,Trator Rastos New Holland TK4.100,NEW HOLLAND,TK4 100 M,ZLJK00971,971,NULL,NULL,NULL,NACIONAL,NULL,NULL,NULL,Ligada
FSBF,TR TL08,NULL,NULL,NULL,TL08,Trator Rastos New Holland TK4.100,TK4 100 M,New Holland,ZLJK00899,899,NULL,NULL,NULL,NACIONAL,NULL,NULL,NULL,Ligada
FSBF,TR TL09,NULL,NULL,NULL,TL09,Trator Rastos New Holland TK4.100,TK4 100 M,New Holland,ZLJK00896,896,NULL,NULL,NULL,NACIONAL,NULL,NULL,NULL,Ligada
FSBF,TR TL10,NULL,NULL,NULL,TL010,Trator Rastos New Holland TK4.100,TK4 100 M,New Holland,ZLJK00851,851,NULL,NULL,NULL,NACIONAL,NULL,NULL,NULL,Ligada
FSBF,TB TFF3,NULL,NULL,NULL,TFF3,Trator Valtra Serie F (105cv),VALTRA,SÉRIE F (105cv),ZPJ542ACPMRF00166,AE-85-NG,NULL,NULL,NULL,NACIONAL,NULL,NULL,NULL,Ligada
FSBF,TB TFF4,NULL,NULL,NULL,TFF4,Trator Valtra Serie F (105cv),VALTRA,SÉRIE F (105cv),ZPJ542ACHMRF00176,AE-91-NG,NULL,NULL,NULL,NACIONAL,NULL,NULL,NULL,Ligada
FSBF,TB TFF5,NULL,NULL,NULL,TFF5,Trator Valtra Serie F (105cv),VALTRA,SÉRIE F (105cv),ZPJ542ACKMRF00170,AE-92-NG,NULL,NULL,NULL,NACIONAL,NULL,NULL,NULL,Ligada
FSBF,TB TFF6,NULL,NULL,NULL,TFF6,Trator Valtra Serie F (105cv),VALTRA,SÉRIE F (105cv),ZPJ542ACCMRF00169,AE-93-NG,NULL,NULL,NULL,NACIONAL,NULL,NULL,NULL,Ligada
FSBF,TB TFF7,NULL,NULL,NULL,TFF7,Trator Valtra Serie F (105cv),VALTRA,SÉRIE F (105cv),ZPJ542ACAMRF00174,AE-90-NG,NULL,NULL,NULL,NACIONAL,NULL,NULL,NULL,Ligada
FSBF,TB TFF8,NULL,NULL,NULL,TFF8,Trator Valtra Serie F (105cv),VALTRA,SÉRIE F (105cv),ZPJ542ACKMRF00167,AE-84-NG,NULL,NULL,NULL,NACIONAL,NULL,NULL,NULL,Ligada
FSBF,TB TFF9,NULL,NULL,NULL,TFF9,Trator Valtra Serie F (105cv),VALTRA,SÉRIE F (105cv),ZPJ542ACCMRF00172,AE-89-NG,NULL,NULL,NULL,NACIONAL,NULL,NULL,NULL,Ligada
FSBF,TB TFF10,NULL,NULL,NULL,TFF10,Trator Valtra Serie F (105cv),VALTRA,SÉRIE F (105cv),ZPJ542ACJMRF00171,AE-88-PL,NULL,NULL,NULL,NACIONAL,NULL,NULL,NULL,Ligada
FSBF,TB TFF11,NULL,NULL,NULL,TFF11,Trator Valtra Serie F (105cv),VALTRA,SÉRIE F (105cv),ZPJ542ACCMRF00178,AE-95-NG,NULL,NULL,NULL,NACIONAL,NULL,NULL,NULL,Ligada
FSBF,TB TFF12,NULL,NULL,NULL,TFF12,Trator Valtra Serie F (105cv),VALTRA,SÉRIE F (105cv),ZPJ542ACJMRF00168,AE-87-NG,NULL,NULL,NULL,NACIONAL,NULL,NULL,NULL,Ligada
FSBF,TB TFF13,NULL,NULL,NULL,TFF13,Trator Valtra Serie F (105cv),VALTRA,SÉRIE F (105cv),ZPJ542ACVMRF00173,AE-94-NG,NULL,NULL,NULL,NACIONAL,NULL,NULL,NULL,Ligada
FSBF,GR GG04,NULL,NULL,NULL,GG04,Máquina Giratória de Rastos Doosan DX140,DOOSAN,DX 140 LCR-5,DXCCEBDUCM0020155,NULL,NULL,NULL,NULL,NACIONAL,NULL,NULL,NULL,Ligada
FSBF,GR GG05,NULL,NULL,NULL,GG05,Máquina Giratória de Rastos Doosan DX140,DOOSAN,DX 140 LCR-5,DXCCEBDUCM0020035,NULL,NULL,NULL,NULL,NACIONAL,NULL,NULL,NULL,Ligada
FSBF,GR GG06,NULL,NULL,NULL,GG06,Máquina Giratória de Rastos Doosan DX210,DOOSAN,DX 210 NLC-7,DHCEBDRTM0001125,NULL,NULL,NULL,NULL,NACIONAL,NULL,NULL,NULL,Ligada
FSBF,GR GG07,NULL,NULL,NULL,GG07,Máquina Giratória de Rastos Doosan DX210,DOOSAN,DX 210 NLC-7,DHCEBDRTM0001129,NULL,NULL,NULL,NULL,NACIONAL,NULL,NULL,NULL,Ligada
FSBF,MR M17,NULL,NULL,NULL,M17,Máquina de Rastos D51,KOMATSU,D51 EX-24E0,20038,NULL,NULL,NULL,NULL,NACIONAL,NULL,NULL,NULL,Ligada
FSBF,MR M18,NULL,NULL,NULL,M18,Máquina de Rastos D51,KOMATSU,D51 EX-24E0,20042,NULL,NULL,NULL,NULL,NACIONAL,NULL,NULL,NULL,Ligada
FSBF,MR M19,NULL,NULL,NULL,M19,Máquina de Rastos D51,KOMATSU,D51 EX-24E0,20051,NULL,NULL,NULL,NULL,NACIONAL,NULL,NULL,NULL,Ligada
FSBF,MR M20,NULL,NULL,NULL,M20,Máquina de Rastos D51,KOMATSU,D51 EX-24E0,20054,NULL,NULL,NULL,NULL,NACIONAL,NULL,NULL,NULL,Ligada
FSBF,MR M21,NULL,NULL,NULL,M21,Máquina de Rastos D51,KOMATSU,D51 EX-24E0,20058,NULL,NULL,NULL,NULL,NACIONAL,NULL,NULL,NULL,Ligada
FSBF,MR M22,NULL,NULL,NULL,M22,Máquina de Rastos D51,KOMATSU,D51 EX-24E0,20072,NULL,NULL,NULL,NULL,NACIONAL,NULL,NULL,NULL,Ligada
FSBF,MR M23,NULL,NULL,NULL,M23,Máquina de Rastos D51,KOMATSU,D51 EX-24E0,20073,NULL,NULL,NULL,NULL,NACIONAL,NULL,NULL,NULL,Ligada
FSBF,MR M14,MR,NULL,NULL,M14,Máquina de Rastos D65EX,KOMATSU,D 65 EX-18E0,92890,NULL,NULL,NULL,NULL,NACIONAL,NULL,NULL,NULL,Ligada
FSBF,MR M15,MR,NULL,NULL,M15,Máquina de Rastos D65EX,KOMATSU,D 65 EX-18E0,92938,NULL,NULL,NULL,NULL,NACIONAL,NULL,NULL,NULL,Ligada
FSBF,MR M16,MR,NULL,NULL,M16,Máquina de Rastos D65EX,KOMATSU,D 65 EX-18E0,92939,NULL,NULL,NULL,NULL,NACIONAL,NULL,NULL,NULL,Ligada
FSBF,MR M24,MR,NULL,NULL,M24,Máquina de Rastos D65EX,KOMATSU,D 65 EX-18E0,92950,NULL,NULL,NULL,NULL,NACIONAL,NULL,NULL,NULL,Ligada
FSBF,TB TFA11,NULL,NULL,NULL,TFA11,Trator Valtra Serie A (115cv),VALTRA,SÉRIE A (115cv),YK5A115HOMS305014,AN 43 XG,NULL,NULL,NULL,NACIONAL,NULL,NULL,NULL,Ligada
FSBF,TB TFA12,NULL,NULL,NULL,TFA12,Trator Valtra Serie A (115cv),VALTRA,SÉRIE A (115cv),YK5A115HOMS319013,AN 40 XG,NULL,NULL,NULL,NACIONAL,NULL,NULL,NULL,Ligada
FSBF,TB TFA13,NULL,NULL,NULL,TFA13,Trator Valtra Serie A (115cv),VALTRA,SÉRIE A (115cv),YK5A115HOMS306034,AN 38 XG,NULL,NULL,NULL,NACIONAL,NULL,NULL,NULL,Ligada
FSBF,TB TFA14,NULL,NULL,NULL,TFA14,Trator Valtra Serie A (115cv),VALTRA,SÉRIE A (115cv),YK5A115HOMS306032,AN 42 XG,NULL,NULL,NULL,NACIONAL,NULL,NULL,NULL,Ligada
FSBF,TB TFA15,NULL,NULL,NULL,TFA15,Trator Valtra Serie A (115cv),VALTRA,SÉRIE A (115cv),YK5A115HOMS306013,AN 36 XG,NULL,NULL,NULL,NACIONAL,NULL,NULL,NULL,Ligada
FSBF,TB TFA16,NULL,NULL,NULL,TFA16,Trator Valtra Serie A (115cv),VALTRA,SÉRIE A (115cv),YK5A115HOMS288016,AN 41 XG,NULL,NULL,NULL,NACIONAL,NULL,NULL,NULL,Ligada
FSBF,TB TFA17,NULL,NULL,NULL,TFA17,Trator Valtra Serie A (115cv),VALTRA,SÉRIE A (115cv),YK5A115HOMS305002,AN 32 XG,NULL,NULL,NULL,NACIONAL,NULL,NULL,NULL,Ligada
FSBF,TB TFA18,NULL,NULL,NULL,TFA18,Trator Valtra Serie A (115cv),VALTRA,SÉRIE A (115cv),YK5A115HOMS316041,AN 37 XG,NULL,NULL,NULL,NACIONAL,NULL,NULL,NULL,Ligada
FSBF,TB TFA19,NULL,NULL,NULL,TFA19,Trator Valtra Serie A (115cv),VALTRA,SÉRIE A (115cv),YK5A115HOMS305044,AN 33 XG,NULL,NULL,NULL,NACIONAL,NULL,NULL,NULL,Ligada
FSBF,TB TFA20,NULL,NULL,NULL,TFA20,Trator Valtra Serie A (115cv),VALTRA,SÉRIE A (115cv),YK5A115HOMS305019,AN 34 XG,NULL,NULL,NULL,NACIONAL,NULL,NULL,NULL,Ligada
FSBF,TB TFA21,NULL,NULL,NULL,TFA21,Trator Valtra Serie A (115cv),VALTRA,SÉRIE A (115cv),YK5A115HOMS306006,AN 46 XG,NULL,NULL,NULL,NACIONAL,NULL,NULL,NULL,Ligada
FSBF,TB TFA22,NULL,NULL,NULL,TFA22,Trator Valtra Serie A (115cv),VALTRA,SÉRIE A (115cv),YK5A115HOMS307005,AN 50 XG,NULL,NULL,NULL,NACIONAL,NULL,NULL,NULL,Ligada
FSBF,TB TFA23,NULL,NULL,NULL,TFA23,Trator Valtra Serie A (115cv),VALTRA,SÉRIE A (115cv),YK5A115HOMS307030,AN 44 XG,NULL,NULL,NULL,NACIONAL,NULL,NULL,NULL,Ligada
FSBF,TB TFA24,NULL,NULL,NULL,TFA24,Trator Valtra Serie A (115cv),VALTRA,SÉRIE A (115cv),YK5A115HOMS293014,AN 39 XG,NULL,NULL,NULL,NACIONAL,NULL,NULL,NULL,Ligada
FSBF,TB TFA25,NULL,NULL,NULL,TFA25,Trator Valtra Serie A (115cv),VALTRA,SÉRIE A (115cv),YK5A115HOMS316005,AN 45 XG,NULL,NULL,NULL,NACIONAL,NULL,NULL,NULL,Ligada
FSBF,TB TFA26,NULL,NULL,NULL,TFA26,Trator Valtra Serie A (115cv),VALTRA,SÉRIE A (115cv),YK5A115HOMS320009,AN 61 XG,NULL,NULL,NULL,NACIONAL,NULL,NULL,NULL,Ligada
FSBF,TB TFA27,NULL,NULL,NULL,TFA27,Trator Valtra Serie A (115cv),VALTRA,SÉRIE A (115cv),YK5A115HOMS322030,AN 49 XG,NULL,NULL,NULL,NACIONAL,NULL,NULL,NULL,Ligada
FSBF,VCOT 04-49-UM,VCOT,NULL,NULL,VAFR 04 FSBF,,Navarra,NISSAN,NULL,04-49-UM,NULL,Guarda,NULL,NACIONAL,"40,538056","-7,286139",NULL,NÃO ligada
FSBF,VLCI 16-XO-49,VLCI,NULL,NULL,VLCI 04 FSBF,NULL,L200 4WD,MITSUBISHI,NULL,16-XO-49,NULL,Cabeceiras de Basto,NULL,NACIONAL,"41,521439","-7,995917",NULL,NÃO ligada
FSBF,VLCI 16-XO-51,VLCI,NULL,NULL,VLCI 06 FSBF,NULL,L200 4WD,MITSUBISHI,NULL,16-XO-51,NULL,Cabeceiras de Basto,NULL,NACIONAL,"41,521439","-7,995917",NULL,NÃO ligada
FSBF,VLCI 16-XO-76,VLCI,NULL,NULL,VLCI 14 FSBF,NULL,L200 4WD,MITSUBISHI,NULL,16-XO-76,NULL,Viseu,NULL,NACIONAL,"40,656152","-7,900762",NULL,NÃO ligada
FSBF,VLCI 16-XO-80,VLCI,NULL,NULL,VLCI 17 FSBF,NULL,L200 4WD,MITSUBISHI,NULL,16-XO-80,NULL,Vila Pouca de Aguiar,NULL,NACIONAL,"41,500083","-7,640167",NULL,NÃO ligada
FSBF,VCOT 35-VL-18,VCOT,NULL,NULL,VAFR 17 FSBF,NULL,L200,Mitsubishi,NULL,35-VL-18,NULL,Vila Pouca de Aguiar,NULL,NACIONAL,"41,500083","-7,640167",NULL,NÃO ligada
FSBF,VCOT 38-XF-77,VCOT,NULL,NULL,VAFR 01 FSBF,NULL,L200,MITSUBISHI,NULL,38-XF-77,NULL,Lisboa,NULL,NACIONAL,NULL,NULL,NULL,NÃO ligada
FSBF,VCOT 39-FA-08,VCOT,NULL,NULL,VAFR 10 FSBF,NULL,L200 4WD,MITSUBISHI,NULL,39-FA-08,NULL,Viseu,NULL,NACIONAL,"40,656152","-7,900762",NULL,NÃO ligada
FSBF,VCOT 39-FA-53,VCOT,NULL,NULL,VAFR 13 FSBF,NULL,L200 4WD,MITSUBISHI,NULL,39-FA-53,NULL,Guarda,NULL,NACIONAL,"40,538056","-7,286139",NULL,NÃO ligada
FSBF,VCOT 39-FA-56,VCOT,NULL,NULL,VAFR 12 FSBF,NULL,L200 4WD,MITSUBISHI,NULL,39-FA-56,NULL,Viseu,NULL,NACIONAL,"40,656152","-7,900762",NULL,NÃO ligada
FSBF,VCOT 39-FA-66,VCOT,NULL,NULL,VAFR 11 FSBF,NULL,L200 4WD,MITSUBISHI,NULL,39-FA-66,NULL,Marinha Grande,NULL,NACIONAL,"39,862789","-8,932041",NULL,NÃO ligada
FSBF,VCOT 39-FA-68,VCOT,NULL,NULL,VAFR 15 FSBF,NULL,L200 4WD,MITSUBISHI,NULL,39-FA-68,NULL,Guarda,NULL,NACIONAL,"40,538056","-7,286139",NULL,NÃO ligada
FSBF,VCOT 39-FA-78,VCOT,NULL,NULL,VAFR 14 FSBF,NULL,L200 4WD,MITSUBISHI,NULL,39-FA-78,NULL,Proença-a-Nova,NULL,NACIONAL,"39,731861","-7,873833",NULL,NÃO ligada
FSBF,VLCI 50-03-PZ,VLCI,NULL,NULL,VLCI 01 FSBF,NULL,CVNVD22,NISSAN,NULL,50-03-PZ,NULL,Vila Pouca de Aguiar,NULL,NACIONAL,"41,500083","-7,640167",NULL,NÃO ligada
FSBF,VCOT 54-31-ZA,VCOT,NULL,NULL,VAFR 08 FSBF,NULL,L200,Mitsubishi,NULL,54-31-ZA,NULL,Guarda,NULL,NACIONAL,"40,538056","-7,286139",NULL,NÃO ligada
FSBF,VCOT 74-51-XD,VCOT,NULL,NULL,VAFR 05 FSBF,NULL,Navarra,Nissan ,NULL,74-51-XD,NULL,Proença-a-Nova,NULL,NACIONAL,"39,731861","-7,873833",NULL,NÃO ligada
FSBF,VCOT 74-52-XD,VCOT,NULL,NULL,VAFR 06 FSBF,NULL,CVNVD22,NISSAN,NULL,74-52-XD,NULL,Marinha Grande,NULL,NACIONAL,"39,862789","-8,932041",NULL,NÃO ligada
FSBF,VCOT 83-CE-00,VCOT,NULL,NULL,VAFR 07 FSBF,NULL,L200,Mitsubishi,NULL,83-CE-00,NULL,Guarda,NULL,NACIONAL,"40,538056","-7,286139",NULL,NÃO ligada
FSBF,VCOT 85-CT-37,VCOT,NULL,NULL,VAFR 24 FSBF,NULL,L200 4WD,MITSUBISHI,NULL,85-CT-37,NULL,Loulé,NULL,NACIONAL,NULL,NULL,NULL,NÃO ligada
FSBF,VCOT 85-CT-44,VCOT,NULL,NULL,UNM,NULL,L200 4WD,MITSUBISHI,NULL,85-CT-44,NULL,Viseu,NULL,NACIONAL,"40,656152","-7,900762",NULL,NÃO ligada
FSBF,VCOT 85-CT-45,VCOT,NULL,NULL,VAFR 09 FSBF,NULL,L200 4WD,MITSUBISHI,NULL,85-CT-45,NULL,Marinha Grande,NULL,NACIONAL,"39,862789","-8,932041",NULL,NÃO ligada
FSBF,VLCI 90-XJ-83,VLCI,NULL,NULL,VLCI 02 FSBF,NULL,L200,Mitsubishi,NULL,90-XJ-83,NULL,Cabeceiras de Basto,NULL,NACIONAL,"41,521439","-7,995917",NULL,NÃO ligada
FSBF,VLCI 08-XL-45,VLCI,NULL,FSBF CBAS03,VLCI 03 FSBF,,L200 4WD,MITSUBISHI,NULL,08-XL-45,NULL,Cabeceiras de Basto,NULL,NACIONAL,"41,521439","-7,995917",NULL,Ligada
FSBF,VLCI 16-XO-50,VLCI,NULL,FSBF VPA01,VLCI 05 FSBF,,L200 4WD,MITSUBISHI,NULL,16-XO-50,NULL,Vila Pouca de Aguiar,NULL,NACIONAL,"41,500083","-7,640167",NULL,Ligada
FSBF,VLCI 16-XO-55,VLCI,NULL,FSBF PRN02,VLCI 07 FSBF,,L200 4WD,MITSUBISHI,NULL,16-XO-55,NULL,Proença-a-Nova,NULL,NACIONAL,"39,731861","-7,873833",NULL,Ligada
FSBF,VLCI 16-XO-57,VLCI,NULL,FSBF GD03,VLCI 08 FSBF,,L200 4WD,MITSUBISHI,NULL,16-XO-57,NULL,Guarda,NULL,NACIONAL,"40,538056","-7,286139",NULL,Ligada
FSBF,VLCI 16-XO-59,VLCI,NULL,FSBF GD04,VLCI 09 FSBF,,L200 4WD,MITSUBISHI,NULL,16-XO-59,NULL,Guarda,NULL,NACIONAL,"40,538056","-7,286139",NULL,Ligada
FSBF,VLCI 16-XO-62,VLCI,NULL,FSBF MG01,VLCI 10 FSBF,,L200 4WD,MITSUBISHI,NULL,16-XO-62,NULL,Marinha Grande,NULL,NACIONAL,"39,862789","-8,932041",NULL,Ligada
FSBF,VLCI 16-XO-63,VLCI,NULL,FSBF LOU01,VLCI 11 FSBF,,L200 4WD,MITSUBISHI,NULL,16-XO-63,NULL,Santarém,NULL,NACIONAL,"39,105528","-8,837083",NULL,Ligada
FSBF,VLCI 16-XO-69,VLCI,NULL,FSBF STR03,VLCI 12 FSBF,,L200 4WD,MITSUBISHI,NULL,16-XO-69,NULL,Santarém,NULL,NACIONAL,"39,105528","-8,837083",NULL,Ligada
FSBF,VLCI 16-XO-75,VLCI,NULL,FSBF STR03,VLCI 13 FSBF,,L200 4WD,MITSUBISHI,NULL,16-XO-75,NULL,Loulé,NULL,NACIONAL,NULL,NULL,NULL,Ligada
FSBF,VLCI 16-XO-77,VLCI,NULL,FSBF PTG03,VLCI 15 FSBF,,L200 4WD,MITSUBISHI,NULL,16-XO-77,NULL,Portalegre,NULL,NACIONAL,"39,313528","-7,41625",NULL,Ligada
FSBF,VLCI 16-XO-78,VLCI,NULL,FSBF PTG04,VLCI 16 FSBF,,L200 4WD,MITSUBISHI,NULL,16-XO-78,NULL,Portalegre,NULL,NACIONAL,"39,313528","-7,41625",NULL,Ligada
FSBF,VLCI 16-XO-81,VLCI,NULL,FSBF PTG04,VLCI 18 FSBF,,L200 4WD,MITSUBISHI,NULL,16-XO-81,NULL,Portalegre,NULL,NACIONAL,"39,313528","-7,41625",NULL,Ligada
FSBF,VLCI 55-VO-27,VLCI,NULL,FSBF STR01,VLCI 22 FSBF,,L200 4WD,MITSUBISHI,NULL,55-VO-27,NULL,Loulé,NULL,NACIONAL,NULL,NULL,NULL,Ligada
FSBF,VLCI 55-VO-28,VLCI,NULL,FSBF STR02,VLCI 21 FSBF,,L200 4WD,MITSUBISHI,NULL,55-VO-28,NULL,Guarda,NULL,NACIONAL,"40,538056","-7,286139",NULL,Ligada
FSBF,VCOT 55-VO-29,VCOT,NULL,FSBF STR01,VAFR 21 FSBF,,L200 4WD,MITSUBISHI,NULL,55-VO-29,NULL,Portalegre,NULL,NACIONAL,"39,313528","-7,41625",NULL,Ligada
FSBF,VCOT 85-CT-47,VCOT,NULL,FSBF VPA01,NULL,NULL,L200 4WD,MITSUBISHI,NULL,85-CT-47,NULL,NULL,NULL,NACIONAL,NULL,NULL,NULL,Ligada
FSBF,VLCI 91-XJ-05,VLCI,NULL,NULL,VLCI 20 FSBF,NULL,L200,Mitsubishi,NULL,91-XJ-05,NULL,Vila Pouca de Aguiar,NULL,NACIONAL,"41,500083","-7,640167",NULL,NÃO ligada
FSBF,VLCI 91-XJ-01,VLCI,NULL,NULL,VLCI 19 FSBF,NULL,L200,Mitsubishi,NULL,91-XJ-01,NULL,Cabeceiras de Basto,NULL,NACIONAL,"41,521439","-7,995917",NULL,NÃO ligada
FSBF,VCOT 96-FC-75,VCOT,NULL,NULL,VAFR 18 FSBF,NULL,L200 4WD,MITSUBISHI,NULL,96-FC-75,NULL,Vila Pouca de Aguiar,NULL,NACIONAL,"41,500083","-7,640167",NULL,NÃO ligada
FSBF,VCOT 96-FC-76,VCOT,NULL,NULL,VAFR 16 FSBF,NULL,L200 4WD,MITSUBISHI,NULL,96-FC-76,NULL,Marinha Grande,NULL,NACIONAL,"39,862789","-8,932041",NULL,NÃO ligada
FSBF,VCOT 96-FC-78,VCOT,NULL,NULL,VAFR 19 FSBF,NULL,L200 4WD,MITSUBISHI,NULL,96-FC-78,NULL,Vila Pouca de Aguiar,NULL,NACIONAL,"41,500083","-7,640167",NULL,NÃO ligada
FSBF,VCOT 96-FC-79,VCOT,NULL,NULL,VAFR 20 FSBF,NULL,L200 4WD,MITSUBISHI,NULL,96-FC-79,NULL,Cabeceiras de Basto,NULL,NACIONAL,"41,521439","-7,995917",NULL,NÃO ligada
FSBF,VCOT 96-FC-82,VCOT,NULL,NULL,VAFR 22 FSBF,NULL,L200 4WD,MITSUBISHI,NULL,96-FC-82,NULL,Santarem,NULL,NACIONAL,"39,105528","-8,837083",NULL,NÃO ligada
FSBF,VCOT 96-FC-89,VCOT,NULL,NULL,VAFR 23 FSBF,NULL,L200 4WD,MITSUBISHI,NULL,96-FC-89,NULL,Portalegre,NULL,NACIONAL,"39,313528","-7,41625",NULL,NÃO ligada
FSBF,VCOT AA-96-LV,VCOT,NULL,NULL,VAFR 02 FSBF,NULL,OutLander,MITSUBISHI,NULL,AA-96-LV,NULL,Lisboa,NULL,NACIONAL,NULL,NULL,NULL,NÃO ligada
FSBF,VTTP AR-05-BU,VTTP,NULL,NULL,VASG 02 FSBF,NULL,Proace,Toyota,NULL,AR-05-BU,NULL,Cabeceiras de Basto,NULL,NACIONAL,"41,521439","-7,995917",NULL,NÃO ligada
FSBF,VTTP AR-06-BU,VTTP,NULL,NULL,VASG 03 FSBF,NULL,Proace,Toyota,NULL,AR-06-BU,NULL,Cabeceiras de Basto,NULL,NACIONAL,"41,521439","-7,995917",NULL,NÃO ligada
FSBF,VTTP AR-07-BU,VTTP,NULL,NULL,VASG 01 FSBF,NULL,Proace,Toyota,NULL,AR-07-BU,NULL,Lisboa,NULL,NACIONAL,NULL,NULL,NULL,NÃO ligada
FSBF,VTTP AR-08-BU,VTTP,NULL,NULL,VASG 04 FSBF,NULL,Proace,Toyota,NULL,AR-08-BU,NULL,Vila Pouca de Aguiar,NULL,NACIONAL,"41,500083","-7,640167",NULL,NÃO ligada
FSBF,VTTP AR-09-BU,VTTP,NULL,NULL,VASG 05 FSBF,NULL,Proace,Toyota,NULL,AR-09-BU,NULL,Proença-a-Nova,NULL,NACIONAL,"39,731861","-7,873833",NULL,NÃO ligada
FSBF,VTTP AR-10-BU,VTTP,NULL,NULL,VASG 06 FSBF,NULL,Proace,Toyota,NULL,AR-10-BU,NULL,Guarda,NULL,NACIONAL,"40,538056","-7,286139",NULL,NÃO ligada
FSBF,VTTP AR-11-BU,VTTP,NULL,NULL,VASG 07 FSBF,NULL,Proace,Toyota,NULL,AR-11-BU,NULL,Guarda,NULL,NACIONAL,"40,538056","-7,286139",NULL,NÃO ligada
FSBF,VTTP AR-12-BU,VTTP,NULL,NULL,VASG 08 FSBF,NULL,Proace,Toyota,NULL,AR-12-BU,NULL,Santarém,NULL,NACIONAL,"39,105528","-8,837083",NULL,NÃO ligada
FSBF,VTTP AR-13-BU,VTTP,NULL,NULL,VASG 09 FSBF,NULL,Proace,Toyota,NULL,AR-13-BU,NULL,Portalegre,NULL,NACIONAL,"39,313528","-7,41625",NULL,NÃO ligada
FSBF,VFCI AR-14-BU,VFCI,NULL,NULL,VASG 10 FSBF,NULL,4x4,Renault,NULL,AR-14-BU,NULL,Loulé,NULL,NACIONAL,NULL,NULL,NULL,NÃO ligada
FSBF,VFCI AU-27-IV,VFCI,NULL,NULL,VFCI 03 FSBF,NULL,4x4,Renault,NULL,AU-27-IV,NULL,Guarda,NULL,NACIONAL,"40,538056","-7,286139",NULL,NÃO ligada
FSBF,VFCI AU-28-IV,VFCI,NULL,NULL,VFCI 01 FSBF,NULL,4x4,Renault,NULL,AU-28-IV,NULL,Vila Pouca de Aguiar,NULL,NACIONAL,"41,500083","-7,640167",NULL,NÃO ligada
FSBF,VFCI AU-30-IV,VFCI,NULL,NULL,VFCI 05 FSBF,NULL,Navarra,Nissan ,NULL,AU-30-IV,NULL,Viseu,NULL,NACIONAL,"40,656152","-7,900762",NULL,NÃO ligada
FSBF,VFCI AU-34-IV,VFCI,NULL,NULL,VFCI 02 FSBF,NULL,4x4,Renault,NULL,AU-34-IV,NULL,Guarda,NULL,NACIONAL,"40,538056","-7,286139",NULL,NÃO ligada
FSBF,VFCI AU-41-IV,VFCI,NULL,NULL,VFCI 04 FSBF,NULL,4x4,Renault,NULL,AU-41-IV,NULL,Marinha Grande,NULL,NACIONAL,"39,862789","-8,932041",NULL,NÃO ligada
VN,VLCI 94-VJ-56,VLCI,SF 3VN04,SF 3VN04,NULL,NULL,L200,MITSUBISHI,NULL,94-VJ-56,NULL,Rio Maior,NULL,LVT,"39,336631","-8,942102",NULL,Ligada
VN,VLCI 38-XF-83,VLCI,SF 3VN05,SF 3VN05,NULL,NULL,L200,MITSUBISHI,NULL,38-XF-83,NULL,Rio Maior,NULL,LVT,"39,336631","-8,942102",NULL,Ligada
VN,VLCI 17-TX-63,VLCI,SF 3VN06,SF 3VN06,NULL,NULL,Hilux,Toyota,NULL,17-TX-63,NULL,Rio Maior,NULL,LVT,"39,336631","-8,942102",NULL,Ligada
VN,VLCI 89-BV-76,VLCI,SF 3VN07,SF 3VN07,NULL,NULL,L200,MITSUBISHI,NULL,89-BV-76,NULL,Setúbal,NULL,ALENTEJO,"38,520659","-8,892115",NULL,Ligada
VN,VLCI 87-IB-71,VLCI,SF 3VN08,SF 3VN08,NULL,NULL,BT50,MAZDA,NULL,87-IB-71,NULL,Setúbal,NULL,ALENTEJO,"38,520659","-8,892115",NULL,Ligada
VN,VLCI 38-XF-58,VLCI,SF 3VN10,SF 3VN10,NULL,NULL,L200,MITSUBISHI,NULL,38-XF-58,NULL,Alcochete,NULL,LVT,"38,756885","-8,960914",NULL,Ligada
VN,VLCI 93-AG-05,VLCI,SF 3VN11,SF 3VN11,NULL,NULL,L200,MITSUBISHI,NULL,93-AG-05,NULL,Costa da Caparica,NULL,LVT,"38,576871","-9,194715",NULL,Ligada
VN,VLCI 89-BV-82,VLCI,SF 3VN12,SF 3VN12,NULL,NULL,L200,MITSUBISHI,NULL,89-BV-82,NULL,Golegã,NULL,LVT,"39,401614","-8,487126",NULL,Ligada
VN,VLCI 38-XF-86,VLCI,SF 4VN01,SF 4VN01,NULL,NULL,L200,MITSUBISHI,NULL,38-XF-86,NULL,Portalegre,NULL,ALENTEJO,"39,300863","-7,430818",NULL,Ligada
VN,VLCI 94-VJ-60,VLCI,SF 4VN01,SF 4VN01,NULL,NULL,L200,MITSUBISHI,NULL,94-VJ-60,NULL,Portalegre,NULL,ALENTEJO,"39,300863","-7,430818",NULL,Ligada
VN,VLCI 89-BV-85,VLCI,SF 4VN01,SF 4VN01,NULL,NULL,L200,MITSUBISHI,NULL,89-BV-85,NULL,Portalegre,NULL,ALENTEJO,"39,300863","-7,430818",NULL,Ligada
VN,VLCI 17-TX-65,VLCI,SF 4VN02,SF 4VN02,NULL,NULL,Hilux,Toyota,NULL,17-TX-65,NULL,Vila Nova Santo André,NULL,ALENTEJO,"38,10363","-8,77964",NULL,Ligada
VN,VLCI 38-XF-89,VLCI,SF 4VN03,SF 4VN03,NULL,NULL,L200,MITSUBISHI,NULL,38-XF-89,NULL,Mértola,NULL,ALENTEJO,"37,637701","-7,663381",NULL,Ligada
VN,49-07-QM,NULL,SF 4VN04,SF 4VN04,NULL,NULL,PATROL,NISSAN,NULL,49-07-QM,NULL,Ponte de Sor,NULL,ALENTEJO,"39,248675","-8,012582",NULL,Ligada
VN,VLCI 94-VJ-61,VLCI,SF 4VN05,SF 4VN05,NULL,NULL,L200,MITSUBISHI,NULL,94-VJ-61,NULL,Évora,NULL,ALENTEJO,"38,574732","-7,908132",NULL,Ligada
VN,VLCI 17-TX-64,VLCI,SF 4VN06,SF 4VN06,NULL,NULL,Hilux,Toyota,NULL,17-TX-64,NULL,Beja,NULL,ALENTEJO,"38,022129","-7,866577",NULL,Ligada
VN,VLCI 17-TX-67,VLCI,SF 5VN01,SF 5VN01,NULL,NULL,L200,MITSUBISHI,NULL,17-TX-67,NULL,Castro Marim,NULL,ALGARVE,"37,2312","-7,425914",NULL,Ligada
VN,VLCI 28-XF-57,VLCI,SF 1VN04,SF 1VN04,NULL,NULL,L200,MITSUBISHI,NULL,28-XF-57,NULL,Mogadouro,NULL,NORTE,"41,339951","-6,714053",NULL,Ligada
VN,VLCI 94-VJ-50,VLCI,SF 1VN05,SF 1VN05,NULL,NULL,L200,MITSUBISHI,NULL,94-VJ-50,NULL,Gerês,NULL,NORTE,"41,737619","-8,158567",NULL,Ligada
VN,VLCI 17-TX-58,VLCI,SF 1VN06,SF 1VN06,NULL,NULL,L200,MITSUBISHI,NULL,17-TX-58,NULL,Arcos Valdevez,NULL,NORTE,"41,844307","-8,421123",NULL,Ligada
VN,VLCI 94-VJ-53,VLCI,SF 2VN01,SF 2VN01,NULL,NULL,L200,MITSUBISHI,NULL,94-VJ-53,NULL,Seia,NULL,CENTRO,"40,419765","-7,702054",NULL,Ligada
VN,VLCI 38-XF-66,VLCI,SF 2VN02,SF 2VN02,NULL,NULL,L200,MITSUBISHI,NULL,38-XF-66,NULL,Manteigas,NULL,CENTRO,"40,402398","-7,537512",NULL,Ligada
VN,VLCI 89-BV-75,VLCI,SF 2VN03,SF 2VN03,NULL,NULL,L200,MITSUBISHI,NULL,89-BV-75,NULL,Sabugal,NULL,CENTRO,"40,331119","-7,098171",NULL,Ligada
VN,VLCI 17-TX-61,VLCI,SF 2VN05,SF 2VN05,NULL,NULL,L200,MITSUBISHI,NULL,17-TX-61,NULL,São Jacinto,NULL,CENTRO,"40,670926","-8,724708",NULL,Ligada
VN,VLCI 38-XF-70,VLCI,SF 2VN06,SF 2VN06,NULL,NULL,L200,MITSUBISHI,NULL,38-XF-70,NULL,Arganil,NULL,CENTRO,"40,216424","-7,919146",NULL,Ligada
VN,VLCI 94-VJ-54,VLCI,SF 2VN08,SF 2VN08,NULL,NULL,L200,MITSUBISHI,NULL,94-VJ-54,NULL,Coimbra,NULL,CENTRO,"40,221088","-8,446523",NULL,Ligada
VN,VLCI 94-VJ-55,VLCI,SF 2VN10,SF 2VN10,NULL,NULL,Hilux,Toyota,NULL,94-VJ-55,NULL,Castelo Branco,NULL,CENTRO,"39,816269","-7,510944",NULL,Ligada
VN,VLCI 94-VJ-58,VLCI,SF 3VN01,SF 3VN01,NULL,NULL,L200,MITSUBISHI,NULL,94-VJ-58,NULL,Sintra,NULL,LVT,"38,800368","-9,381725",NULL,Ligada
VN,VLCI 17-TX-62,VLCI,SF 3VN02,SF 3VN02,NULL,NULL,Hilux,Toyota,NULL,17-TX-62,NULL,Setúbal,NULL,LVT,"38,520659","-8,892115",NULL,Ligada
VN,VLCI 94-VJ-57,VLCI,SF 3VN03,SF 3VN03,NULL,NULL,L200,MITSUBISHI,NULL,94-VJ-57,NULL,Setúbal,NULL,LVT,"38,520659","-8,892115",NULL,Ligada
ESF,VLCI 69-DV-11,VLCI,SF 47-115,SF 47-115,NULL,NULL,Navarra D40,Nissan,NULL,69-DV-11,Município de Cabeceiras de Basto,Cabeceiras de Basto,NULL,NORTE,"41,513918","-7,993614",NULL,Ligada
ESF,VLCI 77-NS-40,VLCI,SF 59-118,SF 59-118,NULL,NULL,Hilux,Toyota,NULL,77-NS-40,APFNT - Associação de Produtores Florestais do Nordeste Transmontano,Mogadouro,NULL,NORTE,"41,339382","-6,706159",NULL,Ligada
VN,VLCI 94-VJ-63,VLCI,SF 5VN02,SF 5VN02,NULL,NULL,L200,MITSUBISHI,NULL,94-VJ-63,NULL,Lagos,NULL,ALGARVE,"37,131597","-8,66763",NULL,Ligada
VN,VLCI 39-XF-08,VLCI,SF 5VN03,SF 5VN03,NULL,NULL,L200,MITSUBISHI,NULL,39-XF-08,NULL,Lagos,NULL,ALGARVE,"37,131597","-8,66763",NULL,Ligada
VN,VLCI 17-TX-66,VLCI,SF 5VN04,SF 5VN04,NULL,NULL,Hilux,Toyota,NULL,17-TX-66,NULL,Lagos,NULL,ALGARVE,"37,131597","-8,66763",NULL,Ligada
VN,VLCI 94-VJ-62,VLCI,SF 5VN06,SF 5VN06,NULL,NULL,L200,MITSUBISHI,NULL,94-VJ-62,NULL,Odemira,NULL,ALGARVE,"37,597208","-8,639516",NULL,Ligada
VN,VLCI  94-VJ-64,VLCI,SF 5VN05,SF 5VN05,NULL,NULL,L200,MITSUBISHI,NULL,94-VJ-64,NULL,Olhão,NULL,ALGARVE,"37,03248","-7,817947",NULL,Ligada
VN,VLCI 10-MB-38,VLCI,SF 5VN07,SF 5VN07,NULL,NULL,L200,MITSUBISHI,NULL,10-MB-38,NULL,Olhão,NULL,ALGARVE,"37,03248","-7,817947",NULL,Ligada
VN,VLCI 39-XF-10,VLCI,SF 5VN08,SF 5VN08,NULL,NULL,L200,MITSUBISHI,NULL,39-XF-10,NULL,Olhão,NULL,ALGARVE,"37,03248","-7,817947",NULL,Ligada
VN,VLCI 94-VJ-52,VLCI,SF 1VN01,SF 1VN01,NULL,NULL,L200,MITSUBISHI,NULL,94-VJ-52,NULL,Bragança,NULL,NORTE,"41,799671","-6,761314",NULL,Ligada
FSBF,TB TFA28,NULL,NULL,NULL,TFA28,Trator Valtra Serie A (115cv),VALTRA,SÉRIE A (115cv),YK5A115HOMS334019,AN 58 XG,NULL,NULL,NULL,NACIONAL,NULL,NULL,NULL,Ligada
FSBF,TB TFA29,NULL,NULL,NULL,TFA29,Trator Valtra Serie A (115cv),VALTRA,SÉRIE A (115cv),YK5A115HOMS322045,AN 51 XG,NULL,NULL,NULL,NACIONAL,NULL,NULL,NULL,Ligada
FSBF,TB TFA30,NULL,NULL,NULL,TFA30,Trator Valtra Serie A (115cv),VALTRA,SÉRIE A (115cv),YK5A115HOMS320001,AN 35 XG,NULL,NULL,NULL,NACIONAL,NULL,NULL,NULL,Ligada
FSBF,TB TFA31,NULL,NULL,NULL,TFA31,Trator Valtra Serie A (115cv),VALTRA,SÉRIE A (115cv),YK5A115HOMS320016,AN 48 XG,NULL,NULL,NULL,NACIONAL,NULL,NULL,NULL,Ligada
FSBF,TB TFA32,NULL,NULL,NULL,TFA32,Trator Valtra Serie A (115cv),VALTRA,SÉRIE A (115cv),YK5A115HOMS320006,AN 60 XG,NULL,NULL,NULL,NACIONAL,NULL,NULL,NULL,Ligada
FSBF,TB TFA33,NULL,NULL,NULL,TFA33,Trator Valtra Serie A (115cv),VALTRA,SÉRIE A (115cv),YK5A115HOMS322050,AN 59 XG,NULL,NULL,NULL,NACIONAL,NULL,NULL,NULL,Ligada
FSBF,TB TFA34,NULL,NULL,NULL,TFA34,Trator Valtra Serie A (115cv),VALTRA,SÉRIE A (115cv),YK5A115HOMS326018,AN 53 XG,NULL,NULL,NULL,NACIONAL,NULL,NULL,NULL,Ligada
FSBF,TB TFA35,NULL,NULL,NULL,TFA35,Trator Valtra Serie A (115cv),VALTRA,SÉRIE A (115cv),YK5A115HOMS333032,AN 55 XG,NULL,NULL,NULL,NACIONAL,NULL,NULL,NULL,Ligada
FSBF,TB TFA36,NULL,NULL,NULL,TFA36,Trator Valtra Serie A (115cv),VALTRA,SÉRIE A (115cv),YK5A115HOMS326059,AN 56 XG,NULL,NULL,NULL,NACIONAL,NULL,NULL,NULL,Ligada
FSBF,TB TFA37,NULL,NULL,NULL,TFA37,Trator Valtra Serie A (115cv),VALTRA,SÉRIE A (115cv),YK5A115HOMS322043,AN 57 XG,NULL,NULL,NULL,NACIONAL,NULL,NULL,NULL,Ligada
FSBF,TB TFA38,NULL,NULL,NULL,TFA38,Trator Valtra Serie A (115cv),VALTRA,SÉRIE A (115cv),YK5A115HOMS322004,AN 52 XG,NULL,NULL,NULL,NACIONAL,NULL,NULL,NULL,Ligada
FSBF,TB TFA39,NULL,NULL,NULL,TFA39,Trator Valtra Serie A (115cv),VALTRA,SÉRIE A (115cv),YK5A115HOMS322017,AN 47 XG,NULL,NULL,NULL,NACIONAL,NULL,NULL,NULL,Ligada
FSBF,TB TFA40,NULL,NULL,NULL,TFA40,Trator Valtra Serie A (115cv),VALTRA,SÉRIE A (115cv),YK5A115HOMS320026,AN 54 XG,NULL,NULL,NULL,NACIONAL,NULL,NULL,NULL,Ligada
FSBF,TB TFA41,NULL,NULL,NULL,TFA41,Trator Valtra Serie N (135cv),VALTRA,SÉRIE N (135cv),YK5N135HOMS229026,AN 64 XG,NULL,NULL,NULL,NACIONAL,NULL,NULL,NULL,Ligada
FSBF,TB TFA42,NULL,NULL,NULL,TFA42,Trator Valtra Serie N (135cv),VALTRA,SÉRIE N (135cv),YK5N135HOMS243007,AN 70 XG,NULL,NULL,NULL,NACIONAL,NULL,NULL,NULL,Ligada
FSBF,TB TFA43,NULL,NULL,NULL,TFA43,Trator Valtra Serie N (135cv),VALTRA,SÉRIE N (135cv),YK5N135HOMS012049,AN 74 XG,NULL,NULL,NULL,NACIONAL,NULL,NULL,NULL,Ligada
FSBF,TB TFA44,NULL,NULL,NULL,TFA44,Trator Valtra Serie N (135cv),VALTRA,SÉRIE N (135cv),YK5N135HOMS308045,AN 71 XG,NULL,NULL,NULL,NACIONAL,NULL,NULL,NULL,Ligada
FSBF,TB TFA45,NULL,NULL,NULL,TFA45,Trator Valtra Serie N (135cv),VALTRA,SÉRIE N (135cv),YK5N135HOMS315006,AN 72 XG,NULL,NULL,NULL,NACIONAL,NULL,NULL,NULL,Ligada
FSBF,TB TFA46,NULL,NULL,NULL,TFA46,Trator Valtra Serie N (135cv),VALTRA,SÉRIE N (135cv),YK5N135HOMS281036,AN 69 XG,NULL,NULL,NULL,NACIONAL,NULL,NULL,NULL,Ligada
FSBF,TB TFA47,NULL,NULL,NULL,TFA47,Trator Valtra Serie N (135cv),VALTRA,SÉRIE N (135cv),YK5N135HOMS230061,AN 65 XG,NULL,NULL,NULL,NACIONAL,NULL,NULL,NULL,Ligada
FSBF,TB TFA48,NULL,NULL,NULL,TFA48,Trator Valtra Serie N (135cv),VALTRA,SÉRIE N (135cv),YK5N135HOMS183003,AN 62 XG,NULL,NULL,NULL,NACIONAL,NULL,NULL,NULL,Ligada
FSBF,TB TFA49,NULL,NULL,NULL,TFA49,Trator Valtra Serie N (135cv),VALTRA,SÉRIE N (135cv),YK5N135HOMS223010,AN 66 XG,NULL,NULL,NULL,NACIONAL,NULL,NULL,NULL,Ligada
FSBF,TB TFA50,NULL,NULL,NULL,TFA50,Trator Valtra Serie N (135cv),VALTRA,SÉRIE N (135cv),YK5N135HOMS182025,AN 63 XG,NULL,NULL,NULL,NACIONAL,NULL,NULL,NULL,Ligada
FSBF,TB TFA51,NULL,NULL,NULL,TFA51,Trator Valtra Serie N (135cv),VALTRA,SÉRIE N (135cv),YK5N135HOMS225032,AN 67 XG,NULL,NULL,NULL,NACIONAL,NULL,NULL,NULL,Ligada
FSBF,TB TFA52,NULL,NULL,NULL,TFA52,Trator Valtra Serie N (135cv),VALTRA,SÉRIE N (135cv),YK5N135HOMS316024,AN 73 XG,NULL,NULL,NULL,NACIONAL,NULL,NULL,NULL,Ligada
FSBF,TB TFA53,NULL,NULL,NULL,TFA53,Trator Valtra Serie N (135cv),VALTRA,SÉRIE N (135cv),YK5N135HOMS280009,AN 68 XG,NULL,NULL,NULL,NACIONAL,NULL,NULL,NULL,Ligada
FSBF,PM E,NULL,NULL,NULL,E,Porta Máquinas MAN TGS 33.460 6x4,MAN,NULL,NULL,NULL,NULL,NULL,NULL,NACIONAL,NULL,NULL,NULL,Ligada
FSBF,PM VT04,NULL,NULL,NULL,VT04,Porta Máquinas MAN TGS 18.520 4x2,MAN,TGS 18.520 4x2 BL SA,WMA06JZZ5RM935884,BF-07-AP,NULL,NULL,NULL,NACIONAL,NULL,NULL,NULL,Ligada
FSBF,PM VT05,NULL,NULL,NULL,VT05,Porta Máquinas MAN TGS 18.520 4x2,MAN,TGS 18.520 4x2 BL SA,WMA06JZZXRM938747,BF-04-AP,NULL,NULL,NULL,NACIONAL,NULL,NULL,NULL,Ligada
FSBF,PM VT06,NULL,NULL,NULL,VT06,Porta Máquinas MAN TGS 18.520 4x2,MAN,TGS 18.520 4x2 BL SA,WMA06JZZ9RM939257,BF-48-ZC,NULL,NULL,NULL,NACIONAL,NULL,NULL,NULL,Ligada
FSBF,PM VT07,NULL,NULL,NULL,VT07,Porta Máquinas MAN TGS 18.520 4x2,MAN,TGS 18.520 4x2 BL SA,WMA06JZZXRM941065,BG-44-FB,NULL,NULL,NULL,NACIONAL,NULL,NULL,NULL,Ligada
FSBF,PM VT08,NULL,NULL,NULL,VT08,Porta Máquinas MAN TGS 18.520 4x2,MAN,TGS 18.520 4x2 BL SA,WMA06JZZ6RM941080,BG-43-FB,NULL,NULL,NULL,NACIONAL,NULL,NULL,NULL,Ligada
FSBF,PM VT09,NULL,NULL,NULL,VT09,Porta Máquinas MAN TGS 18.520 4x2,MAN,TGS 18.520 4x2 BL SA,WMA06JZZ3RM941098,BF-46-ZC,NULL,NULL,NULL,NACIONAL,NULL,NULL,NULL,Ligada
FSBF,PM VT10,NULL,NULL,NULL,VT10,Porta Máquinas MAN TGS 18.520 4x2,MAN,TGS 18.520 4x2 BL SA,WMA06JZZ7RM941122,BG-45-FB,NULL,NULL,NULL,NACIONAL,NULL,NULL,NULL,Ligada
FSBF,MU VT11,NULL,NULL,NULL,VT11,Multiuso MAN TGS 33.440 6x4,MAN,TGS 33.440 6x4 BB CH,WMA26EZZ5RM939613,BF-82-ZZ,NULL,NULL,NULL,NACIONAL,NULL,NULL,NULL,Ligada
FSBF,MU VT12,NULL,NULL,NULL,VT12,Multiuso MAN TGS 33.440 6x4,MAN,TGS 33.440 6x4 BB CH,WMA26EZZ3RM934393,BF-79-ZZ,NULL,NULL,NULL,NACIONAL,NULL,NULL,NULL,Ligada
FSBF,MU VT13,NULL,NULL,NULL,VT13,Multiuso MAN TGS 33.440 6x4,MAN,TGS 33.440 6x4 BB CH,WMA26EZZ7RM938740,BF-91-ZZ,NULL,NULL,NULL,NACIONAL,NULL,NULL,NULL,Ligada
FSBF,MU VT14,NULL,NULL,NULL,VT14,Multiuso MAN TGS 33.440 6x4,MAN,TGS 33.440 6x4 BB CH,WMA26EZZ1RM940502,BF-85-ZZ,NULL,NULL,NULL,NACIONAL,NULL,NULL,NULL,Ligada
FSBF,MU VT15,NULL,NULL,NULL,VT15,Multiuso MAN TGS 33.440 6x4,MAN,TGS 33.440 6x4 BB CH,WMA26EZZ0RM935520,BF-80-ZZ,NULL,NULL,NULL,NACIONAL,NULL,NULL,NULL,Ligada
